type,uuid,nom,adresse,code_postal,ville,pays,note,annee,latitude,longitude,classification,description,source_description,mots_cles,photo_url,credit_photo,wikipedia_url
restaurant,57848505-8654-5a3c-8c53-ffdcf4dac745,SINAE,"2F, 2-4-12 Fushimimachi, Chuo-ku",541-0044,Osaka,JPN,1,2026,34.689286,135.504679,,,,français; prix élevé,,,
restaurant,9b499c05-4122-5293-b3bf-117d1b16c27f,Différence,"1-16-12 Utsubohommachi, Nishi-ku",550-0004,Osaka,JPN,1,2026,34.684525,135.494209,,,,français; légumes; prix élevé,,,
restaurant,366716d2-e0ac-5458-88e8-ab5a2f8d4ab3,SEN,"379 Shiogamacho, Shimogyo-ku",600-8103,Kyoto,JPN,1,2026,34.996445,135.763986,,,,japonais; sushi; prix très élevé,,,
restaurant,b88ada8b-bd34-5b2d-a90b-51792b7ef637,Sushi Murakami Jiro,"1-5-7 Sonezakishinchi, Kita-ku",530-0002,Osaka,JPN,1,2026,34.697803,135.497285,,,,sushi; omakase; saké; légumes; prix très élevé,,,
restaurant,3361ee3b-b847-5ca1-93cd-e9a11c34af4b,Nakamitsu,"496-2 Sambongi Gochome, Nakagyo-ku",604-0872,Kyoto,JPN,1,2026,35.015149,135.760926,,,,japonais; prix élevé,,,
restaurant,7a610680-26ae-5b6c-9f3c-7a49b38da60c,Sui Oya,"2F, 3-1-2 Temma, Kita-ku",530-0043,Osaka,JPN,1,2026,34.692127,135.515563,,,,japonais; kappo; saké; vins; fruits de mer; prix élevé,,,
restaurant,8f1e41a1-2b05-5ad8-b1dd-8c8efdd840d8,MANOIR,"1-10-6 Hiro, Shibuya-ku",150-0012,Tokyo,JPN,1,2026,35.648521,139.717112,,,,français; vins; fermentation; gibier; fruits; prix élevé,,,
restaurant,75043dd0-05ce-50e6-9def-25c8105f2fbb,ESTERRE by Alain Ducasse,"6F, Palace Hotel Tokyo, 1-1-1 Marunouchi, Chiyoda-ku",100-0005,Tokyo,JPN,1,2026,35.684502,139.76123,,,,français; charbon; légumes; parking; prix élevé,,,
restaurant,3cd3aec3-7adc-532e-ac60-c790e2b7633f,Guchokuni,"3F, 6-21 Kagurazaka, Shinjuku-ku",162-0825,Tokyo,JPN,1,2026,35.703444,139.736846,,,,japonais; prix très élevé,,,
restaurant,971d9bbe-11b7-5762-8a01-2f94ab2689b1,Gokomachi Tagawa,"575 Matsumotocho, Nakagyo-ku",604-0982,Kyoto,JPN,1,2026,35.015008,135.766373,,,,japonais; charbon; wagyu; fruits de mer; prix très élevé,,,
restaurant,25af4ac1-4fa3-5d1b-8b65-ddfb7b51dd2d,Tosara,"2-7-26 Nishitemma, Kita-ku",530-0047,Osaka,JPN,1,2026,34.69597,135.502149,,,,contemporain; italien; prix élevé,,,
restaurant,201aa70b-3b9e-5a5f-9e83-a593ec90b7c2,Kako Okamoto,"470-4 Tokiwacho, Higashiyama-ku",605-0874,Kyoto,JPN,1,2026,34.992366,135.77574,,,,japonais; kaiseki; sushi; saké; vins; fruits de mer; prix élevé,,,
restaurant,8a8c20de-ff19-5ad4-afcc-57288e734d8d,Kokyu,"204 Seiryucho, Kamigyo-ku",602-0822,Kyoto,JPN,1,2026,35.031138,135.769534,,,,japonais; prix très élevé,,,
restaurant,f570cf4f-3d32-524d-9c51-fa9b0562abb8,Sushi Rakumi,"332-6 Miyoshicho, Higashiyama-ku",605-0081,Kyoto,JPN,1,2026,35.006712,135.776041,,,,sushi; comptoir; prix très élevé,,,
restaurant,c20b8a04-ed1f-58c2-a182-550afd39a826,Yama,"6-16-41 Shirokane, Minato-ku",108-0072,Tokyo,JPN,1,2026,35.643773,139.722916,,,,créatif; légumes; fruits; prix très élevé,,,
restaurant,6986dabb-ef4c-55e6-a343-d1707f062da7,Nijojo Furuta,"371 Furushirocho, Nakagyo-ku",604-0045,Kyoto,JPN,1,2026,35.012209,135.753872,,,,japonais; prix élevé,,,
restaurant,42d8ff29-0928-53c8-826d-b2fa8e7b7460,Nishishinsaibashi Yuno,"1-10-35 Nishishinsaibashi, Chuo-ku",542-0086,Osaka,JPN,1,2026,34.674225,135.498633,,,,japonais; omakase; kappo; légumes; prix élevé,,,
restaurant,1ee4b3a3-e74e-5608-a816-c25a2238b622,PRIMO PASSO,"B1F, 1-5-11 Tsukiji, Chuo-ku",104-0045,Tokyo,JPN,1,2026,35.670168,139.771646,,,,italien; prix élevé,,,
restaurant,c61d431e-5e81-548f-9723-22beba3e3104,Sushi Tanaka,"2-7-23 Minamiazabu, Minato-ku",106-0047,Tokyo,JPN,1,2026,35.647205,139.736627,,,,sushi; saké; fruits de mer; prix élevé,,,
restaurant,5ac9a4ec-a20e-5b08-9594-0d248728dec4,Kashiwaya Osaka Kitashinchi,"5F, 1-7-4 Sonezakishinchi, Kita-ku",530-0002,Osaka,JPN,1,2026,34.69685,135.50052,,,,japonais; comptoir; ryotei; prix très élevé,,,
restaurant,0f2021bd-6d9d-5cf0-b74a-4df18a851780,Katamachi Kawaguchi,"1-3-11 Katamachi, Miyakojima-ku",534-0025,Osaka,JPN,1,2026,34.693005,135.526253,,,,japonais; fermentation; prix élevé,,,
restaurant,56f69f74-06c4-5b7a-85d2-44aebb4b91d1,Kyoryori Fujimoto,"72 Shimmeicho, Nakagyo-ku",604-8207,Kyoto,JPN,1,2026,35.010396,135.756636,,,,japonais; légumes; prix élevé,,,
restaurant,abe0616e-239a-50da-b833-e05d1216e81e,hortensia,"2F, 1-5-12 Shintomi, Chuo-ku",104-0041,Tokyo,JPN,1,2026,35.672436,139.772791,,,,français; prix élevé,,,
restaurant,8cbb13f6-75c9-5ad6-a2d7-f731d0edf83a,Waketokuyama,"5-1-5 Minamiazabu, Minato-ku",106-0047,Tokyo,JPN,1,2026,35.655748,139.723292,,,,japonais; fruits de mer; prix élevé,,,
restaurant,72dd4b51-bb47-5a26-8211-ab2808a6f604,YUNiCO,"6F, 1-11-19 Sonezakishinchi, Kita-ku",530-0002,Osaka,JPN,1,2026,34.69794,135.499109,,,,italien; prix élevé,,,
restaurant,9f5a5002-5700-539b-b7f4-669df6fcdd77,Tsujifusa,"155 Mukadeyacho, Nakagyo-ku",604-0805,Kyoto,JPN,1,2026,35.014965,135.763464,,,,japonais; comptoir; prix élevé,,,
restaurant,1025196c-67fd-5a53-a90e-125a3148c43c,Yoshiko,"1-8-5 Sonezakishinchi, Kita-ku",530-0002,Osaka,JPN,1,2026,34.697385,135.500176,,,,fugu; comptoir; ryotei; sushi; prix très élevé,,,
restaurant,75e69540-5c40-5bed-a6d1-7391c9d7609d,Ginza Kitagawa,"3F, 2-10-11 Ginza, Chuo-ku",104-0061,Tokyo,JPN,1,2026,35.672032,139.768331,,,,japonais; comptoir; kappo; tempura; prix très élevé,,,
restaurant,49031bc1-3a03-5f00-a92d-b6e7e4d40737,Nabeno-Ism,"2-1-17 Komagata, Taito-ku",111-0043,Tokyo,JPN,1,2026,35.706847,139.795384,,,,français; prix très élevé,,,
restaurant,f01b6b2e-4667-5857-90e1-a00f3d3c8313,LA TABLE de Joël Robuchon,"Yebisu Garden Place, 1-13-1 Mita, Meguro-ku",153-0062,Tokyo,JPN,1,2026,35.641907,139.714544,,,,français; contemporain; prix élevé,,,
restaurant,8a948c8e-cdbf-5b04-a620-1da448f87162,Yakumo Uezu,"1-3-9 Yakumo, Meguro-ku",152-0023,Tokyo,JPN,1,2026,35.618768,139.67426,,,,japonais; fruits de mer; légumes; prix élevé,,,
restaurant,0a897bc1-01ab-5e8d-b87e-4bf4ffdeac50,Ubuka,"2-14  Arakicho, Shinjuku-ku",160-0007,Tokyo,JPN,1,2026,35.688643,139.722412,,,,crabe; kaiseki; fruits de mer; légumes; prix très élevé,,,
restaurant,ba34b08b-366b-5960-82d9-932f5903d2a3,Yakitori Ichimatsu,"1-5-1 Dojima, Kita-ku",530-0003,Osaka,JPN,1,2026,34.695938,135.49702,,,,yakitori; charbon; feu de bois; fruits; prix élevé,,,
restaurant,222c9729-314d-59b3-9d2f-aa4c12adf421,PRUNIER,"2F, Tokyo Kaikan, 3-2-1 Marunouchi, Chiyoda-ku",100-0005,Tokyo,JPN,1,2026,35.677638,139.761455,,,,français; fruits de mer; parking; prix élevé,,,
restaurant,7295b04d-a380-5f76-97fe-2224b272d405,Uozuya,"8 Mibu Higashihinokicho, Nakagyo-ku",604-8843,Kyoto,JPN,1,2026,34.999842,135.735956,,,,japonais; fruits de mer; prix très élevé,,,
restaurant,06cd48e6-a78a-52de-ad6b-08b18d8bf17a,Gion Fukushi,"570-120 Giommachi Minamigawa, Higashiyama-ku",605-0074,Kyoto,JPN,1,2026,35.002145,135.774388,,,,japonais; comptoir; prix élevé,,,
restaurant,5eb635fd-571c-5cba-8ae3-36664036eead,Kikunoi Sushi Ao,"463-30 Shimokawaracho, Higashiyama-ku",605-0825,Kyoto,JPN,1,2026,34.999895,135.77967,,,,sushi; japonais; kappo; ryotei; saké; prix très élevé,,,
restaurant,695bd945-3ec8-5bf0-bdd2-ea873c06d5d2,Point,"3-12-20 Fukushima, Fukushima-ku",553-0003,Osaka,JPN,1,2026,34.694117,135.48563,,,,français; omakase; prix élevé,,,
restaurant,983363e6-7e51-5bdf-949e-424016bc0b31,Masuda,"2F, 1-3-12 Shinsaibashisuji, Chuo-ku",542-0085,Osaka,JPN,1,2026,34.673799,135.501957,,,,japonais; comptoir; prix élevé,,,
restaurant,b17e46a0-c14e-555f-9381-2399eb234e3d,Saucer,"B1F, 2-7-10 Ebisunishi, Shibuya-ku",150-0021,Tokyo,JPN,1,2026,35.650533,139.707238,,,,français; prix élevé,,,
restaurant,53f3935c-aef2-5b9c-8b6c-5f4d0866573f,JO,"3F, 2-8-6 Azabujuban, Minato-ku",106-0045,Tokyo,JPN,1,2026,35.655587,139.734652,,,,bœuf; charbon; prix très élevé,,,
restaurant,244d996c-3728-54cc-befc-d7a68116c64f,la bûche,"400-3 Ohara Raikoincho, Sakyo-ku",601-1242,Kyoto,JPN,1,2026,35.120006,135.829962,,,,français; comptoir; feu de bois; gibier; légumes; prix élevé,,,
restaurant,e974eabd-d8d7-58bf-88ae-401565795247,Ukitacho Ima,"2-5-27 Ukida, Kita-ku",530-0021,Osaka,JPN,1,2026,34.709741,135.507505,,,,japonais; prix très élevé,,,
restaurant,a2f91517-3944-5ce4-b757-dd7d932d25ff,Nijo Minami,"92-12 Enokicho, Nakagyo-ku",604-0931,Kyoto,JPN,1,2026,35.013142,135.768119,,,,japonais; comptoir; cérémonie du thé; prix élevé,,,
restaurant,aaf8ef40-bf8f-56a9-b401-3ac25da7554b,Kaiseki Morimoto,"1-4-8 Yagicho, Kashihara",634-0078,Nara,JPN,1,2026,34.509299,135.793285,,,,japonais; légumes; maison traditionnelle; parking; prix élevé,,,
restaurant,99582341-d335-5944-94ff-06017dfbfa38,Korean Restaurant Byeoleeya,"38 Mibu Tsujimachi, Nakagyo-ku",604-8822,Kyoto,JPN,1,2026,34.999328,135.742944,,,,coréen; légumes; prix élevé,,,
restaurant,e0857660-8b4a-5e82-9064-7d0eefe43d95,Iroha,"5F, 1-3-19 Sonezakishinchi, Kita-ku",530-0002,Osaka,JPN,1,2026,34.697842,135.495812,,,,japonais; prix élevé,,,
restaurant,4fc7db40-ef3b-5686-8532-67ac9349ece6,La Gloire,"2-17-7 Akasaka, Minato-ku",107-0052,Tokyo,JPN,1,2026,35.671554,139.739,,,,français; vins; prix élevé,,,
restaurant,1fb72a42-cf2f-552e-8a5f-e074543edcd8,Shinchi Yamamoto,"1-1-13 Dojima, Kita-ku",530-0003,Osaka,JPN,1,2026,34.696009,135.499915,,,,japonais; fruits de mer; légumes; prix très élevé,,,
restaurant,59ccae2d-565d-5dc3-a5bb-4dc1d01bd7d0,Piao-Xiang,"5-19-1 Hiro, Shibuya-ku",150-0012,Tokyo,JPN,1,2026,35.649081,139.719531,,,,chinois; vins; prix élevé,,,
restaurant,78177c64-b43e-5322-8665-2019692672e7,Nodaiwa Azabu Iikura Honten,"1-5-4 Higashiazabu, Minato-ku",106-0044,Tokyo,JPN,1,2026,35.6581,139.743352,,,,anguille; prix modéré,,,
restaurant,de1c07b0-5688-5215-b65f-298900feffe8,Sushi Yuki,"5-17-4 Hiro, Shibuya-ku",150-0012,Tokyo,JPN,1,2026,35.649819,139.720394,,,,sushi; comptoir; prix très élevé,,,
restaurant,356167c1-ebe0-50c7-8f1d-d74083d85060,shiro,"2F, 287 Takoyakushicho, Nakagyo-ku",604-0021,Kyoto,JPN,1,2026,35.012542,135.758148,,,,contemporain; italien; fruits de mer; fruits; prix élevé,,,
restaurant,dad40600-1871-532b-acd1-65403a33ebfc,Vena,"46-3 Kagamiyacho, Nakagyo-ku",604-0002,Kyoto,JPN,1,2026,35.015154,135.758097,,,,italien; vins; fruits de mer; prix élevé,,,
restaurant,4f0cf583-b55c-55b7-853c-cd7850a9d097,Tenoshima,"2F, 1-3-21 Minamiaoyama, Minato-ku",107-0062,Tokyo,JPN,1,2026,35.671024,139.725138,,,,japonais; prix élevé,,,
restaurant,4885f81e-1d46-53c5-9262-96bcf341687b,MUBE,"11-1 Omiya Gentakukitamachi, Kita-ku",603-8462,Kyoto,JPN,1,2026,35.052502,135.738416,,,,japonais; fermentation; fruits; parking; prix élevé,,,
restaurant,d89d064b-5b68-5b4a-b4a9-f68f2602715b,La Baie,"5F, The Ritz-Carlton, Osaka, 2-5-25 Umeda, Kita-ku",530-0001,Osaka,JPN,1,2026,34.698462,135.492663,,,,français; parking; prix élevé,,,
restaurant,68695881-c321-50ec-8437-d645f6545d5e,Édition Koji Shimomura,"1F, Roppongi T-Cube, 3-1-1 Roppongi, Minato-ku",106-0032,Tokyo,JPN,1,2026,35.66558,139.738152,,,,français; végétarien; prix très élevé,,,
restaurant,67d42aec-b9bd-5c2f-a63d-73849745905f,Jushu,"2-16-1 Nishiazabu, Minato-ku",106-0031,Tokyo,JPN,1,2026,35.661832,139.720305,,,,japonais; prix élevé,,,
restaurant,d6e3922e-5a2a-5dd4-96a5-f8f349da89f1,P greco,"4-1-20 Nishitemma, Kita-ku",530-0047,Osaka,JPN,1,2026,34.696173,135.505946,,,,italien; fruits de mer; prix élevé,,,
restaurant,dcfb7a11-e466-5e24-a030-6ae09cd6434f,l'élan,"4F, GYRE, 5-10-1 Jingumae, Shibuya-ku",150-0001,Tokyo,JPN,1,2026,35.667538,139.70695,,,,français; prix élevé,,,
restaurant,d900d8f7-e5c5-52ae-afc5-9612c9669552,Shigeyuki,"2-17-3 Nishihara, Shibuya-ku",151-0066,Tokyo,JPN,1,2026,35.673129,139.67875,,,,japonais; prix élevé,,,
restaurant,bed90392-9104-5d48-b68e-a1d506bf1caf,Akasaka Shimabukuro,"3F, 3-21-8 Akasaka, Minato-ku",107-0052,Tokyo,JPN,1,2026,35.676443,139.736196,,,,japonais; prix très élevé,,,
restaurant,39d40a57-0f92-59ea-b33a-3541e301ac40,La Paix,"B1F, 1-9-4 Nihombashimuromachi, Chuo-ku",103-0022,Tokyo,JPN,1,2026,35.685136,139.775586,,,,français; fruits; prix élevé,,,
restaurant,47f743c6-9118-54af-bca7-e0bded5eceb2,Sushi Masashi,"7F, 2-9-9 Kitaaoyama, Minato-ku",107-0061,Tokyo,JPN,1,2026,35.671398,139.716725,,,,sushi; maison traditionnelle; prix très élevé,,,
restaurant,c7929772-cb11-5764-9495-295bb05ceed2,Okina,"11 Sagashakado Daimoncho, Ukyo-ku",616-8422,Kyoto,JPN,1,2026,35.022746,135.6756,,,,japonais; parking; prix élevé,,,
restaurant,8bc7e717-7030-54b4-84a9-995c48a7dba7,FUSHIKINO,"2F, 4-3-11 Kagurazaka, Shinjuku-ku",162-0825,Tokyo,JPN,1,2026,35.701993,139.740033,,,,japonais; saké; prix élevé,,,
restaurant,6e7ec98f-148f-53d5-bc32-210bd72c50b4,Yotsuya Minemura,"2F, 3-21 Arakicho, Shinjuku-ku",160-0007,Tokyo,JPN,1,2026,35.688613,139.722947,,,,japonais; comptoir; kappo; sushi; fruits de mer; prix très élevé,,,
restaurant,11c0e101-ee6f-5929-bf9e-ce735e9d2834,Sushi Kojima,"5F, 7-3-8 Ginza, Chuo-ku",104-0061,Tokyo,JPN,1,2026,35.670147,139.760576,,,,sushi; omakase; saké; fruits de mer; prix très élevé,,,
restaurant,3152b881-ad44-538a-ba40-5e77d1fd20c6,Ryoriya Maekawa,"405 Nambacho, Shimogyo-ku",600-8027,Kyoto,JPN,1,2026,34.998689,135.767871,,,,japonais; prix élevé,,,
restaurant,f5370b2b-3172-50ea-b273-d2d2564c40f5,SÉN,"267 Kawai, Tenkawamura, Yoshino-gun",638-0301,Nara,JPN,1,2026,34.245224,135.856042,,,,créatif; feu de bois; gibier; légumes; parking; prix élevé,,,
restaurant,76a1072a-b113-52db-b245-2d8ad4ea20be,VELROSIER,"2F, Good Nature Station, 318-6 Inaricho, Shimogyo-ku",600-8022,Kyoto,JPN,1,2026,35.002538,135.769152,,,,chinois; vins; parking; prix élevé,,,
restaurant,bf480002-678e-58f6-ba5f-460c46f0463a,Yakitori Takahashi,"2F, 2-10-11 Nihombashi, Chuo-ku",103-0027,Tokyo,JPN,1,2026,35.680982,139.774542,,,,yakitori; charbon; gibier; prix élevé,,,
restaurant,cea03c12-9f65-51b5-a3c9-d1e21e8763cd,ad hoc,"Hotarumachi, 1-1-48 Fukushima, Fukushima-ku",553-0003,Osaka,JPN,1,2026,34.694143,135.489021,,,,français; légumes; prix élevé,,,
restaurant,28709e79-3078-5187-a59e-578a6abdd321,Seisoka,"4-2-34 Minamiazabu, Minato-ku",106-0047,Tokyo,JPN,1,2026,35.64751,139.724008,,,,japonais; végétarien; fruits de mer; légumes; prix très élevé,,,
restaurant,4f36be58-389a-5aa1-be34-0bb793622dd5,Nihombashi Sonoji,"2-22-11 Nihombashiningyocho, Chuo-ku",103-0013,Tokyo,JPN,1,2026,35.6862411,139.7845372,,,,tempura; fruits de mer; légumes; prix très élevé,,,
restaurant,6eda3437-7716-5f7f-b766-6afc6533833e,Droit,"8 Yoshida Izumidonocho, Sakyo-ku",606-8301,Kyoto,JPN,1,2026,35.026198,135.778527,,,,français; vins; prix élevé,,,
restaurant,b007f3ae-4366-5f19-bd1a-54430964eef7,Ajikitcho Horieten,"1-22-6 Kitahorie, Nishi-ku",550-0014,Osaka,JPN,1,2026,34.673655,135.494016,,,,japonais; cérémonie du thé; prix élevé,,,
restaurant,76b33e21-d37c-579e-90f6-4611a2a46238,le sputnik,"7-9-9 Roppongi, Minato-ku",106-0032,Tokyo,JPN,1,2026,35.664392,139.729876,,,,français; fermentation; prix élevé,,,
restaurant,a5f883e0-5761-5966-9a80-d6e584c578eb,Kanamean Nishitomiya,"562 Honeyanocho, Nakagyo-ku",604-6084,Kyoto,JPN,1,2026,35.00663,135.764806,,,,japonais; prix très élevé,,,
restaurant,6a0cbe46-4298-5553-b185-9db26c4961fb,Chi-Fu,"4-4-8 Nishitemma, Kita-ku",530-0047,Osaka,JPN,1,2026,34.697434,135.504716,,,,chinois; vins; légumes; prix élevé,,,
restaurant,ec654dd0-3aff-5988-82a6-11a6dbb3b383,GOKAN UOGIN,"6-4-13 Omiyacho, Nara",630-8115,Nara,JPN,1,2026,34.684906,135.807029,,,,japonais; comptoir; charbon; prix élevé,,,
restaurant,f26d7112-9dac-57d5-9fc5-4cdc8e11e4da,au deco,"2-23-3 Ebisu, Shibuya-ku",150-0013,Tokyo,JPN,1,2026,35.647632,139.720263,,,,français; saké; vins; fruits de mer; prix élevé,,,
restaurant,38633258-2c32-5cc8-8e54-5b65205d63e4,KushinGarando,"4F, 1-5-18 Sonezakishinchi, Kita-ku",530-0002,Osaka,JPN,1,2026,34.698075,135.497097,,,,chinois; prix élevé,,,
restaurant,212aee26-b41e-5ff4-a49d-13f4ea549301,L'ARGENT,"2F, Tokyo Club Bldg, 3-2-6 Kasumigaseki, Chiyoda-ku",100-0013,Tokyo,JPN,1,2026,35.670573,139.746524,,,,français; fermentation; prix élevé,,,
restaurant,3b0a12e8-5be8-58c8-91ca-27e9e2a60a9e,Ippei Hanten,"3-12-41 Motoazabu, Minato-ku",106-0046,Tokyo,JPN,1,2026,35.656391,139.731784,,,,chinois; fermentation; gibier; prix très élevé,,,
restaurant,5f3789cc-9fc9-5d60-a971-4e005684ee37,Ajinokaze Nishimura,"1023-3 Odono, Sakurai",633-0062,Nara,JPN,1,2026,34.518038,135.844418,,,,japonais; parking; prix élevé,,,
restaurant,f3fc93f7-8ed0-5dd0-9875-e9c22667174e,TAKAYAMA,"2F, Good Nature Station, 318-6 Inaricho, Shimogyo-ku",600-8022,Kyoto,JPN,1,2026,35.002526,135.76915,,,,italien; comptoir; parking; prix très élevé,,,
restaurant,7bf57c0b-0241-578f-8396-1b7f03e6d7b8,Azabujuban Fukuda,"3-7-5 Azabujuban, Minato-ku",106-0045,Tokyo,JPN,1,2026,35.653614,139.735082,,,,japonais; fruits de mer; prix très élevé,,,
restaurant,457bd729-e4aa-5c6b-b068-deb29b89d838,DODICI,"239 Kamihakusancho, Nakagyo-ku",604-0943,Kyoto,JPN,1,2026,35.011866,135.765726,,,,italien; légumes; prix élevé,,,
restaurant,f0ce022a-e1fb-5cc2-b886-ace02895ce41,Tempura Ginya,"B1F, 5-17-9 Shirokanedai, Minato-ku",108-0071,Tokyo,JPN,1,2026,35.637444,139.723162,,,,tempura; maison traditionnelle; prix très élevé,,,
restaurant,e739add1-8d7f-5018-9949-99dfb831141b,BEIGE Alain Ducasse,"10F, 3-5-3 Ginza, Chuo-ku",104-0061,Tokyo,JPN,1,2026,35.67308,139.766511,,,,français; légumes; parking; prix élevé,,,
restaurant,6ecb0df3-94e2-57a9-8f1b-bf5539b3c9c4,Kentan Horibe,"273 Tenjinyamacho, Nakagyo-ku",604-8221,Kyoto,JPN,1,2026,35.004999,135.757018,,,,japonais; comptoir; maison traditionnelle; prix élevé,,,
restaurant,d4a2a506-acd3-55ba-85d7-77bbf9d06ef6,Kappo Muroi,"2-16-4 Nishiazabu, Minato-ku",106-0031,Tokyo,JPN,1,2026,35.661741,139.720819,,,,japonais; kappo; ryotei; prix très élevé,,,
restaurant,77b3ccff-110a-5344-bb06-9e9e3bc00ca0,Oryori Yamada,"4F, 4-7-7 Nishitemma, Kita-ku",530-0047,Osaka,JPN,1,2026,34.696644,135.503821,,,,japonais; légumes; prix très élevé,,,
restaurant,c05af146-c891-5469-b609-c3f5c375d597,Mutsukari,"6F, 5-5-19 Ginza, Chuo-ku",104-0061,Tokyo,JPN,1,2026,35.671792,139.763718,,,,japonais; végétarien; légumes; prix élevé,,,
restaurant,f7a010fe-876e-5cbc-8911-a26c032bafec,amarantos,"9F, 5-6-7 Ginza, Chuo-ku",104-0061,Tokyo,JPN,1,2026,35.67096,139.763905,,,,français; contemporain; comptoir; prix très élevé,,,
restaurant,1eda9aed-e077-5c8d-8d6f-188d3fb80e60,La Biographie···,"422-1 Tanakacho, Kamigyo-ku",602-8163,Kyoto,JPN,1,2026,35.020156,135.742944,,,,français; wagyu; légumes; prix très élevé,,,
restaurant,8862d49a-1c62-5be4-9c54-5ef2c27c10b0,Torisaki,"292-1 Takoyakushicho, Nakagyo-ku",604-0021,Kyoto,JPN,1,2026,35.012312,135.758388,,,,yakitori; maison traditionnelle; prix élevé,,,
restaurant,8047d758-6dbe-537b-b317-21d5f4391b70,NéMo,"B1F, 6-15-4 Minamiaoyama, Minato-ku",107-0062,Tokyo,JPN,1,2026,35.659492,139.714261,,,,français; fruits de mer; prix élevé,,,
restaurant,fda7af05-e8d6-5b6e-9990-f58d1d52c5bf,Kaishoku Shimizu,"1F, Shin Daibiru, 1-2-1 Dojimahama, Kita-ku",530-0004,Osaka,JPN,1,2026,34.695621,135.499246,,,,japonais; tempura; fruits de mer; légumes; prix élevé,,,
restaurant,6fc56613-ba48-5f7f-97a2-930888e113e4,anpeiji,"56 Nakajima Hinokamicho, Fushimi-ku",612-8465,Kyoto,JPN,1,2026,34.944128,135.74508,,,,français; fruits; parking; prix élevé,,,
restaurant,3d51a51b-202d-51c0-a3bc-36ddcc7da65d,Tozentei,"31-1 Komatsubara Minamimachi, Kita-ku",603-8342,Kyoto,JPN,1,2026,35.029301,135.729573,,,,japonais; saké; prix élevé,,,
restaurant,409e4aea-d783-55f0-b37a-e59a37a92c17,Higashichaya Nakamura,"1-25-8 Honjohigashi, Kita-ku",531-0074,Osaka,JPN,1,2026,34.712103,135.506831,,,,japonais; comptoir; charbon; fruits de mer; prix très élevé,,,
restaurant,561b37be-ceba-53ae-b198-a2c37cec363b,Naramachi Kuko,"42 Narukawacho, Nara",630-8335,Nara,JPN,1,2026,34.6765865,135.8290168,,,,chinois; légumes; maison traditionnelle; prix élevé,,,
restaurant,6c4fb016-c08d-58c9-8228-b8aff019a1de,Rooots Nakanoshima,"6-1-45 Nakanoshima, Kita-ku",530-0005,Osaka,JPN,1,2026,34.688607,135.486201,,,,contemporain; prix élevé,,,
restaurant,417bdc5a-2490-5fe6-9fd0-ff748ddc7a51,Yonemasu,"1-9-16 Oyodominami, Kita-ku",531-0075,Osaka,JPN,1,2026,34.703019,135.487567,,,,japonais; prix très élevé,,,
restaurant,5326477f-133f-5c1a-9bf1-dafe221e071e,MOKO,"235-2 Tamauecho, Nakagyo-ku",604-0005,Kyoto,JPN,1,2026,35.016851,135.757149,,,,français; légumes; maison traditionnelle; prix élevé,,,
restaurant,51fcf53b-0854-5846-8a42-44a776b9e61a,Ren Mishina,"B1F, 7-3-13 Ginza, Chuo-ku",104-0061,Tokyo,JPN,1,2026,35.670115,139.760066,,,,japonais; comptoir; charbon; prix très élevé,,,
restaurant,2326f41a-f0bf-5b28-99f3-fccd007148db,HANA-Kitcho,"3-2 Yamatocho, Higashiyama-ku",605-0802,Kyoto,JPN,1,2026,35.003395,135.772945,,,,japonais; kaiseki; prix élevé,,,
restaurant,c18270fd-e65d-59b7-a2f2-1b630cf96d95,LATURE,"B1F, 2-2-2 Shibuya, Shibuya-ku",150-0002,Tokyo,JPN,1,2026,35.660762,139.708599,,,,français; gibier; légumes; prix élevé,,,
restaurant,c54aa45f-22b2-52d4-a3f0-d2c4ebad0679,Terada,"2F, 2-35 Tamatsukurimotomachi, Tennoji-ku",543-0014,Osaka,JPN,1,2026,34.674331,135.532779,,,,japonais; légumes; prix élevé,,,
restaurant,0c1d6e50-38b6-544a-8e1a-66c0892a1642,MASHIRO,"2F, 234 Donomaecho, Nakagyo-ku",604-8134,Kyoto,JPN,1,2026,35.007261,135.760822,,,,contemporain; prix très élevé,,,
restaurant,408f40ab-89b1-51db-b87c-327afce991f4,Shokuzen Abe,"4F, 5-6-10 Ginza, Chuo-ku",104-0061,Tokyo,JPN,1,2026,35.670726,139.763671,,,,japonais; charbon; végétarien; légumes; prix élevé,,,
restaurant,54ede51c-cd84-5aaf-a894-164d2b1a613a,Sushi Kawashima,"291-1 Ishikawacho, Kashihara",634-0045,Nara,JPN,1,2026,34.483144,135.798021,,,,sushi; fruits; parking; prix élevé,,,
restaurant,342045f6-0259-53d9-a7e2-c9342eafb7d6,Germoglio,"2F, 172 Higashisakaicho, Shimogyo-ku",600-8217,Kyoto,JPN,1,2026,34.989348,135.758377,,,,italien; prix élevé,,,
restaurant,67a6a58f-00f3-5fee-a798-259f850bbdbe,LURRA˚,"396 Sekisenincho, Higashiyama-ku",605-0021,Kyoto,JPN,1,2026,35.010044,135.780637,,,,créatif; sushi; légumes; prix très élevé,,,
restaurant,d4326850-5330-55e6-8f0d-1d00b54d3bde,Daigo,"2F, Forest Tower, 2-3-1 Atago, Minato-ku",105-0002,Tokyo,JPN,1,2026,35.66344,139.749184,,,,végétarien; légumes; maison traditionnelle; parking; prix élevé,,,
restaurant,cc265890-dfd7-5208-a1ef-2d8d6e23cd22,Konoha,"2-6-22 Minamihommachi, Chuo-ku",541-0054,Osaka,JPN,1,2026,34.682634,135.504198,,,,japonais; tempura; kaiseki; prix élevé,,,
restaurant,b9bb786f-2257-5241-b605-a18355f7631b,TROIS VISAGES,"7-16-21 Ginza, Chuo-ku",104-0061,Tokyo,JPN,1,2026,35.667149,139.765611,,,,français; contemporain; prix élevé,,,
restaurant,e89fb35b-9849-5f4a-86a1-d799abcebaf5,TOKi,"2F, 1-8-4 Shimbashi, Minato-ku",105-0004,Tokyo,JPN,1,2026,35.667188,139.7607,,,,contemporain; espagnol; prix élevé,,,
restaurant,9284c138-769d-5feb-82ae-a25a1f5dccc6,hakunei,"4-9-11 Nishiazabu, Minato-ku",106-0031,Tokyo,JPN,1,2026,35.657009,139.722224,,,,contemporain; prix très élevé,,,
restaurant,8054dc29-f5c7-590a-8297-a93a26974187,Torakuro,"B1F, Imperial Hotel Tokyo Main, 1-1-1 Uchisaiwaicho, Chiyoda-ku",100-8558,Tokyo,JPN,1,2026,35.6723,139.75837,,,,japonais; parking; prix très élevé,,,
restaurant,819efca0-eb43-545e-ad1d-d9a97491be1a,KOGA,"230 Nakaogawacho, Kamigyo-ku",602-0053,Kyoto,JPN,1,2026,35.030161,135.754271,,,,français; légumes; prix élevé,,,
restaurant,7c996eec-d37c-506d-bdeb-9d7664200f3b,Sharikimon Onozawa,"6-39 Arakicho, Shinjuku-ku",160-0007,Tokyo,JPN,1,2026,35.689236,139.722586,,,,japonais; sushi; prix très élevé,,,
restaurant,9d4570ec-94d6-51ff-887a-5dd6d1817be0,Il Ristorante - Niko Romito,"40F, Bvlgari Hotel Tokyo, 2-2-1 Yaesu, Chuo-ku",104-0028,Tokyo,JPN,1,2026,35.67962,139.769211,,,,italien; légumes; prix élevé,,,
restaurant,4eae3950-2253-540f-ade4-3578c92d6d65,KOKE,"287 Takoyakushicho, Nakagyo-ku",604-0021,Kyoto,JPN,1,2026,35.012512,135.7581,,,,créatif; charbon; prix très élevé,,,
restaurant,b34c3876-ef6f-5fc3-9460-25b4f00c9a9a,Zeshin,"B1F, 2-9-3 Nishitemma, Kita-ku",530-0047,Osaka,JPN,1,2026,34.696365,135.502426,,,,japonais; ryotei; prix élevé,,,
restaurant,4168863a-b2a4-5d81-b11e-c1324d3f05a1,Kamigatachuka SHINTANI,"1-4-21 Nakazaki, Kita-ku",530-0016,Osaka,JPN,1,2026,34.706412,135.505988,,,,chinois; végétarien; légumes; prix élevé,,,
restaurant,da8012c2-9dcc-5b45-98af-8d5b02e7d175,Ayanokoji Karatsu,"113-1 Yadacho, Shimogyo-ku",600-8442,Kyoto,JPN,1,2026,35.002416,135.755563,,,,japonais; kappo; prix élevé,,,
restaurant,a328d837-9d68-50c4-b8c6-21149907a77b,Shimmonzen Yonemura,"255 Umemotocho, Higashiyama-ku",605-0064,Kyoto,JPN,1,2026,35.006215,135.776646,,,,créatif; prix élevé,,,
restaurant,486e3984-6711-5ae4-802d-f50c4db74262,Nishino,"1-9-21 Kyomachibori, Nishi-ku",550-0003,Osaka,JPN,1,2026,34.687804,135.495663,,,,japonais; charbon; prix très élevé,,,
restaurant,5e36bad8-06c1-568d-890a-50e63da6318c,Oryori Tsuji,"B1F, 3-3-9 Higashiazabu, Minato-ku",106-0044,Tokyo,JPN,1,2026,35.657034,139.738844,,,,japonais; comptoir; prix très élevé,,,
restaurant,f6ed53de-3383-5d1d-bb3f-aa0abeeaa974,Torisho Ishii,"3-11-4 Nishitemma, Kita-ku",530-0047,Osaka,JPN,1,2026,34.695655,135.50605,,,,yakitori; kaiseki; kappo; prix élevé,,,
restaurant,9beef9b7-d56e-55f6-81f6-7624ec77fbf0,est,"39F, Four Seasons Hotel Tokyo at Otemachi, 1-2-1 Otemachi, Chiyoda-ku",100-0004,Tokyo,JPN,1,2026,35.688162,139.763396,,,,français; contemporain; vue; parking; prix très élevé,,,
restaurant,0dc49c22-000a-5871-89db-1033bc67d9be,Sincère,"B1F, 3-7-13 Sendagaya, Shibuya-ku",151-0051,Tokyo,JPN,1,2026,35.676969,139.704359,,,,français; prix élevé,,,
restaurant,1818de74-ec47-5dd3-912f-aa60232234a1,Koshikiryori Koki,"2-13-6 Nishishimbashi, Minato-ku",105-0003,Tokyo,JPN,1,2026,35.666703,139.751646,,,,chinois; prix élevé,,,
restaurant,35c6b005-0ee4-5668-a9a6-771ea17d387b,BOTTEGA,"B1F, 5-17-8 Hiro, Shibuya-ku",150-0012,Tokyo,JPN,1,2026,35.649428,139.720446,,,,italien; prix élevé,,,
restaurant,b55e7041-81e9-5436-a517-1dbb782db743,Koikiryori Aji Manso,"2F, 2-26 Tsurumai Higashimachi, Nara",631-0021,Nara,JPN,1,2026,34.708834,135.752588,,,,japonais; omakase; table unique; parking; prix élevé,,,
restaurant,c0d1918d-3c7c-58e7-8293-07546183ec1c,Sushi Ryujiro,"2-11-11 Minamiaoyama, Minato-ku",107-0062,Tokyo,JPN,1,2026,35.671287,139.720882,,,,sushi; comptoir; omakase; prix très élevé,,,
restaurant,897d93d8-d044-5c49-9524-26e25ba69cee,Tanimoto,"3F, 3-1 Kagurazaka, Shinjuku-ku",162-0825,Tokyo,JPN,1,2026,35.702223,139.741046,,,,japonais; ryotei; charbon; prix très élevé,,,
restaurant,1d7db2d0-ae51-5b8c-b1c5-bc4efa473fe4,Sushi Ichijo,"3-1-3 Higashinihombashi, Chuo-ku",103-0004,Tokyo,JPN,1,2026,35.690334,139.782711,,,,sushi; prix très élevé,,,
restaurant,a67e68b8-4bec-5835-8dad-738ca7e6fcc3,Manjuji Hakuran,"360 Gokuishicho, Shimogyo-ku",600-8429,Kyoto,JPN,1,2026,34.997629,135.759185,,,,japonais; kappo; prix élevé,,,
restaurant,85cda783-1935-563b-a418-6eaa80249c1f,Noguchi Tsunagu,"371-4 Kiyomotocho, Higashiyama-ku",605-0084,Kyoto,JPN,1,2026,35.005349,135.77446,,,,japonais; omakase; prix élevé,,,
restaurant,8e76cf0e-7d98-513f-b9b1-bbefce09143f,abysse,"1-30-12 Ebisunishi, Shibuya-ku",150-0021,Tokyo,JPN,1,2026,35.648478,139.705688,,,,français; contemporain; fruits de mer; légumes; prix très élevé,,,
restaurant,30aa9aa0-ff92-5b03-bd18-be549554faa3,apothéose,"49F, Toranomon Hills Station Tower, 2-6-2 Toranomon, Minato-ku",105-5549,Tokyo,JPN,1,2026,35.667585,139.746971,,,,français; parking; prix très élevé,,,
restaurant,9e67763c-bdda-5694-8e4a-4800ff0a84a9,Oryori Hirooka,"15 Ganrinincho, Nara",630-8221,Nara,JPN,1,2026,34.68129,135.829859,,,,japonais; charbon; prix élevé,,,
restaurant,bec80707-b424-584e-b11b-98b5e3e48b78,Ajikitcho Bumbuan,"B1F, Osaka Metro Hommachi Bldg, 3-6-4 Hommachi, Chuo-ku",541-0053,Osaka,JPN,1,2026,34.68307,135.501093,,,,japonais; légumes; prix élevé,,,
restaurant,f4ee06c8-b89c-5735-9bd3-626ed844a8aa,Towa,"2F, 4-11-25 Nishiazabu, Minato-ku",106-0031,Tokyo,JPN,1,2026,35.659233,139.722303,,,,japonais; kaiseki; wagyu; prix très élevé,,,
restaurant,aa4df24b-bd37-5d1d-a08f-c350fe7ff8a8,PRESQU'ÎLE,"2F, Yodoyabashi odona, 4-1-1 Imabashi, Chuo-ku",541-0042,Osaka,JPN,1,2026,34.690995,135.500142,,,,français; fruits; prix élevé,,,
restaurant,bb14d80c-672a-5e68-a672-05af51805d24,capi,"6F, 1-10-2 Sonezakishinchi, Kita-ku",530-0002,Osaka,JPN,1,2026,34.697954,135.497901,,,,créatif; fruits de mer; prix très élevé,,,
restaurant,bd3d1253-e1ca-5ac5-ab0c-55992a484b24,Sassa,"5-13-6 Hiro, Shibuya-ku",150-0012,Tokyo,JPN,1,2026,35.64979,139.72114,,,,japonais; kaiseki; sushi; fruits de mer; prix très élevé,,,
restaurant,58ef40a7-63ad-5d83-9c91-6b59f3d99e46,Sushi Hashimoto,"1-8-2 Shintomi, Chuo-ku",104-0041,Tokyo,JPN,1,2026,35.673,139.774495,,,,sushi; comptoir; prix très élevé,,,
restaurant,dcd8847e-8914-5389-851f-5c72e378c191,Tempura Yaguchi,"2-9-7 Nihombashiningyocho, Chuo-ku",103-0013,Tokyo,JPN,1,2026,35.686176,139.784022,,,,tempura; prix très élevé,,,
restaurant,95a27e4d-de85-5a76-8899-418b2e5e9489,Gion Owatari,"570-265 Giommachi Minamigawa, Higashiyama-ku",605-0074,Kyoto,JPN,1,2026,35.001444,135.777074,,,,japonais; comptoir; kappo; fruits de mer; vue; prix très élevé,,,
restaurant,dae6b0d2-7115-5881-bf51-662781a6df1f,Oryori Horikawa,"4-8-17 Temma, Kita-ku",530-0043,Osaka,JPN,1,2026,34.693707,135.514269,,,,japonais; ryotei; prix élevé,,,
restaurant,a3ab7e61-084c-5c9b-b0af-01a6a4d7ce5d,Hyakuyaku by Tokuyamazushi,"9F, 4-4-2 Ginza, Chuo-ku",104-0061,Tokyo,JPN,1,2026,35.672325,139.765314,,,,japonais; kaiseki; fermentation; gibier; prix très élevé,,,
restaurant,7b02c6ff-6125-59f5-b1d6-263f933b30ce,Kyobashi Tempura Fukamachi,"2-5-2 Kyobashi, Chuo-ku",104-0031,Tokyo,JPN,1,2026,35.67649,139.77049,,,,tempura; légumes; prix élevé,,,
restaurant,47aa016d-eff0-59b2-ab65-27e374ff3870,YOKOI,"88 Manjujinakanocho, Shimogyo-ku",600-8405,Kyoto,JPN,1,2026,34.99764,135.76235,,,,japonais; sushi; fruits de mer; légumes; fruits; prix très élevé,,,
restaurant,232cfd9d-cf08-5f0f-8ce1-42be34cd8789,Kappo Hassun,"95 Sueyoshicho, Higashiyama-ku",605-0085,Kyoto,JPN,1,2026,35.004865,135.773774,,,,japonais; prix élevé,,,
restaurant,654f8684-3a56-5373-b0c4-886a51d0a022,FARO,"10F, 8-8-3 Ginza, Chuo-ku",104-0061,Tokyo,JPN,1,2026,35.66852,139.761906,,,,italien; végétarien; prix élevé,,,
restaurant,94ed0d5a-0a7f-57fc-b75e-d7e01c5bf813,CYCLE by Mauro Colagreco,"1F, Otemachi One, 1-2-1 Otemachi, Chiyoda-ku",100-0004,Tokyo,JPN,1,2026,35.68734,139.76205,,,,français; contemporain; fruits; prix très élevé,,,
restaurant,9b31b54f-bc9e-5598-937d-cba870bab87c,Lega',"133 Hachigawa, Katsuragi",639-2163,Nara,JPN,1,2026,34.508241,135.717264,,,,italien; sushi; légumes; prix modéré,,,
restaurant,279e4d08-4353-5028-abca-3247f2857034,Edomae Shinsaku,"6F, 2-10-11 Nihombashiningyocho, Chuo-ku",103-0013,Tokyo,JPN,1,2026,35.685565,139.783986,,,,tempura; prix très élevé,,,
restaurant,56922257-5054-5052-98f6-ddab97b79b9c,Edomae Sushi Hanabusa,"9-1-7 Akasaka, Minato-ku",107-0052,Tokyo,JPN,1,2026,35.668434,139.732693,,,,sushi; prix très élevé,,,
restaurant,c829d543-e83c-5311-b2ce-260680fba6df,Fushimimachi Kakoiyama,"2-4-12 Fushimimachi, Chuo-ku",541-0044,Osaka,JPN,1,2026,34.689294,135.504693,,,,japonais; kaiseki; légumes; cérémonie du thé; maison traditionnelle; prix très élevé,,,
restaurant,fad893ee-26bc-5e11-8295-e74a7a367e34,Miyagawacho Hotta,"6-359-4 Miyagawasuji, Higashiyama-ku",605-0801,Kyoto,JPN,1,2026,34.998419,135.770075,,,,japonais; maison traditionnelle; prix élevé,,,
restaurant,1286a7d1-4362-5079-8a62-40a1b64a4c0c,Kiyama,"136 Kinuyacho, Nakagyo-ku",604-0804,Kyoto,JPN,1,2026,35.01578,135.763078,,,,japonais; prix très élevé,,,
restaurant,85687a82-7b4f-542c-b712-9f0805810e83,Oryori Mashita,"246 Giommachi Kitagawa, Higashiyama-ku",605-0073,Kyoto,JPN,1,2026,35.003944,135.773737,,,,japonais; prix élevé,,,
restaurant,caf55a88-48f5-5924-a5dd-b52caaa8fd71,KHAO,"2-12-7 Kandajimbocho, Chiyoda-ku",101-0051,Tokyo,JPN,1,2026,35.696505,139.756968,,,,thaï; fermentation; fruits de mer; prix élevé,,,
restaurant,63835d07-54c9-538c-9bec-af6c43bef27b,Ten Yokota,"2F, 3-10-5 Motoazabu, Minato-ku",106-0046,Tokyo,JPN,1,2026,35.65684,139.732286,,,,tempura; omakase; fruits de mer; prix élevé,,,
restaurant,50ba59e9-ab61-561f-9c8c-8b0abdb5b428,Ñ,"1-6-3 Azuchimachi, Chuo-ku",541-0052,Osaka,JPN,1,2026,34.684008,135.508376,,,,espagnol; prix élevé,,,
restaurant,0b871297-808d-5c00-b27a-305544e4a951,Nishiazabu Taku,"2-11-5 Nishiazabu, Minato-ku",106-0031,Tokyo,JPN,1,2026,35.661308,139.722356,,,,sushi; omakase; vins; prix très élevé,,,
restaurant,278f3e56-97fb-510b-bcec-f60629e71ecb,Ogawa,"515 Anenishinotoincho, Nakagyo-ku",604-8273,Kyoto,JPN,1,2026,35.008838,135.755203,,,,japonais; kappo; ryotei; légumes; prix très élevé,,,
restaurant,0d917fef-e7b6-53dc-8369-ddd9ad9da564,Restaurant Hiramatsu Kodaiji,"353 Masuyacho, Higashiyama-ku",605-0826,Kyoto,JPN,1,2026,34.998694,135.781565,,,,français; parking; prix élevé,,,
restaurant,1f65ace6-14de-56d8-8bf6-8310d387567e,Miyawaki,"122-1 Shikiamicho, Nakagyo-ku",604-8261,Kyoto,JPN,1,2026,35.010035,135.753714,,,,japonais; charbon; wagyu; fruits; prix très élevé,,,
restaurant,a27fa3e0-52bf-5b93-8499-401b8dd3949b,Nishitemma Ichigaya,"2-10-9 Nishitemma, Kita-ku",530-0047,Osaka,JPN,1,2026,34.696403,135.50196,,,,japonais; fruits de mer; légumes; prix élevé,,,
restaurant,ca26ab3f-14ff-5d0a-b721-1bfe5ceef51a,EWIG,"2F, 4-3-23 Minamiaoyama, Minato-ku",107-0062,Tokyo,JPN,1,2026,35.666105,139.720171,,,,autrichien; prix élevé,,,
restaurant,1cc468ad-bc58-5186-9005-77d570f10517,Mirei,"143-2 Kameyacho, Takeyamachidori Muromachihigashiiru, Nakagyo-ku",604-0865,Kyoto,JPN,1,2026,35.016197,135.75848,,,,japonais; comptoir; légumes; fruits; prix élevé,,,
restaurant,672da3cc-7498-58b3-8da2-f0daf7f74e61,Nogizaka Shin,"8-11-19 Akasaka, Minato-ku",107-0052,Tokyo,JPN,1,2026,35.66844,139.72905,,,,japonais; kappo; saké; vins; fermentation; fruits de mer; fruits; prix très élevé,,,
restaurant,d6e03800-55a6-565e-8b8d-5817adad38e1,Iwaki,"2F, 1-6-29 Sonezakishinchi, Kita-ku",530-0002,Osaka,JPN,1,2026,34.697482,135.499446,,,,japonais; légumes; fruits; prix élevé,,,
restaurant,72ce7b55-414b-50dc-9483-34bff3f796f6,L'AFFINAGE,"2F, 5-9-16 Ginza, Chuo-ku",104-0061,Tokyo,JPN,1,2026,35.670183,139.764948,,,,français; prix élevé,,,
restaurant,2eeeecaa-9934-5e01-9379-6699741c2b7e,ima,"183-4 Fudocho, Nakagyo-ku",604-8215,Kyoto,JPN,1,2026,35.006178,135.756091,,,,français; comptoir; feu de bois; maison traditionnelle; prix élevé,,,
restaurant,bbd8b54f-9875-5e1f-a02f-0c87cf461a57,Alchimiste,"5-17-10 Shirokanedai, Minato-ku",108-0071,Tokyo,JPN,1,2026,35.637544,139.723137,,,,français; contemporain; fruits de mer; légumes; prix élevé,,,
restaurant,a8a31efd-5c55-5638-8847-c44cdb0160a3,Oku,"3-42-11 Asakusa, Taito-ku",111-0032,Tokyo,JPN,1,2026,35.718054,139.79312,,,,sushi; prix élevé,,,
restaurant,41213be6-a79c-5048-9e04-0b418612365b,Ginza Kousui,"8F, 6-12-14 Ginza, Chuo-ku",104-0061,Tokyo,JPN,1,2026,35.669181,139.764532,,,,japonais; prix très élevé,,,
restaurant,95f45448-1c14-50cc-8954-8ccf97d48ca4,Sanosushi,"2-18-9 Shiba, Minato-ku",105-0014,Tokyo,JPN,1,2026,35.65158,139.75071,,,,sushi; prix élevé,,,
restaurant,6d9b54a8-9757-5d48-9588-679e34cf7921,L'ATELIER de Joël Robuchon,"2F, Roppongi Hills Hillside, 6-10-1 Roppongi, Minato-ku",106-0032,Tokyo,JPN,1,2026,35.6604,139.729046,,,,français; contemporain; prix élevé,,,
restaurant,4f3136ee-ba6e-5e66-8c51-05909c57708f,Sumibikappo SHIROSAKA,"6-3-9 Akasaka, Minato-ku",107-0052,Tokyo,JPN,1,2026,35.670722,139.735674,,,,japonais; charbon; wagyu; fruits de mer; prix élevé,,,
restaurant,c8a0a018-5d3f-56fc-8df6-00e6d2fc1a75,Ajinotabibito Roman,"2F, VIV Bldg, 2-13 Tsurumai Higashimachi, Nara",631-0021,Nara,JPN,1,2026,34.708276,135.750369,,,,japonais; légumes; prix élevé,,,
restaurant,ebd76ddb-890f-5f55-982a-10fd50289a5e,Naniwaryori Yu,"1-9-17 Higashitemma, Kita-ku",530-0044,Osaka,JPN,1,2026,34.696409,135.515054,,,,japonais; omakase; prix élevé,,,
restaurant,1373dafd-7e67-511e-ad69-e8b5fbdaf4db,Series,"3-4-11 Azabudai, Minato-ku",106-0041,Tokyo,JPN,1,2026,35.660599,139.738995,,,,chinois; saké; vins; prix élevé,,,
restaurant,22aada1b-433e-53b0-bea1-c54d532ef099,Sushi Miura,"6-19-46 Akasaka, Minato-ku",107-0052,Tokyo,JPN,1,2026,35.667722,139.733563,,,,sushi; comptoir; omakase; prix très élevé,,,
restaurant,f2ed4776-4129-5800-b4f5-55afa2d136e1,ShinoiS,"2F, 4-2-7 Shirokanedai, Minato-ku",108-0071,Tokyo,JPN,1,2026,35.639301,139.728182,,,,chinois; fruits de mer; prix très élevé,,,
restaurant,1d2fde1b-3259-5a92-87a4-a544d048a4dc,Tempura Miyashiro,"2-18-11 Kamimeguro, Meguro-ku",153-0051,Tokyo,JPN,1,2026,35.641547,139.697277,,,,tempura; kaiseki; wagyu; fruits de mer; légumes; prix très élevé,,,
restaurant,663cb805-a09d-591f-9723-c7e140012b72,Ryoriya Inaya,"7F, 1-10-2 Sonezakishinchi, Kita-ku",530-0002,Osaka,JPN,1,2026,34.697954,135.497901,,,,japonais; prix très élevé,,,
restaurant,ec7f11d6-6577-5088-a426-a7df6bf89ba5,Sushi Matsuura,"5-7-8 Shirokane, Minato-ku",108-0072,Tokyo,JPN,1,2026,35.644639,139.727818,,,,sushi; omakase; vins; prix élevé,,,
restaurant,466c2edc-a236-5b28-b7a4-2309d2cbf50e,Gosho Iwasaki,"660 Otsucho, Nakagyo-ku",604-0885,Kyoto,JPN,1,2026,35.016879,135.761643,,,,japonais; ryotei; saké; légumes; prix élevé,,,
restaurant,0829cede-f329-5b6c-a336-b25d56f58eb2,Hiraishi,"3F, 1-9-6 Sonezakishinchi, Kita-ku",530-0002,Osaka,JPN,1,2026,34.697693,135.499257,,,,tempura; vins; prix élevé,,,
restaurant,92b57259-671b-58ac-8866-29ba22bc7108,Ichiju Nisai Ueno Minoten,"2-5 Minokoen, Mino",562-0002,Osaka,JPN,1,2026,34.839017,135.471024,,,,japonais; tempura; prix élevé,,,
restaurant,bdcb659a-3092-5b71-92b5-9e72926c3533,Dominique Bouchet Tokyo,"2F, 1-5-6 Ginza, Chuo-ku",104-0061,Tokyo,JPN,1,2026,35.67479,139.767351,,,,français; prix élevé,,,
restaurant,df772d43-f143-5ed9-8d06-976cac41a096,ZURRIOLA,"4F, Kojun Bldg, 6-8-7 Ginza, Chuo-ku",104-0061,Tokyo,JPN,1,2026,35.670064,139.762822,,,,espagnol; contemporain; charbon; feu de bois; prix très élevé,,,
restaurant,22878f9f-3d1b-5786-bb59-b60b0ca53356,Seiju,"B1F, 3-16-9 Tsukiji, Chuo-ku",104-0045,Tokyo,JPN,1,2026,35.666294,139.771164,,,,tempura; prix très élevé,,,
restaurant,2df3ddb2-04bc-59aa-a3e4-7921985e6162,Sushi Hoshiyama,"1-16 Sugaharacho, Kita-ku",530-0046,Osaka,JPN,1,2026,34.692732,135.510694,,,,sushi; omakase; prix très élevé,,,
restaurant,66cd22b2-1c70-5158-8664-f992bf486c76,Miyasaka,"5-4-30 Minamiaoyama, Minato-ku",107-0062,Tokyo,JPN,1,2026,35.662464,139.714216,,,,japonais; kaiseki; cérémonie du thé; prix très élevé,,,
restaurant,80f9aa8d-8444-5437-8700-387d2544c840,Sushi Sanshin,"2-7-14 Uchikyuhojimachi, Chuo-ku",540-0013,Osaka,JPN,1,2026,34.678144,135.518281,,,,sushi; légumes; prix très élevé,,,
restaurant,1d27538a-4637-5760-a4ca-d6ed710cc28e,Shimbashi Sasada,"1-23-7 Nishishimbashi, Minato-ku",105-0003,Tokyo,JPN,1,2026,35.668147,139.751571,,,,japonais; saké; prix élevé,,,
restaurant,5f71a687-03c8-59be-a42c-c9214bdfe4ab,milpa,"1-16-25 Kitahorie, Nishi-ku",550-0014,Osaka,JPN,1,2026,34.674076,135.495057,,,,mexicain; contemporain; feu de bois; prix très élevé,,,
restaurant,0cbd18f2-04cd-5e50-9a3c-00691b8922b3,Tour D'argent Tokyo,"Lobby floor, Hotel New Otani Tokyo (The Main), 4-1 Kioicho, Chiyoda-ku",102-8578,Tokyo,JPN,1,2026,35.680691,139.734172,,,,français; parking; prix très élevé,,,
restaurant,6d9d74b5-413a-50ab-b47f-75919bea4962,à plus,"1137 Nishikubohommachi, Gose",639-2228,Nara,JPN,1,2026,34.462074,135.736186,,,,français; comptoir; saké; légumes; parking; prix élevé,,,
restaurant,98eb75f4-15ee-5bdc-9cf6-1f3ad9151954,Oniku Karyu,"7F, 1-14-6 Ginza, Chuo-ku",104-0061,Tokyo,JPN,1,2026,35.672997,139.769792,,,,bœuf; kaiseki; kappo; sushi; wagyu; prix très élevé,,,
restaurant,6adbefb1-0abe-504b-9e20-9f9a1587e842,Rakushin,"1-6-27 Fukushima, Fukushima-ku",553-0003,Osaka,JPN,1,2026,34.695461,135.48817,,,,japonais; prix très élevé,,,
restaurant,53b2f3de-1802-5d0f-96f7-0ec02709e872,Higashiyama Ogata,"91-5 Okazaki Enshojicho, Sakyo-ku",606-8344,Kyoto,JPN,1,2026,35.011402,135.784732,,,,japonais; comptoir; charbon; prix très élevé,,,
restaurant,e8369e8e-fe95-54c2-910e-4f9dbe7e3cfe,Gion Okada,"570-6 Giommachi Minamigawa, Higashiyama-ku",605-0074,Kyoto,JPN,1,2026,35.002419,135.77544,,,,japonais; comptoir; prix élevé,,,
restaurant,9f5cc480-7a27-5d1a-abdd-4fb3883943da,LE PONT DE CIEL,"B1F, Nihonseimei Yodoyabashi Bldg, 3-5-29 Kitahama, Chuo-ku",540-0031,Osaka,JPN,1,2026,34.692109,135.50233,,,,français; comptoir; feu de bois; légumes; prix élevé,,,
restaurant,c4fdeb9f-d05d-51fc-b76d-80037298b1f3,atelier HANADA,"2F, Yodoyabashi odona, 4-3-1 Kitahama, Chuo-ku",541-0041,Osaka,JPN,1,2026,34.691074,135.500344,,,,chinois; prix élevé,,,
restaurant,8fb14237-4a1e-5246-a55c-4f020d14bdd8,Sushi Oya,"3F, 3-6 Fukuromachi, Shinjuku-ku",162-0828,Tokyo,JPN,1,2026,35.701486,139.738699,,,,sushi; fruits de mer; prix très élevé,,,
restaurant,be26063d-b03f-580c-a957-a15a51c69fa0,Jizozushi,"2F, 3-18-5 Shirokanedai, Minato-ku",108-0071,Tokyo,JPN,1,2026,35.635353,139.720956,,,,sushi; fermentation; prix très élevé,,,
restaurant,05d8e8ee-8b19-5579-abfd-f3bb4a6771e9,MAKIYAKI GINZA ONODERA,"9F, 5-14-14 Ginza, Chuo-ku",104-0061,Tokyo,JPN,1,2026,35.668557,139.766796,,,,français; feu de bois; prix très élevé,,,
restaurant,47faee7b-d13c-55b9-95c3-7d23ec4b046e,Kenya,"12-3 Kamitakano Shimoaramakicho, Sakyo-ku",606-0093,Kyoto,JPN,1,2026,35.056686,135.791449,,,,japonais; saké; prix très élevé,,,
restaurant,d4828b13-2c2f-5aee-8c60-df8d23d83381,Godan Miyazawa,"557 Oecho, Shimogyo-ku",600-8402,Kyoto,JPN,1,2026,34.997973,135.760946,,,,japonais; légumes; prix élevé,,,
restaurant,ffbb204e-7a4b-51b9-908b-2b7d857481cd,Pierre,"20F, InterContinental Osaka, 3-60 Ofukacho, Kita-ku",530-0011,Osaka,JPN,1,2026,34.70645,135.494552,,,,français; vue; parking; prix élevé,,,
restaurant,51ee8037-141d-53e4-b4fb-7c7791c629ef,Sushi Keita,"6-6-4 Tsukiji, Chuo-ku",104-0045,Tokyo,JPN,1,2026,35.665416,139.773639,,,,sushi; prix élevé,,,
restaurant,b445f97d-df6d-538a-b3c7-bc28e59e297d,Yakitori Torisen,"3F, 1-4-26 Dojima, Kita-ku",530-0003,Osaka,JPN,1,2026,34.696189,135.498063,,,,yakitori; prix élevé,,,
restaurant,f0900c09-3927-5ab4-b696-535701b009a7,Tenjaku,"570 Botambokocho, Kamigyo-ku",602-8475,Kyoto,JPN,1,2026,35.031403,135.741907,,,,tempura; japonais; kaiseki; parking; prix élevé,,,
restaurant,918e4942-077c-5dba-8c59-39a3afe6ee71,itsuka,"2F, 2-14-15 Minamiaoyama, Minato-ku",107-0062,Tokyo,JPN,1,2026,35.670272,139.720168,,,,chinois; prix élevé,,,
restaurant,65a052ab-7d53-5cae-a292-2d84cdaa0042,a canto,"3-1-10 Uchikyuhojimachi, Chuo-ku",540-0013,Osaka,JPN,1,2026,34.678984,135.515695,,,,italien; prix élevé,,,
restaurant,11c79062-9c3e-531f-b930-f78a7eafc47e,La Bécasse,"3-3-9 Hiranomachi, Chuo-ku",541-0046,Osaka,JPN,1,2026,34.68763,135.502257,,,,français; prix élevé,,,
restaurant,a580a939-6615-51ef-999a-7b0f93862216,Oimatsu Kitagawa,"4-12-27 Nishitemma, Kita-ku",530-0047,Osaka,JPN,1,2026,34.6971652,135.5029123,,,,japonais; comptoir; prix très élevé,,,
restaurant,91aa0e33-f7a3-5422-b6b6-b8cfa3b51e51,Sushidokoro Kiraku,"1-12-12 Kyodo, Setagaya-ku",156-0052,Tokyo,JPN,1,2026,35.650521,139.637221,,,,sushi; omakase; prix élevé,,,
restaurant,e677d9fd-f06f-56ca-95ee-f0854ae744a9,Empathie,"4-12-10 Nishitemma, Kita-ku",530-0047,Osaka,JPN,1,2026,34.697114,135.502,,,,français; comptoir; prix élevé,,,
restaurant,22798797-2f00-51b2-ae0b-862ce0fda8d8,Jean-Georges at The Shinmonzen,"1F, The Shinmonzen, 235 Nishinocho, Higashiyama-ku",605-0088,Kyoto,JPN,1,2026,35.006271,135.774667,,,,français; contemporain; vue; prix élevé,,,
restaurant,b5e5f409-6aaf-5ecf-b9f0-c2d7f8aeba2b,Matsuki,"1 Fushigazushicho, Nara",630-8394,Nara,JPN,1,2026,34.679216,135.83323,,,,japonais; légumes; prix élevé,,,
restaurant,e4d8bda4-7b42-5ae3-8318-34c8c7783c13,Gucci Osteria da Massimo Bottura Tokyo,"4F, 6-6-12 Ginza, Chuo-ku",104-0061,Tokyo,JPN,1,2026,35.670459,139.762079,,,,italien; contemporain; prix élevé,,,
restaurant,fe71e809-b648-592a-9716-60433a9e8e74,Enyuan Kobayashi,"125-2 Tominagacho, Higashiyama-ku",605-0078,Kyoto,JPN,1,2026,35.00434,135.774754,,,,tempura; japonais; légumes; prix très élevé,,,
restaurant,4aa17e6f-6a4e-5d31-bf31-7a99400c0e22,Hachi,"8-1-8 Uehommachi, Tennoji-ku",543-0001,Osaka,JPN,1,2026,34.660859,135.518976,,,,japonais; charbon; fruits de mer; prix très élevé,,,
restaurant,819c35b2-f140-5f71-969e-0cab0067aed7,Sushi Kappo Nakaichi,"570-196 Giommachi Minamigawa, Higashiyama-ku",605-0074,Kyoto,JPN,1,2026,35.002323,135.776468,,,,japonais; sushi; omakase; kappo; prix élevé,,,
restaurant,1f7fee7d-8373-5277-9309-6813ca232f6a,Sorahana,"5-3-3 Toranomon, Minato-ku",105-0001,Tokyo,JPN,1,2026,35.662679,139.744266,,,,japonais; prix élevé,,,
restaurant,651f9cd2-7e96-557b-84e4-c9a92ec2bf5e,Okada,"26-2 Imamikadocho, Nara",630-8374,Nara,JPN,1,2026,34.680423,135.830455,,,,japonais; prix élevé,,,
restaurant,c707fd1e-0ab6-5f91-8620-58f412ec619c,Sokkon Fujimoto,"580-1 Matsumotocho, Nakagyo-ku",604-0982,Kyoto,JPN,1,2026,35.015307,135.766751,,,,japonais; cérémonie du thé; prix très élevé,,,
restaurant,3bfda6b8-769e-5a4e-bd5e-f3e54a54fb96,Takumi Tatsuhiro,"1-11-7 Shinjuku, Shinjuku-ku",160-0022,Tokyo,JPN,1,2026,35.688768,139.713111,,,,sushi; comptoir; prix très élevé,,,
restaurant,feb4dffe-0237-55c3-a91c-7e6391d76ce3,Kyoboshi,"347-92 Giommachi Kitagawa, Higashiyama-ku",605-0073,Kyoto,JPN,1,2026,35.005139,135.775649,,,,tempura; fruits de mer; légumes; prix élevé,,,
restaurant,cb7a5295-da40-5546-95b2-67c55752f1c3,Alarde,"1-14-4 Awaza, Nishi-ku",550-0011,Osaka,JPN,1,2026,34.680779,135.494028,,,,espagnol; charbon; feu de bois; wagyu; prix élevé,,,
restaurant,85934d09-b955-5e3b-95d2-cb251234b154,Kinobu,"416 Iwatoyamacho, Shimogyo-ku",600-8445,Kyoto,JPN,1,2026,35.000953,135.756597,,,,japonais; kaiseki; ryotei; vins; prix élevé,,,
restaurant,c61bd0fd-88e7-5c98-a9ab-a30b9404146b,Numata Sou,"3F, 4-7-7 Nishitemma, Kita-ku",530-0047,Osaka,JPN,1,2026,34.696668,135.503786,,,,tempura; prix élevé,,,
restaurant,99ba84ec-df8f-5bbd-985c-32884ddedb88,Ono,"6F, 1-2-22 Sonezakishinchi, Kita-ku",530-0002,Osaka,JPN,1,2026,34.69739,135.497797,,,,japonais; omakase; wagyu; fruits de mer; prix très élevé,,,
restaurant,a9bd2935-955d-5eb5-8cd3-db8b49aecff1,Muromachi Wakuden,"679 Marukizaimokucho, Nakagyo-ku",604-8106,Kyoto,JPN,1,2026,35.010146,135.763257,,,,japonais; charbon; prix élevé,,,
restaurant,5648e2d1-178d-5513-888a-58fee7c849c8,Mizuno,"245-2 Nakanocho, Higashiyama-ku",605-0082,Kyoto,JPN,1,2026,35.006275,135.775651,,,,japonais; prix élevé,,,
restaurant,488108b8-6542-54a6-a40b-a8110578765f,Sushi Matsumoto,"570-123 Giommachi Minamigawa, Higashiyama-ku",605-0074,Kyoto,JPN,1,2026,35.003377,135.774437,,,,sushi; prix élevé,,,
restaurant,be97336c-4525-5bd1-9609-82b3470845c7,Hiroo Ishizaka,"2F, 5-19-1 Hiro, Shibuya-ku",150-0012,Tokyo,JPN,1,2026,35.649081,139.719531,,,,sushi; omakase; végétarien; prix élevé,,,
restaurant,ab4f2bf0-526b-568e-b9b9-14121a86827e,Kyo Seika,"2F, 36-3 Okazaki Enshojicho, Sakyo-ku",606-8344,Kyoto,JPN,1,2026,35.011709,135.780681,,,,chinois; comptoir; prix élevé,,,
restaurant,c0a79eef-45aa-5b6c-86f4-f015c313589c,TEN-MASA,"B1F, 3-16-13 Kamimeguro, Meguro-ku",153-0051,Tokyo,JPN,1,2026,35.645878,139.695539,,,,japonais; tempura; kaiseki; prix élevé,,,
restaurant,4afc237b-6e2c-5e02-b092-0d543bca0edb,Sushidokoro Amano,"1-13-2 Shitennoji, Tennoji-ku",543-0051,Osaka,JPN,1,2026,34.65535,135.514127,,,,sushi; kappo; prix très élevé,,,
restaurant,fe484433-e4ec-56dd-9e78-078c876d3cfe,Tempura Maehira,"4F, 2-8-16 Azabujuban, Minato-ku",106-0045,Tokyo,JPN,1,2026,35.655644,139.733863,,,,tempura; légumes; prix élevé,,,
restaurant,99758ee8-8f0a-5518-9ed0-b6765be0847d,Wagokoro Izumi,"634-3 Nioitenjincho, Shimogyo-ku",600-8414,Kyoto,JPN,1,2026,35.000922,135.76047,,,,japonais; saké; prix élevé,,,
restaurant,babe061a-c838-59f1-a8a4-88817825dd6a,mærge,"3-8-14 Minamiaoyama, Minato-ku",107-0062,Tokyo,JPN,1,2026,35.666905,139.715593,,,,français; prix très élevé,,,
restaurant,b592050e-1f2b-5b16-93c6-045a7981f029,Higashiyama Tsukasa,"2F, 127 Nishimachi, Higashiyama-ku",605-0037,Kyoto,JPN,1,2026,35.009382,135.781836,,,,japonais; prix très élevé,,,
restaurant,ac78599b-b577-5ed6-885f-cba59d60e13b,agnel d'or,"2-4-4 Nishihommachi, Nishi-ku",550-0005,Osaka,JPN,1,2026,34.682548,135.490981,,,,français; fermentation; légumes; prix élevé,,,
restaurant,bc01eb4e-7938-5d43-b405-36c8c0b5f8b3,Héritage by Kei Kobayashi,"45F, The Ritz-Carlton, Tokyo, 9-7-1 Akasaka, Minato-ku",107-6245,Tokyo,JPN,1,2026,35.665937,139.731182,,,,français; parking; prix élevé,,,
restaurant,db2a2b00-b1d2-5efc-83f1-2cc984a07dd8,Matsuzushi Tanigawa,"3-13-6 Ojicho, Abeno-ku",545-0023,Osaka,JPN,1,2026,34.627716,135.510036,,,,sushi; prix élevé,,,
restaurant,980716d0-314b-5d60-babb-67a3d6e25f75,Mētis Roppongi,"5-18-22 Roppongi, Minato-ku",106-0032,Tokyo,JPN,1,2026,35.661115,139.736965,,,,français; comptoir; feu de bois; prix élevé,,,
restaurant,cd47ab7b-fa6d-5ef3-a600-f2618378e4a0,MONOLITH,"2-6-1 Shibuya, Shibuya-ku",150-0002,Tokyo,JPN,1,2026,35.660049,139.708365,,,,français; vins; prix élevé,,,
restaurant,2caa149d-94bb-5b05-a5cd-51c3926c8d84,VILLA COMMUNICO,"486-5 Zoshicho, Nara",630-8211,Nara,JPN,1,2026,34.686082,135.845773,,,,créatif; feu de bois; prix très élevé,,,
restaurant,8bf1e677-19e8-543b-a122-9449fad8ec6e,Higashiyama Muku,"1-15-5 Higashiyama, Meguro-ku",153-0043,Tokyo,JPN,1,2026,35.64732,139.693148,,,,japonais; fruits de mer; prix élevé,,,
restaurant,d00cae40-bdc0-56b5-a94b-2388d8ac7711,Da terra,"884 Kawahara, Asukamura, Takaichi-gun",634-0141,Nara,JPN,1,2026,34.472669,135.816499,,,,italien; parking; prix élevé,,,
restaurant,b7053426-6f3a-5ec2-aca3-f2cbd7389568,Hoshino,"3-1 Fukuchiincho, Nara",630-8381,Nara,JPN,1,2026,34.677207,135.834694,,,,japonais; wagyu; prix élevé,,,
restaurant,c9aaca21-b229-540e-bda3-dad3f8037425,IDÉAL bistro,"2F, 1-6-5 Tanimachi, Chuo-ku",540-0012,Osaka,JPN,1,2026,34.688864,135.517088,,,,français; légumes; prix élevé,,,
restaurant,9f0653a6-ae0f-540a-8564-92032c9e2ab7,LA TRACE,"2-1-5 Omiyacho, Nara",630-8115,Nara,JPN,1,2026,34.68209,135.817159,,,,français; légumes; prix élevé,,,
restaurant,d84c404b-f078-54db-b831-0a45c5d7367e,Gion Kida,"570-192 Giommachi Minamigawa, Higashiyama-ku",605-0074,Kyoto,JPN,1,2026,35.002502,135.776138,,,,japonais; vue; prix très élevé,,,
restaurant,cfca8743-f473-50e2-af8b-9a477c072109,nôl,"1F, DDD HOTEL, 2-2-1 Nihombashibakurocho, Chuo-ku",103-0002,Tokyo,JPN,1,2026,35.695272,139.78362,,,,contemporain; légumes; prix élevé,,,
restaurant,e246b27d-4662-530b-90fd-d86a8a99c2a3,Sushi Shigenaga,"3F, 1-6-13 Sonezakishinchi, Kita-ku",530-0002,Osaka,JPN,1,2026,34.697446,135.498095,,,,sushi; saké; prix élevé,,,
restaurant,112bbb61-9024-5d6c-8254-440804e04fa4,CRAFTALE,"2F, 1-16-11 Aobadai, Meguro-ku",153-0042,Tokyo,JPN,1,2026,35.647362,139.696486,,,,français; prix élevé,,,
restaurant,89020506-7935-5cb1-9011-d8113977dd59,Wa Yamamura,"2-11-15 Shibatsujicho, Nara",630-8114,Nara,JPN,1,2026,34.685875,135.812879,,,,japonais; kaiseki; ryotei; parking; prix élevé,,,
restaurant,603e73ca-6703-5f4a-a467-84e6abf11a25,L'ÉTERRE,"2F, 3-6-53 Kagurazaka, Shinjuku-ku",162-0825,Tokyo,JPN,1,2026,35.700406,139.739624,,,,français; contemporain; charbon; feu de bois; fruits de mer; légumes; prix très élevé,,,
restaurant,a176ce04-66bc-5204-a68b-2caffd65ad3f,Les Saisons,"MF, Main Bldg, Imperial Hotel Tokyo, 1-1-1 Uchisaiwaicho, Chiyoda-ku",100-8558,Tokyo,JPN,1,2026,35.672455,139.758435,,,,français; salon privé; parking; prix très élevé,,,
restaurant,b6d661cc-59d8-56b3-9eba-d970101abc16,cenci,"44-7 Shogoin Entomicho, Sakyo-ku",606-8323,Kyoto,JPN,1,2026,35.017056,135.78024,,,,italien; saké; fermentation; légumes; fruits; prix élevé,,,
restaurant,3e7bc963-aea0-52ff-ac5b-7334aefe1c2e,Nishiazabu Sushi Shin,"4-18-20 Nishiazabu, Minato-ku",106-0031,Tokyo,JPN,2,2026,35.658327,139.718789,,,,sushi; prix très élevé,,,
restaurant,cdfc7f39-6b67-5937-a0a4-3f12e2959c97,Kikunoi Roan,"118 Saitocho, Shimogyo-ku",600-8012,Kyoto,JPN,2,2026,35.003449,135.770647,,,,japonais; comptoir; kappo; ryotei; prix élevé,,,
restaurant,63a63f69-0e0d-5182-baa3-3303bc185752,Fujiya 1935,"2-4-14 Yariyamachi, Chuo-ku",540-0027,Osaka,JPN,2,2026,34.683037,135.511871,,,,créatif; prix très élevé,,,
restaurant,35d638c1-b943-59ed-a6a7-d0e27405933c,Hakuun,"4-11-2 Minamiaoyama, Minato-ku",107-0062,Tokyo,JPN,2,2026,35.666061,139.718115,,,,japonais; gibier; prix très élevé,,,
restaurant,c8edf9be-60d8-5440-9864-becb59d029bc,Doppo,"1-1 Izumoji Matsunoshitacho, Kita-ku",603-8133,Kyoto,JPN,2,2026,35.042915,135.762222,,,,japonais; saké; fermentation; maison traditionnelle; prix très élevé,,,
restaurant,b701567e-a6c8-55be-9503-232eed76f14f,Florilège,"2F,  Azabudai Hills Garden Plaza D, 5-10-7 Toranomon, Minato-ku",105-0001,Tokyo,JPN,2,2026,35.661598,139.743562,,,,français; végétarien; légumes; prix élevé,,,
restaurant,6893eda1-a994-531a-8ff1-503556a3ca63,Teruya,"2-1-24 Ueshio, Chuo-ku",542-0064,Osaka,JPN,2,2026,34.66929,135.517727,,,,japonais; prix très élevé,,,
restaurant,3ffc38ae-c29d-5257-b3c4-06dd35141a6f,Ginza Fukuju,"5F, 8-8-19 Ginza, Chuo-ku",104-0061,Tokyo,JPN,2,2026,35.668529,139.761573,,,,japonais; fruits de mer; prix très élevé,,,
restaurant,d48385f8-6454-5e66-b5a0-1fb6f8528acd,ASAHINA Gastronome,"1-4 Nihombashikabutocho, Chuo-ku",103-0026,Tokyo,JPN,2,2026,35.68274,139.779323,,,,français; prix très élevé,,,
restaurant,93da804d-c18d-55aa-b48f-ff5208ae1a2f,Ginza Kojyu,"4F, 5-4-8 Ginza, Chuo-ku",104-0061,Tokyo,JPN,2,2026,35.671381,139.763089,,,,japonais; comptoir; prix très élevé,,,
restaurant,b00a3c60-7907-59db-84a5-b594c23f2764,Ginza Shinohara,"B1F, 2-8-17 Ginza, Chuo-ku",104-0061,Tokyo,JPN,2,2026,35.673039,139.767805,,,,japonais; prix très élevé,,,
restaurant,9be0ea5f-00ec-5fd7-bf8c-9a4c57b99099,Ensui,"1-5-12 Nakameguro, Meguro-ku",153-0061,Tokyo,JPN,2,2026,35.644301,139.702444,,,,japonais; charbon; prix très élevé,,,
restaurant,ee870b67-e9d1-58ff-a893-33d2c85f0109,Oryori Hanagaki,"2-13-2 Gakuen Minami, Nara",631-0034,Nara,JPN,2,2026,34.692643,135.753435,,,,japonais; table unique; prix très élevé,,,
restaurant,7200be54-e841-5611-8c1d-74f7654619d7,Ryō-shō,"570-166 Giommachi Minamigawa, Higashiyama-ku",605-0074,Kyoto,JPN,2,2026,35.00237,135.775871,,,,japonais; maison traditionnelle; prix très élevé,,,
restaurant,35bdf25d-f874-5e27-9be9-eaecc5b59513,Tsukumo,"968 Kideracho, Nara",630-8306,Nara,JPN,2,2026,34.675974,135.834095,,,,japonais; végétarien; prix très élevé,,,
restaurant,084a4374-3099-5e8a-9761-17f7f052b5af,PRISMA,"6-4-6 Minamiaoyama, Minato-ku",107-0062,Tokyo,JPN,2,2026,35.661579,139.716582,,,,italien; prix très élevé,,,
restaurant,648f0650-f184-5197-9609-5d77dc289c27,Ogata,"726 Shinkamanzacho, Shimogyo-ku",600-8471,Kyoto,JPN,2,2026,35.003191,135.755967,,,,japonais; prix très élevé,,,
restaurant,3fe4b932-cad4-5d37-ae42-bf72309cf3c5,Higashiyama Yoshihisa,"422 Myohoimmaekawacho, Higashiyama-ku",605-0932,Kyoto,JPN,2,2026,34.992065,135.773901,,,,japonais; prix très élevé,,,
restaurant,83ec7395-01ea-51d2-ab8d-251e770e8fe3,Den,"2-3-18 Jingumae, Shibuya-ku",150-0001,Tokyo,JPN,2,2026,35.67321,139.712697,,,,japonais; omakase; légumes; fruits; prix élevé,,,
restaurant,df714c6d-6498-514b-bea6-55a3064d5b36,Yugen,"14-14 Ishigatsujicho, Tennoji-ku",543-0031,Osaka,JPN,2,2026,34.664773,135.521663,,,,japonais; ryotei; fruits de mer; prix très élevé,,,
restaurant,0346ba97-d82b-556f-bf42-c57dbcca7c30,Jingumae Higuchi,"2-19-12 Jingumae, Shibuya-ku",150-0001,Tokyo,JPN,2,2026,35.673471,139.710124,,,,japonais; sushi; prix très élevé,,,
restaurant,ddcbdd71-cf0f-5b81-b703-9442f56d580d,La Cime,"3-2-15 Kawaramachi, Chuo-ku",541-0048,Osaka,JPN,2,2026,34.685818,135.503519,,,,français; contemporain; prix très élevé,,,
restaurant,cb38acd8-299a-5b4d-9caf-508233e999f0,KAHALA,"2F, 1-9-2 Sonezakishinchi, Kita-ku",530-0002,Osaka,JPN,2,2026,34.697522,135.499685,,,,créatif; vins; prix très élevé,,,
restaurant,60adbf24-deaf-57c8-8a46-457a90cf6b41,NARISAWA,"2-6-15 Minamiaoyama, Minato-ku",107-0062,Tokyo,JPN,2,2026,35.671585,139.722147,,,,créatif; prix très élevé,,,
restaurant,ac9fd081-4183-5e52-92c0-e3a654d1bdab,Kohaku,"3-5-5 Kagurazaka, Shinjuku-ku",162-0825,Tokyo,JPN,2,2026,35.700825,139.740832,,,,japonais; comptoir; prix très élevé,,,
restaurant,53ac4aba-401e-565b-866d-e0d7c1ca25aa,Yusokuryori Mankamero,"387 Ebisucho, Kamigyo-ku",602-8118,Kyoto,JPN,2,2026,35.022114,135.750507,,,,japonais; kaiseki; ryotei; saké; prix très élevé,,,
restaurant,d2992bd2-48da-5bec-9cc1-4f1e5aa516e0,Tokuha Motonari,"287-5 Shingoryoguchicho, Kamigyo-ku",602-0897,Kyoto,JPN,2,2026,35.036465,135.762995,,,,japonais; charbon; prix très élevé,,,
restaurant,f3ff4a90-04dc-5d20-9202-77f9de093146,Gion Matayoshi,"570-123 Giommachi Minamigawa, Higashiyama-ku",605-0074,Kyoto,JPN,2,2026,35.003349,135.774545,,,,japonais; comptoir; cérémonie du thé; prix très élevé,,,
restaurant,4eec922b-27a6-5788-8d97-e578a1d3185d,Gion Nishikawa,"473 Shimokawaracho, Higashiyama-ku",605-0825,Kyoto,JPN,2,2026,34.999797,135.778857,,,,japonais; maison traditionnelle; prix très élevé,,,
restaurant,e10d49f2-09b0-5ad2-8a59-88b87bfe9b29,Kyokaiseki Kichisen,"5 Shimogamo Morimotocho, Sakyo-ku",606-0805,Kyoto,JPN,2,2026,35.035717,135.771236,,,,japonais; kaiseki; ryotei; prix très élevé,,,
restaurant,ac675f5f-bc12-53c8-ad30-ee33c919b96f,Oimatsu Hisano,"4-8-3 Nishitemma, Kita-ku",530-0047,Osaka,JPN,2,2026,34.697005,135.504137,,,,japonais; kaiseki; prix très élevé,,,
restaurant,75537e8d-293b-510e-97b9-e36c42578730,Kenninji Gion Maruyama,"566-16 Komatsucho, Higashiyama-ku",605-0811,Kyoto,JPN,2,2026,34.998809,135.774574,,,,japonais; cérémonie du thé; prix très élevé,,,
restaurant,bc9b8608-ca37-5185-a8e8-2220e7229af3,Numata,"7F, 1-10-2 Sonezakishinchi, Kita-ku",530-0002,Osaka,JPN,2,2026,34.697954,135.497901,,,,tempura; sushi; fruits de mer; légumes; prix très élevé,,,
restaurant,a1a2e0f7-f67b-557b-91ee-cbbdd7bf5c0b,NARA NIKON,"3 Nabeyacho, Nara",630-8264,Nara,JPN,2,2026,34.686899,135.829383,,,,japonais; prix élevé,,,
restaurant,3fb5e5b5-955d-5950-a00b-e83999cb75dd,Sushi Harasho,"3-30 Uenomiyacho, Tennoji-ku",543-0037,Osaka,JPN,2,2026,34.662195,135.51986,,,,sushi; maison traditionnelle; prix élevé,,,
restaurant,fea57a5f-d03c-59ea-9859-d43e993e684b,akordu,"70-1-3-1 Suimoncho, Nara",630-8208,Nara,JPN,2,2026,34.68575,135.835467,,,,créatif; parking; prix élevé,,,
restaurant,6176ba96-e3ce-54d7-be41-9fa5d3567a79,Muromachi Yui,"459 Kimbukicho, Nakagyo-ku",604-0846,Kyoto,JPN,2,2026,35.012233,135.758455,,,,japonais; omakase; prix très élevé,,,
restaurant,651da864-e7c6-5fbe-b2a8-f73f45ab5f10,Sojiki Nakahigashi,"32-3 Jodoji Ishibashicho, Sakyo-ku",606-8406,Kyoto,JPN,2,2026,35.027601,135.792708,,,,japonais; prix élevé,,,
restaurant,3635e37b-6ff5-52da-ac84-e13f154cbfaf,Shunsaiten Tsuchiya,"41-4 Toyotsucho, Suita",564-0051,Osaka,JPN,2,2026,34.760534,135.490966,,,,tempura; japonais; parking; prix élevé,,,
restaurant,ab89ee74-092f-5bef-a3ee-9d3cc9c8433b,Otagi,"18 Takagamine Tsuchitenjocho, Kita-ku",603-8465,Kyoto,JPN,2,2026,35.050744,135.73416,,,,japonais; légumes; parking; prix très élevé,,,
restaurant,59ee458b-6c95-558f-9729-fe12f5a4089a,Kioicho Fukudaya,"1-13 Kioicho, Chiyoda-ku",102-0094,Tokyo,JPN,2,2026,35.680327,139.735892,,,,japonais; ryotei; prix très élevé,,,
restaurant,54deefb7-0fc8-5c13-aec3-9c5b54af3483,Kodaiji Wakuden,"512 Washiocho, Higashiyama-ku",605-0072,Kyoto,JPN,2,2026,35.001635,135.779734,,,,japonais; ryotei; fruits de mer; prix très élevé,,,
restaurant,507a0f05-84e0-5690-a20b-2538d764920c,Crony,"1-20-3 Higashiazabu, Minato-ku",106-0044,Tokyo,JPN,2,2026,35.655769,139.743334,,,,français; contemporain; prix très élevé,,,
restaurant,06ee0164-af83-5113-9908-de765d11031a,MAZ,"3F, Tokyo Garden Terrace Kioicho, 1-3 Kioicho, Chiyoda-ku",102-0094,Tokyo,JPN,2,2026,35.679726,139.737003,,,,créatif; prix très élevé,,,
restaurant,9158826e-5100-5201-adb4-6d73c3838d39,HOMMAGE,"4-10-5 Asakusa, Taito-ku",111-0032,Tokyo,JPN,2,2026,35.718485,139.79699,,,,français; contemporain; prix très élevé,,,
restaurant,782beae2-9a79-563a-8739-0347590a7362,Tenjimbashi Aoki,"7-12-14 Tenjimbashi, Kita-ku",531-0041,Osaka,JPN,2,2026,34.71394,135.511084,,,,japonais; maison traditionnelle; prix très élevé,,,
restaurant,8fc6e96b-4abb-500b-a7eb-4dff3ddf402e,Kutan,"2-5-5 Shintomi, Chuo-ku",104-0041,Tokyo,JPN,2,2026,35.671572,139.774073,,,,japonais; prix très élevé,,,
restaurant,738a96ee-f7dd-50ae-961a-6bfeb947676f,Tempura Motoyoshi,"3F, 2-8-11 Ebisunishi, Shibuya-ku",150-0021,Tokyo,JPN,2,2026,35.649532,139.707611,,,,tempura; fruits de mer; prix très élevé,,,
restaurant,f8d7a93a-709b-53cd-9462-9052c67288f3,Koryu,"3-3-3 Uchiawajimachi, Chuo-ku",540-0038,Osaka,JPN,2,2026,34.686929,135.510132,,,,japonais; légumes; maison traditionnelle; prix très élevé,,,
restaurant,51eb365e-43bf-58f5-9083-0f10804a404e,Sukiyabashi Jiro Roppongiten,"3F, Roppongi Hills Residence B, 6-12-2 Roppongi, Minato-ku",106-0032,Tokyo,JPN,2,2026,35.658713,139.729049,,,,sushi; fruits de mer; prix très élevé,,,
restaurant,f573d7c9-9041-5eb2-9456-01d490009eef,Akasaka Kikunoi,"6-13-8 Akasaka, Minato-ku",107-0052,Tokyo,JPN,2,2026,35.669635,139.734126,,,,japonais; comptoir; kappo; ryotei; prix élevé,,,
restaurant,4eec9bf2-92a4-528c-8918-322640bf5f99,Sushi Kanesaka,"B1F, 8-10-3 Ginza, Chuo-ku",104-0061,Tokyo,JPN,2,2026,35.667938,139.762691,,,,sushi; prix très élevé,,,
restaurant,d2dba638-11dd-51e0-bb5a-5181a2cbc382,Tempura Kondo,"9F, 5-5-13 Ginza, Chuo-ku",104-0061,Tokyo,JPN,2,2026,35.671184,139.763104,,,,tempura; légumes; prix élevé,,,
restaurant,871317cc-d9d4-59d9-b62b-7d9a1b0bbfb0,Ryuzu,"B1F, 4-2-35 Roppongi, Minato-ku",106-0032,Tokyo,JPN,2,2026,35.664729,139.733371,,,,français; contemporain; vins; légumes; prix élevé,,,
restaurant,65825937-f8c5-59e0-a4cb-d35dbf49b54e,Kodaiji Jugyuan,"353 Masuyacho, Higashiyama-ku",605-0826,Kyoto,JPN,2,2026,34.998694,135.781565,,,,japonais; comptoir; ryotei; saké; maison traditionnelle; salon privé; parking; prix très élevé,,,
restaurant,1076b77e-00e6-516a-ab6f-9c1d850c8388,Gion Maruyama,"570-171 Giommachi Minamigawa, Higashiyama-ku",605-0074,Kyoto,JPN,2,2026,35.002587,135.776068,,,,japonais; comptoir; ryotei; cérémonie du thé; prix très élevé,,,
restaurant,f39df4e7-b47b-5541-b113-b7119e3ccc17,Seizan,"B1F, 2-17-29 Mita, Minato-ku",108-0073,Tokyo,JPN,2,2026,35.647433,139.739938,,,,japonais; prix très élevé,,,
restaurant,5bbcab80-1d08-5bab-a340-830705803b3e,Miyamoto,"2-10-28 Higashitemma, Kita-ku",530-0044,Osaka,JPN,2,2026,34.698372,135.513189,,,,japonais; prix très élevé,,,
restaurant,4df7126b-516a-5b91-8e99-f8335410a099,Sanso Kyoyamato,"359 Masuyacho, Higashiyama-ku",605-0826,Kyoto,JPN,2,2026,34.999252,135.78139,,,,japonais; maison traditionnelle; vue; prix très élevé,,,
restaurant,92376055-80cb-5201-a98e-41905890697f,ESqUISSE,"9F, 5-4-6 Ginza, Chuo-ku",104-0061,Tokyo,JPN,2,2026,35.671688,139.763347,,,,français; contemporain; prix très élevé,,,
restaurant,1ebc756f-0e91-522a-a6e1-7d4ed7ea97e1,Sumibi Kappo Ifuki,"570-8 Giommachi Minamigawa, Higashiyama-ku",605-0074,Kyoto,JPN,2,2026,35.002345,135.775255,,,,japonais; kappo; charbon; gibier; légumes; prix très élevé,,,
restaurant,cb675903-2ce8-5035-b617-34dc11f37bea,Azabu Kadowaki,"2-7-2 Azabujuban, Minato-ku",106-0045,Tokyo,JPN,3,2026,35.655993,139.733551,,,,japonais; comptoir; cérémonie du thé; salon privé; prix très élevé,,,
restaurant,c9e4dbf6-af6a-5dc8-873e-d8a19093ebd8,Harutaka,"6F, 8-3-1 Ginza, Chuo-ku",104-0061,Tokyo,JPN,3,2026,35.669269,139.759203,,,,sushi; tempura; maison traditionnelle; prix très élevé,,,
restaurant,986ca184-cf5e-5a4a-b28a-dbfb09ed6bee,Miyamaso,"375 Hanase Harachicho, Sakyo-ku",601-1102,Kyoto,JPN,3,2026,35.233154,135.793011,,,,japonais; gibier; parking; prix élevé,,,
restaurant,bfff5f1d-88b7-52c1-a84c-17b8adab4f9a,Kagurazaka Ishikawa,"5-37 Kagurazaka, Shinjuku-ku",162-0825,Tokyo,JPN,3,2026,35.701212,139.739466,,,,japonais; prix très élevé,,,
restaurant,dcc2c080-5ede-5e4a-82f2-6cc71db6686a,L'Effervescence,"2-26-4 Nishiazabu, Minato-ku",106-0031,Tokyo,JPN,3,2026,35.660299,139.719454,,,,français; contemporain; kaiseki; légumes; cérémonie du thé; prix très élevé,,,
restaurant,e8d3fcf6-a1ff-51e2-9ab7-1d85ee6b7382,Kashiwaya Osaka Senriyama,"2-5-18 Senriyamanishi, Suita",565-0851,Osaka,JPN,3,2026,34.770287,135.501289,,,,japonais; prix élevé,,,
restaurant,7fc8fbd0-f98c-5787-8d87-bc545cc521e7,Taian,"1-21-2 Shimanochi, Chuo-ku",542-0082,Osaka,JPN,3,2026,34.673353,135.507205,,,,japonais; cérémonie du thé; prix élevé,,,
restaurant,3ee02d45-4a5a-5be0-a80b-b96c0354b8ab,Quintessence,"1F, Garden City Shinagawa Gotenyama, 6-7-29 Kitashinagawa, Shinagawa-ku",141-0001,Tokyo,JPN,3,2026,35.624038,139.732977,,,,français; contemporain; prix très élevé,,,
restaurant,a27d41b9-532a-5ed4-8b45-b0d47f21ee1f,L'OSIER,"7-5-5 Ginza, Chuo-ku",104-0061,Tokyo,JPN,3,2026,35.669667,139.761203,,,,français; parking; prix très élevé,,,
restaurant,e8b0b333-eccc-51ba-ab87-480753e51d1b,Hyotei,"35 Nanzenji Kusagawacho, Sakyo-ku",606-8437,Kyoto,JPN,3,2026,35.011355,135.786742,,,,japonais; ryotei; cérémonie du thé; parking; prix très élevé,,,
restaurant,c1c53d10-9d66-55b9-a7c8-0cf9a8c917f3,Isshisoden Nakamura,"136 Matsushitacho, Nakagyo-ku",604-8093,Kyoto,JPN,3,2026,35.010397,135.765083,,,,japonais; saké; prix très élevé,,,
restaurant,74593ea1-0daa-5b63-b38a-97340ba98840,Myojaku,"B1F, 3-2-34 Nishiazabu, Minato-ku",106-0031,Tokyo,JPN,3,2026,35.659411,139.726652,,,,japonais; prix très élevé,,,
restaurant,91dd9922-e7d4-57a3-96ea-ea2f396ba630,RyuGin,"7F, Tokyo Midtown Hibiya, 1-1-2 Yurakucho, Chiyoda-ku",100-0006,Tokyo,JPN,3,2026,35.673583,139.759193,,,,japonais; fugu; charbon; prix très élevé,,,
restaurant,9def30e6-4d46-565e-937b-5dc3625a0261,Kikunoi Honten,"459 Shimokawaracho, Higashiyama-ku",605-0825,Kyoto,JPN,3,2026,35.001535,135.782079,,,,japonais; ryotei; parking; prix très élevé,,,
restaurant,021a9d2d-ebcc-5002-88b6-5c21a8e3f498,HAJIME,"1-9-11 Edobori, Nishi-ku",550-0002,Osaka,JPN,3,2026,34.688612,135.496084,,,,créatif; vue; prix très élevé,,,
restaurant,a33b81b1-bebd-5292-aac8-273098e39cf9,Gion Sasaki,"566-27 Komatsucho, Higashiyama-ku",605-0811,Kyoto,JPN,3,2026,34.998881,135.775049,,,,japonais; comptoir; prix très élevé,,,
restaurant,533e6df5-252a-50c8-9a55-7ca0cd4ea1d3,Kanda,"1F, Toranomon Hills Residential Tower, 1-1-1 Atago, Minato-ku",105-0002,Tokyo,JPN,3,2026,35.6658,139.748,,,,japonais; fruits de mer; prix très élevé,,,
restaurant,d87b19c7-eb46-50fb-91c2-5c9e7731ca3b,Joël Robuchon,"Yebisu Garden Place, 1-13-1 Mita, Meguro-ku",153-0062,Tokyo,JPN,3,2026,35.641903,139.714528,,,,français; contemporain; prix très élevé,,,
restaurant,42959200-c430-5bb3-af32-25e9190c833e,Mizai,"613 Maruyamacho, Higashiyama-ku",605-0071,Kyoto,JPN,3,2026,35.002993,135.782364,,,,japonais; cérémonie du thé; prix très élevé,,,
restaurant,ef109aac-c389-5011-b919-987463fbb2bb,Sazenka,"4-7-5 Minamiazabu, Minato-ku",106-0047,Tokyo,JPN,3,2026,35.649578,139.728395,,,,chinois; prix très élevé,,,
lieu,bea9c3ee-5410-538b-8a75-6cbaefb1bc02,Kumano Sanzan,,,Kii-Katsuura,JPN,3,2026,33.84049428700007,135.7736548570001,Monument religieux,"Kumano-jinja désigne au Japon un groupe de sanctuaires shinto consacré aux trois montagnes sacrées de Kumano : Hongū, Shingū et Nachi et manifestées par le Kumano gongen, gongen étant un terme qui désigne la déité protégeant et incarnant un site sacré. Situé au cœur de ces trois montagnes dites Kumano Sanzan, ce complexe religieux comprend le grand sanctuaire Kumano Hayatama-taisha (à Shingū), le Kumano Hongū-taisha (à Tanabe) et le Kumano Nachi taisha (à Nachikatsuura), dans la préfecture de Wakayama. Il existe sur l’archipel japonais plus de trois mille temples affiliés à Kumano.",Wikipédia (CC BY-SA),,https://commons.wikimedia.org/wiki/Special:FilePath/Kumano_Jinja_12.jpg?width=1280,by Reggaeman – CC BY-SA 3.0 (Wikimedia Commons),https://fr.wikipedia.org/wiki/Kumano-jinja
lieu,80c09fbb-a3f4-5acb-aaef-2900f5950a6a,Ryoan-ji,,604 8571,Kyoto,JPN,3,2026,35.03448480600008,135.7182729550001,Monument religieux,"Ryōan-ji est un temple zen situé dans le nord-ouest de Kyōto, construit au xvie siècle, à l'époque de Muromachi. Il fait partie du Patrimoine mondial de l'UNESCO, étant l'un des monuments historiques de l'ancienne Kyoto. Le temple appartient à l'école Myōshin-ji de la branche rinzai du bouddhisme zen.",Wikipédia (CC BY-SA),,https://commons.wikimedia.org/wiki/Special:FilePath/RyoanJi-Dry_garden.jpg?width=1280,Stephane D'Alu – CC BY-SA 3.0 (Wikimedia Commons),https://fr.wikipedia.org/wiki/Ry%C5%8Dan-ji
lieu,e5325cb5-dd37-5cfa-9c27-00d772eb83d2,Château de Matsumoto,,,Matsumoto,JPN,3,2026,36.23863727200006,137.96897180300004,Monument civil et militaire,"Le château de Matsumoto est l'un des châteaux historiques du Japon. Situé dans la ville de Matsumoto, dans la préfecture de Nagano, à proximité de Tokyo, son attrait touristique est très fort. Il est surnommé « le corbeau » en raison de sa couleur noire.",Wikipédia (CC BY-SA),,https://commons.wikimedia.org/wiki/Special:FilePath/130608_Matsumoto_Castle_Matsumoto_Nagano_pref_Japan01bs5.jpg?width=1280,663highland – CC BY 2.5 (Wikimedia Commons),https://fr.wikipedia.org/wiki/Ch%C3%A2teau_de_Matsumoto
lieu,084c4193-ba76-54f9-9a4f-fe9b6b7cf259,Kinkaku-ji,,604 8571,Kyoto,JPN,3,2026,35.03934627500007,135.72924705600008,Monument religieux,Le Kinkaku-ji est le nom usuel du Rokuon-ji situé à Kyōto au Japon.,Wikipédia (CC BY-SA),,https://commons.wikimedia.org/wiki/Special:FilePath/Water_reflection_of_Kinkaku-ji_Temple_a_sunny_day%2C_Kyoto%2C_Japan.jpg?width=1280,Basile Morin – CC BY-SA 4.0 (Wikimedia Commons),https://fr.wikipedia.org/wiki/Kinkaku-ji
lieu,155c9af1-fb5f-54f2-892f-eae2f9db64df,Shinjuku Gyoen,11 Naito-cho - Shinjuku-ku,,Tokyo,JPN,3,2026,35.68532700000003,139.70976000000007,Parc ou jardin,Le jardin impérial de Shinjuku est un parc dans les arrondissements de Shinjuku et de Shibuya à Tōkyō. Le parc a été une résidence de la famille Naito à la fin du XIXe siècle pendant l'ère Edo avant de devenir un jardin sous la gestion de l'Agence impériale du Japon. C'est maintenant un parc sous la juridiction du ministère national de l'Environnement.,Wikipédia (CC BY-SA),,https://commons.wikimedia.org/wiki/Special:FilePath/Shinjuku_Gyoen_National_Garden_-_sakura_3.JPG?width=1280,Kakidai – CC BY-SA 3.0 (Wikimedia Commons),https://fr.wikipedia.org/wiki/Shinjuku_gyoen
lieu,9d749969-de55-5f1b-8080-3cc6e4e216de,Kumano Hongu Taisha,,,Hongu,JPN,3,2026,33.84041223100007,135.77374730300005,Monument religieux,"Le Kumano Hongū-taisha est un sanctuaire shinto situé à Tanabe (anciennement dans le village de Hongū) dans la préfecture de Wakayama au Japon. Proche de la cascade de Nachi (Nachi no taki), il fait partie du complexe religieux regroupant les trois grands sanctuaires de Kumano. Il forme avec deux autres sanctuaires, le Kumano Hayatama-taisha à Shingū et le Kumano Nachi-taisha à Nachi, le complexe sacré du Kumano Sanzan.",Wikipédia (CC BY-SA),,https://commons.wikimedia.org/wiki/Special:FilePath/Inside_the_Kumano_Hongu_Taisha.jpg?width=1280,"Tim Notari from Tanabe-Shi Wakayama-Ken, Japan – CC BY-SA 2.0 (Wikimedia Commons)",https://fr.wikipedia.org/wiki/Kumano_Hong%C5%AB-taisha
lieu,bb39e414-d543-5144-a0b3-91e1b3651dc1,Baie de Kabira,,907 0453,Kabira,JPN,3,2026,24.452265000000068,124.14345100000003,Site naturel,"La baie de Kabira se trouve au nord-est de l'île d'Ishigaki, préfecture d'Okinawa au Japon. Réputée pour ses plages de sable blanc, ses eaux turquoise et une végétation dense, la baie fait partie du parc national d'Iriomote-Ishigaki. En compagnie du mont Omoto elle est désignée « endroit de beauté scénique ».",Wikipédia (CC BY-SA),,https://commons.wikimedia.org/wiki/Special:FilePath/Kabirawan.jpg?width=1280,Metatron – Public domain (Wikimedia Commons),https://fr.wikipedia.org/wiki/Baie_de_Kabira
lieu,64ac116e-ff84-5dad-9d8a-92a294546504,Zuigan-ji,91 Matsushima Aza-Chonai,,Matsushima,JPN,3,2026,38.371638000000075,141.0608790000001,Monument religieux,"Le Zuigan-ji est un temple bouddhiste zen de l'école Rinzai situé dans la ville de Matsushima, préfecture de Miyagi au Japon. Branche du Myōshin-ji, le temple a été endommagé par le séisme de 2011.",Wikipédia (CC BY-SA),,https://commons.wikimedia.org/wiki/Special:FilePath/211030_Zuigan-ji_Matsushima_Miyagi_pref_Japan09s3.jpg?width=1280,663highland – CC BY-SA 4.0 (Wikimedia Commons),https://fr.wikipedia.org/wiki/Zuigan-ji
lieu,f98b2ea7-bf7e-5562-a0d3-12200d42d49e,Ginkaku-ji,,604 8571,Kyoto,JPN,3,2026,35.027016606000075,135.79822397400005,Monument religieux,"Le Ginkaku-ji est un temple bouddhiste situé dans l'arrondissement Sakyō-ku à Kyōto au Japon, et datant de la fin du XVe siècle.",Wikipédia (CC BY-SA),,https://commons.wikimedia.org/wiki/Special:FilePath/Ginkakuji_fall_2.jpg?width=1280,Jmhullot – CC BY 3.0 (Wikimedia Commons),https://fr.wikipedia.org/wiki/Ginkaku-ji
lieu,871319e1-d8c4-5b14-9d62-6a4bd0b18d6c,Temple Tosho-gu,Derrière le Rinno-ji,,Nikko,JPN,3,2026,36.75731657700004,139.59991356400008,Monument religieux,"Le Nikkō Tōshō-gū est un sanctuaire shinto de type tōshōgū situé dans la préfecture de Tochigi au Japon. Il se situe près de la ville de Nikkō, dans le parc national de Nikkō. Il fait aussi partie des sanctuaires et temples de Nikkō.",Wikipédia (CC BY-SA),,https://commons.wikimedia.org/wiki/Special:FilePath/200801_Nikko_Tosho-gu_Nikko_Japan03s3.jpg?width=1280,663highland – CC BY-SA 4.0 (Wikimedia Commons),https://fr.wikipedia.org/wiki/Nikk%C5%8D_T%C5%8Dsh%C5%8D-g%C5%AB
lieu,2fd025c2-3aa1-50f9-810e-8d0a53620422,Château de Himeji,,,Himeji,JPN,3,2026,34.839634000000046,134.69370800000002,Monument civil et militaire,"Le château de Himeji est un château japonais situé à Himeji dans la préfecture de Hyōgo. C'est l'un des plus anciens bâtiments du Japon médiéval. Désigné comme trésor national du Japon et inscrit au patrimoine mondial de l'UNESCO, c'est l'un des douze derniers châteaux japonais dont le tenshu (donjon) en bois est encore authentique (les autres châteaux ont été reconstruits après l'époque féodale, souvent dans les années 1960-1970).",Wikipédia (CC BY-SA),,https://commons.wikimedia.org/wiki/Special:FilePath/Himeji_castle_in_may_2015.jpg?width=1280,Nikos Kitsakis – CC BY-SA 4.0 (Wikimedia Commons),https://fr.wikipedia.org/wiki/Ch%C3%A2teau_de_Himeji
lieu,2a5e8359-d0b0-57d8-aa66-ea417164a082,Sanjusangen-do,,604 8571,Kyoto,JPN,3,2026,34.98789323700004,135.77166903300008,Monument religieux,"Le Sanjūsangen-dō est un temple bouddhiste situé dans l'arrondissement de Higashiyama-ku à Kyōto, au Japon. Son nom d'origine est Renge-ō-in. Grand hall sacré de rite Shingon fondé en 1132.",Wikipédia (CC BY-SA),,https://commons.wikimedia.org/wiki/Special:FilePath/Sanjusangendo2.JPG?width=1280,No machine-readable author provided. Peter 111 assumed (based on copyright claims). – Public domain (Wikimedia Commons),https://fr.wikipedia.org/wiki/Sanj%C5%ABsangen-d%C5%8D
lieu,4191e87b-317c-5aaf-a8e7-c884852495a6,Kenroku-en,,,Kanazawa,JPN,3,2026,36.56204456800003,136.66271589000007,Parc ou jardin,"Kenroku-en est un jardin japonais situé à Kanazawa, dans la préfecture d'Ishikawa au Japon.",Wikipédia (CC BY-SA),,https://commons.wikimedia.org/wiki/Special:FilePath/Kenrokuen10-r.jpg?width=1280,Oilstreet – CC BY 2.5 (Wikimedia Commons),https://fr.wikipedia.org/wiki/Kenroku-en
lieu,7f64d05e-5304-5f0b-84fa-678f3ea64be2,Saiho-ji (Temple des Mousses),56 Kamigayacho - Matsuo - Nishikyo-ku,615 8286,Kyoto,JPN,3,2026,34.991958699000065,135.6833079390001,Parc ou jardin,"Le Saihō-ji est un temple bouddhiste zen situé dans la banlieue ouest de Kyoto. Le temple est surtout connu sous le nom de Kokedera, à cause des 120 espèces de mousses qu'il abrite. Le temple, appartenant au courant Rinzai du bouddhisme, est dédié au bouddha Amitabha.",Wikipédia (CC BY-SA),,https://commons.wikimedia.org/wiki/Special:FilePath/Saihouji-kokedera02.jpg?width=1280,No machine-readable author provided. Ivanoff~commonswiki assumed (based on copyright claims). – CC BY-SA 3.0 (Wikimedia Commons),https://fr.wikipedia.org/wiki/Saih%C5%8D-ji
lieu,d887576a-b12e-5c5e-b6b8-ba15b53ed3e1,Mont Takao,,192 8501,Hachioji,JPN,3,2026,35.62512092500003,139.24366527000006,Site naturel,"Le mont Takao est un sommet de Hachiōji, dans la préfecture de Tokyo, au Japon.",Wikipédia (CC BY-SA),,https://commons.wikimedia.org/wiki/Special:FilePath/Mount_Takao_20051023.jpg?width=1280,Ans~jawiki at Japanese Wikipedia – CC BY-SA 3.0 (Wikimedia Commons),https://fr.wikipedia.org/wiki/Mont_Takao
lieu,49ff7675-1858-5a69-8aef-ec6dfd09d4c8,Gokayama,R 156,,Gokayama,JPN,3,2026,36.39036145800003,136.87419866900007,Site naturel,"Gokayama est un ancien village traditionnel du Japon dans la préfecture de Toyama, au sein de la ville de Nanto. Il est classé au patrimoine mondial de l'humanité pour son architecture rurale traditionnelle de type gasshō-zukuri.",Wikipédia (CC BY-SA),,https://commons.wikimedia.org/wiki/Special:FilePath/%E4%BA%94%E7%AE%87%E5%B1%B1%E7%9B%B8%E5%80%89%E5%90%88%E6%8E%8C%E9%9B%86%E8%90%BD02.jpg?width=1280,Minque at Japanese Wikipedia – Public domain (Wikimedia Commons),https://fr.wikipedia.org/wiki/Gokayama
lieu,21c04477-df64-56ff-b4d3-09910b20166e,Hyotan Onsen,,,Beppu,JPN,3,2026,33.31412327700008,131.47940237900002,Monument civil et militaire,"Onsen de Kannawa, à Beppu, dans un cadre verdoyant : bain de sable, bain en plein air, bassin en forme de gourde, sauna et cascade pour masser les épaules.",Reformulation,,https://commons.wikimedia.org/wiki/Special:FilePath/Hyotan_Onsen_%285011201676%29.jpg?width=1280,"Jordi Sanchez Teruel from Seúl, South Korea – CC BY-SA 2.0 (Wikimedia Commons)",https://en.wikipedia.org/wiki/Hyotan_Onsen
lieu,fced166d-c5ab-5040-8a01-9861ff122d11,Horyu-ji,,,Ikaruga,JPN,3,2026,34.61369200000007,135.73574700000006,Monument religieux,"Le Hōryū-ji est un temple bouddhique situé à Ikaruga, bourg de la préfecture de Nara, au Japon. Les bâtiments les plus anciens (le kondō, la pagode à cinq étages et la porte centrale) datent de la période d'Asuka (milieu du VIe siècle-710) et sont considérés comme les plus anciennes constructions en bois du monde.",Wikipédia (CC BY-SA),,https://commons.wikimedia.org/wiki/Special:FilePath/Horyu-ji45s2s4500.jpg?width=1280,663highland – CC BY 2.5 (Wikimedia Commons),https://fr.wikipedia.org/wiki/H%C5%8Dry%C5%AB-ji
lieu,b64ad867-8580-5103-a1ba-1df51b2acef7,Itchiku Kubota Art Museum,2255 Kawaguchi - Fujikawaguchiko,,Kawaguchiko,JPN,3,2026,35.52751000000006,138.75991900000008,Musée,"Musée consacré aux kimonos d'Itchiku Kubota (1917-2003), réunis sous le nom de « Symphonie de lumières », dans un bâtiment soutenu par des troncs de cyprès.",Reformulation,,https://thumb.wikimedia.org/wikipedia/commons/thumb/7/78/Itchiku_Kubota_Art_Museum_2018c.jpg/1280px-Itchiku_Kubota_Art_Museum_2018c.jpg?utm_source=commons.wikimedia.org&utm_campaign=imageinfo&utm_content=thumbnail,江戸村のとくぞう – CC BY-SA 4.0 (Wikimedia Commons),
lieu,42d761fd-cfc7-54a4-94ac-3db925a078f0,Ueno,Parc de Ueno,,Tokyo,JPN,3,2026,35.70978000000008,139.77338200000008,Ville et village,"Ueno est un quartier situé dans le nord-est de Tokyo (arrondissement de Taitō), au Japon.",Wikipédia (CC BY-SA),,https://commons.wikimedia.org/wiki/Special:FilePath/Straatbeeld_Tokyo_juli_2004.jpg?width=1280,Ellywa at Dutch Wikipedia – CC BY-SA 3.0 (Wikimedia Commons),https://fr.wikipedia.org/wiki/Ueno
lieu,529ec759-3ffe-57b0-984c-3ea624ce7835,Todai-ji,Nara-koen,,Nara,JPN,3,2026,34.68894861600006,135.83983422300003,Monument religieux,"Le Tōdai-ji, de son nom complet Kegon-shū daihonzan Tōdai-ji, est un temple bouddhique situé à Nara au Japon. Il est le centre des écoles Kegon et Ritsu, mais toutes les branches du bouddhisme japonais y sont étudiées et le site comprend de nombreux temples et sanctuaires annexes. Dans l’enceinte se trouve la plus grande construction en bois au monde toujours existante, le Daibutsu-den, qui abrite une statue colossale en bronze du bouddha Vairocana appelée Daibutsu, c'est-à-dire « Grand Bouddha ».",Wikipédia (CC BY-SA),,https://commons.wikimedia.org/wiki/Special:FilePath/Daibutsu-den_in_Todaiji_Nara01bs3200.jpg?width=1280,663highland – CC BY 2.5 (Wikimedia Commons),https://fr.wikipedia.org/wiki/T%C5%8Ddai-ji
lieu,684e6321-25d6-57ac-83a0-33d576e4d263,Dogo Onsen Honkan,Dogo Honsen,790-8571,Matsuyama,JPN,3,2026,33.85202648000006,132.7867510530001,Monument civil et militaire,"Le Dōgo onsen est l'un des plus anciens onsen (bain thermal) du Japon. Il est situé à Matsuyama dans la préfecture d'Ehime sur l'île de Shikoku. L'eau alimentant les dix-huit bains de l'onsen, dont un réservé à la famille impériale, est alcaline et à une température oscillant entre 42 et 50 °C. Le Dōgo onsen est mentionné dès le VIIIe siècle dans le Man'yōshū.",Wikipédia (CC BY-SA),,https://commons.wikimedia.org/wiki/Special:FilePath/Dogo_onsen_honkan_long_exposure.jpg?width=1280,Japanexperterna.se – CC BY-SA 3.0 (Wikimedia Commons),https://fr.wikipedia.org/wiki/D%C5%8Dgo_onsen
lieu,f2f0afb5-9101-5f91-adb3-7a1485eaccd1,Hokoku-ji,2-7-4 Jomyo-ji,248 0034,Kamakura,JPN,3,2026,35.34232893500007,139.6275314170001,Monument religieux,"Temple zen de Kamakura fondé en 1334, célèbre pour sa forêt d'environ 2 000 bambous géants, où l'on peut prendre un thé matcha.",Reformulation,,https://thumb.wikimedia.org/wikipedia/commons/thumb/3/31/2019_H%C5%8Dkoku-ji_01.jpg/1280px-2019_H%C5%8Dkoku-ji_01.jpg?utm_source=commons.wikimedia.org&utm_campaign=imageinfo&utm_content=thumbnail,Kakidai – CC BY-SA 4.0 (Wikimedia Commons),
lieu,78e14f59-21f1-59fa-b4f8-6ca36c1c060e,Naien,JRHarajuku Station,,Tokyo,JPN,3,2026,35.67015500000008,139.70247500000005,Monument civil et militaire,"Enceinte intérieure du sanctuaire Meiji, au cœur d'une forêt plantée de 100 000 arbres offerts par tout le Japon, précédée d'un immense torii en cyprès.",Reformulation,,https://thumb.wikimedia.org/wikipedia/commons/thumb/f/fc/Meiji-jingu_Torii_1.jpg/1280px-Meiji-jingu_Torii_1.jpg?utm_source=commons.wikimedia.org&utm_campaign=imageinfo&utm_content=thumbnail,Zairon – CC BY-SA 4.0 (Wikimedia Commons),
lieu,f09802c5-8bcb-5466-859e-c3672d67166a,Miyajima,,,Itsukushima,JPN,3,2026,34.279687000000024,132.3113380000001,Site naturel,"Itsuku-shima, appelée aussi Miya-jima, est une île japonaise se trouvant dans la mer intérieure de Seto. L'île abrite principalement le bourg de Miyajima.",Wikipédia (CC BY-SA),,https://commons.wikimedia.org/wiki/Special:FilePath/Miyajima_Island.jpg?width=1280,Bernard Gagnon – CC BY-SA 3.0 (Wikimedia Commons),https://fr.wikipedia.org/wiki/Itsuku-shima
lieu,7ecda8d4-a7dc-5eef-9659-c2e76ddce876,Shirakawa-go,,,Ogimachi,JPN,3,2026,36.27081779500003,136.8984800920001,Site naturel,"Shirakawa est un village du district d'Ōno, dans la préfecture de Gifu au Japon. Le village de Shirakawa situé au nord-ouest de la ville de Takayama est célèbre pour son village historique, inscrit au patrimoine mondial de l'humanité et constitué de maisons typiques minka de style architectural appelé gasshō-zukuri. Le village obtient en 2023 le label Meilleurs villages touristiques de l'Organisation mondiale du tourisme.",Wikipédia (CC BY-SA),,https://commons.wikimedia.org/wiki/Special:FilePath/Shirakawa_Village_Hall.jpg?width=1280,Hirorinmasa – CC BY-SA 3.0 (Wikimedia Commons),https://fr.wikipedia.org/wiki/Shirakawa_(Gifu)
lieu,9ab76eda-810a-5f90-993e-3d479e450e59,Tokyo Metropolitan Government,2-8-1 Nishi-Shinjuku,,Tokyo,JPN,3,2026,35.68956640000005,139.69233200000008,Monument civil et militaire,Siège du gouvernement métropolitain dessiné par Kenzo Tange : deux tours de 243 m dont les observatoires gratuits dominent Shinjuku.,Reformulation,,https://commons.wikimedia.org/wiki/Special:FilePath/Tokyo_Metropolitan_Government_Building_2012.JPG?width=1280,Kakidai – CC BY-SA 3.0 (Wikimedia Commons),https://en.wikipedia.org/wiki/Tokyo_Metropolitan_Government
lieu,ecee8b42-62d0-5659-9a85-5d4516fe3947,Zenko-ji,,,Nagano,JPN,3,2026,36.66168404800004,138.18774218800002,Monument religieux,"Zenkō-ji est un temple bouddhiste situé dans la ville de Nagano au Japon, dont il constitue le principal ensemble religieux. Fondé au VIIe siècle, en 642 par Yoshimitsu Honda, il fait partie des trésors nationaux du Japon. Bien plus tard, la ville de Nagano, fondée en 1897, fut initialement construite autour du temple.",Wikipédia (CC BY-SA),,https://commons.wikimedia.org/wiki/Special:FilePath/160501_Zenkoji_Nagano_Japan06s3.jpg?width=1280,663highland – CC BY 2.5 (Wikimedia Commons),https://fr.wikipedia.org/wiki/Zenk%C5%8D-ji
lieu,ba77175b-4ec9-557b-8b5c-1c928bc78bc1,Kumano Kodo,,,Wakayama,JPN,3,2026,34.22441483500006,135.214179467,Monument religieux,"Le Kumano kodō est une série d'anciennes routes de pèlerinage qui sillonnent la péninsule de Kii, plus grande péninsule du Japon. Ces sentiers sacrés étaient et sont encore utilisés pour le pèlerinage au site sacré du Kumano Sanzan ou les trois grands sanctuaires de Kumano : le Kumano Hongū-taisha, le Kumano Nachi-taisha et le Kumano Hayatama-taisha. Les routes de pèlerinage Kumano kodō qui conduisent à Kumano peuvent être géographiquement classées en trois sous-voies : la « Kiji », la « Kohechi » et l'« Iseji ».",Wikipédia (CC BY-SA),,https://commons.wikimedia.org/wiki/Special:FilePath/Daimonzaka28-640.jpg?width=1280,663highland – CC BY 2.5 (Wikimedia Commons),https://fr.wikipedia.org/wiki/Kumano_kod%C5%8D
lieu,f82a8a0b-e169-587c-a21b-c12ad033ea63,Cascade Nachi no Taki,,,,JPN,3,2026,33.67521054400004,135.88799129500012,Site naturel,"La chute d'eau de Nachi, ou plus familièrement Ichi no taki (« la première des cascades »), est une des plus imposantes cascades du Japon, mais c'est aussi un lieu sacré du shinto et du bouddhisme. Elle est située sur la commune de Nachikatsuura dans la préfecture de Wakayama, péninsule de Kii, sur la Nachi-gawa.",Wikipédia (CC BY-SA),,https://commons.wikimedia.org/wiki/Special:FilePath/Hogonji8436.JPG?width=1280,日:Jnn – CC BY 2.1 jp (Wikimedia Commons),https://fr.wikipedia.org/wiki/Chute_d%27eau_de_Nachi
lieu,91729524-16ef-5a5d-8a4a-e3ed47736cf1,Lac Akan,,,Akan-Kohan,JPN,3,2026,43.45393074000003,144.1014506140001,Site naturel,"Le lac Akan est situé à Kushiro, Hokkaidō au Japon. Il se trouve dans le parc national d'Akan et constitue un des sites Ramsar au Japon.",Wikipédia (CC BY-SA),,https://commons.wikimedia.org/wiki/Special:FilePath/Akanko.JPG?width=1280,Inti-sol – CC BY-SA 3.0 (Wikimedia Commons),https://fr.wikipedia.org/wiki/Lac_Akan
lieu,8eb23061-5a42-5cc6-ab15-4f346e687196,Meiji-jingu,,,Tokyo,JPN,3,2026,35.67559650000004,139.6994876000001,Monument religieux,"Le Meiji-jingū ou sanctuaire Meiji, est un sanctuaire shintoïste situé en plein cœur de Tokyo, dans l'arrondissement de Shibuya, en bordure du quartier Harajuku.",Wikipédia (CC BY-SA),,https://commons.wikimedia.org/wiki/Special:FilePath/Courtyard_of_Meiji_Shrine_20190717.jpg?width=1280,Tokuzo in Edomura – CC BY-SA 4.0 (Wikimedia Commons),https://fr.wikipedia.org/wiki/Meiji-jing%C5%AB
lieu,f0de6035-013f-54d9-ba38-2f543f21a0ab,Mur de neige de Murodo,Ashikuraji,,Tateyama,JPN,3,2026,36.57685272800006,137.5944624980001,Site naturel,"À 2 450 m sur la route alpine Tateyama-Kurobe, la neige déblayée forme au printemps des murs pouvant dépasser 15 m, que l'on longe à pied.",Reformulation,,https://thumb.wikimedia.org/wikipedia/commons/thumb/5/5f/%E5%AE%A4%E5%A0%82_Murodo_-_panoramio_%281%29.jpg/1280px-%E5%AE%A4%E5%A0%82_Murodo_-_panoramio_%281%29.jpg?utm_source=commons.wikimedia.org&utm_campaign=imageinfo&utm_content=thumbnail,lienyuan lee – CC BY 3.0 (Wikimedia Commons),
lieu,d343dd56-daf3-5ea7-b38a-45cf0e5a005d,Yakushima,,,Miyanoura,JPN,3,2026,30.380964000000063,130.5739010000001,Site naturel,"Yaku-shima est une île de l’archipel Ōsumi, située au sud de Kyūshū au Japon, dépendant de la préfecture de Kagoshima.",Wikipédia (CC BY-SA),,https://commons.wikimedia.org/wiki/Special:FilePath/Yakushima.jpg?width=1280,NASA – Public domain (Wikimedia Commons),https://fr.wikipedia.org/wiki/Yaku-shima
lieu,f78359b9-7588-5d20-81a4-16cb8cffd2bd,Kyoto National Museum,,604 8571,Kyoto,JPN,3,2026,34.98998690700006,135.7731317580001,Musée,"Le musée national de Kyoto, ouvert en 1897, possède une large collection de pièces d’arts anciens provenant principalement du Japon et, dans une moindre mesure, de l’Asie de l'Est. Il est situé dans l’arrondissement de Higashiyama à Kyoto.",Wikipédia (CC BY-SA),,https://commons.wikimedia.org/wiki/Special:FilePath/260214_Kyoto_National_Museum_Kyoto_Japan04bs4.jpg?width=1280,663highland – CC BY-SA 4.0 (Wikimedia Commons),https://fr.wikipedia.org/wiki/Mus%C3%A9e_national_de_Kyoto
lieu,f3e23e17-b96c-500f-83ba-6acf2aa691b7,Parc national de Shiretoko,,,Abashiri,JPN,3,2026,44.32000623700003,145.33991343900004,Site naturel,"Le parc national de Shiretoko est un parc national japonais qui couvre la majorité de la péninsule de Shiretoko situé sur l'île d'Hokkaidō. Le parc a été fondé le 1er juin 1964 et couvre une surface terrestre de 386,33 km2. Une partie du parc national de Shiretoko constitue la partie principale (34 000 ha) du site de Shiretoko inscrit en 2005 au patrimoine mondial de l'Unesco.",Wikipédia (CC BY-SA),,https://commons.wikimedia.org/wiki/Special:FilePath/Shiretoko_National_Park_%28panneau%29.jpg?width=1280,VKaeru – CC BY-SA 3.0 (Wikimedia Commons),https://fr.wikipedia.org/wiki/Parc_national_de_Shiretoko
lieu,5d0e915e-6250-5cc3-9a64-03247d6fecf6,Sanctuaire d'Itsukushima,,,Itsukushima,JPN,3,2026,34.29567240000006,132.3204846000001,Monument religieux,"Le sanctuaire d'Itsukushima est un sanctuaire shinto situé dans la ville de Hatsukaichi sur l'île d'Itsuku, dans la préfecture de Hiroshima, au Japon. Ce site est inscrit sur la liste du patrimoine mondial de l'Unesco depuis 1996. Le gouvernement japonais en a désigné plusieurs bâtiments et dépendances comme trésors nationaux.",Wikipédia (CC BY-SA),,https://commons.wikimedia.org/wiki/Special:FilePath/Itsukushima_Gate.jpg?width=1280,JordyMeow – CC BY-SA 3.0 (Wikimedia Commons),https://fr.wikipedia.org/wiki/Itsukushima-jinja
lieu,6b559d97-5ca4-515e-a99d-5cf728ffef96,Naiku,,516 0037,Ise,JPN,3,2026,34.45500453400007,136.72580116300003,Monument religieux,"Sanctuaire intérieur d'Ise, dédié à la déesse Amaterasu, caché dans une forêt de cèdres géants ; on y accède par le grand pont Uji.",Reformulation,,https://thumb.wikimedia.org/wikipedia/commons/thumb/d/db/Ise_Jingu_Shrine_Naiku%2C_Mie_%2817463376166%29.jpg/1280px-Ise_Jingu_Shrine_Naiku%2C_Mie_%2817463376166%29.jpg?utm_source=commons.wikimedia.org&utm_campaign=imageinfo&utm_content=thumbnail,Kzaral – CC BY 2.0 (Wikimedia Commons),
lieu,2799bd17-c60b-5464-818d-702bc5b6b5bc,Hida Takayama Museum of Art,Route de Hida-no-Sato,,Takayama,JPN,3,2026,36.13643550000006,137.24012740000012,Musée,"Musée d'Art nouveau européen : verreries de Tiffany, Lalique, Daum et Gallé, mobilier et objets de Majorelle à Mackintosh.",Reformulation,,https://thumb.wikimedia.org/wikipedia/commons/thumb/3/34/Hida_Takayama_Museum_of_Art.JPG/1280px-Hida_Takayama_Museum_of_Art.JPG?utm_source=commons.wikimedia.org&utm_campaign=imageinfo&utm_content=thumbnail,Not.found.404 – CC BY-SA 3.0 (Wikimedia Commons),
lieu,96a2e8f4-95bd-546c-96bf-26c717419829,Mont Fuji,,403 8601,Fujiyoshida,JPN,3,2026,35.358575881000036,138.7304683630001,Site naturel,"Le mont Fuji /mɔ̃ fudʒi/ ou /mɔ̃ fuʒi/ est une montagne du centre du Japon qui se trouve sur la côte sud de l'île de Honshū, au sud-ouest de l'agglomération de Tokyo. Avec 3 776 mètres d'altitude, il est le point culminant de l’archipel. Situé dans une région où se rejoignent les plaques tectoniques pacifique, eurasienne et philippine, la montagne est un stratovolcan toujours considéré comme actif, sa dernière éruption certaine s'étant produite fin 1707, bien que le risque éruptif soit actuellement considéré comme faible.",Wikipédia (CC BY-SA),,https://commons.wikimedia.org/wiki/Special:FilePath/Fuji_Kawaguchi_357.JPG?width=1280,Marion &amp; Christoph Aistleitner – CC0 (Wikimedia Commons),https://fr.wikipedia.org/wiki/Mont_Fuji
lieu,a03de0a2-c876-5f1e-8c14-23b03ebd2fce,Jardin Ritsurin-koen,,760-8571,Takamatsu,JPN,3,2026,34.329811533000054,134.04437525600008,Parc ou jardin,"Le Ritsurin-kōen est un jardin historique situé dans la ville de Takamatsu dont l'origine remonte au début du XVIIe siècle. C'est l'un des plus beaux jardins du Japon, le plus vaste à avoir reçu le label de paysage exceptionnel. Adossé au mont Shiun, le jardin présente des paysages variés et pittoresques parsemés d'étangs, de collines boisées, de ponts et de pavillons.",Wikipédia (CC BY-SA),,https://commons.wikimedia.org/wiki/Special:FilePath/Ritsurin.JPG?width=1280,Leela Soden – CC BY-SA 3.0 (Wikimedia Commons),https://fr.wikipedia.org/wiki/Ritsurin-k%C5%8Den
lieu,8ef52880-6d8b-5402-8d05-5c8176633066,Tokyo National Museum,Ueno-koen,,Tokyo,JPN,3,2026,35.67943660000003,139.80677070000002,Musée,"Le musée national de Tokyo, ou TNM, Inauguré en 1872, est le plus ancien et le plus grand musée du Japon. Il se situe à l'intérieur du parc d'Ueno dans l'arrondissement de Taitō à Tokyo. Ce musée possède et préserve une collection complète d'œuvres d'art et d'objets archéologiques du Japon et d'autres pays de l'Asie de l'Est.",Wikipédia (CC BY-SA),,https://commons.wikimedia.org/wiki/Special:FilePath/Tokyo_National_Museum%2C_Honkan_2010.jpg?width=1280,Wiiii – CC BY-SA 3.0 (Wikimedia Commons),https://fr.wikipedia.org/wiki/Mus%C3%A9e_national_de_Tokyo
lieu,050a2ded-260b-52c9-b5f6-e24280d1dc20,Kiyomizu-dera,,604 8571,Kyoto,JPN,3,2026,34.994841747000066,135.7850582760001,Monument religieux,"Le temple Kiyomizu ou Kiyomizu-dera (littéralement « temple de l'eau pure ») fait référence à un complexe de temples bouddhistes et shintoïstes mais est principalement utilisé pour un seul : l'Otowa-san Kiyomizu-dera à l'est de Kyoto, qui est l'un des endroits les plus célèbres de la ville. Il a été enregistré au patrimoine mondial culturel de l'UNESCO en 1994.",Wikipédia (CC BY-SA),,https://commons.wikimedia.org/wiki/Special:FilePath/Kiyomizu-dera%2C_Kyoto%2C_November_2016_-01.jpg?width=1280,Martin Falbisoner – CC BY-SA 4.0 (Wikimedia Commons),https://fr.wikipedia.org/wiki/Kiyomizu-dera
lieu,1ce11b56-d0bb-5690-941f-eb58441bbef9,Daitoku-ji,,604 8571,Kyoto,JPN,3,2026,35.04388559300003,135.74603842700003,Monument religieux,"Le Daitoku-ji est un temple bouddhiste relevant de l'école zen rinzai, situé dans le nord de Kyoto au Japon. Il est constitué d'un complexe de plusieurs temples secondaires et porte également le nom de la montagne Ryuhozan.",Wikipédia (CC BY-SA),,https://commons.wikimedia.org/wiki/Special:FilePath/090228_Daitoku-ji_Kyoto_Japan02s3.jpg?width=1280,663highland – CC BY-SA 4.0 (Wikimedia Commons),https://fr.wikipedia.org/wiki/Daitoku-ji
lieu,d0309b1f-270d-52df-b8b6-50859b647015,Musée national de Kyushu,Attenant au sanctuaire,,Dazaifu,JPN,3,2026,33.51823095900005,130.53810457400004,Musée,"Le musée national de Kyūshū est situé à Dazaifu près de Fukuoka. Ses collections sont centrées sur l'art japonais ancien et classique. Ouvert le 16 octobre 2005, il s'agit du seul musée national ouvert dans les cent dernières années.",Wikipédia (CC BY-SA),,https://commons.wikimedia.org/wiki/Special:FilePath/Kyushu_National_Museum_%E4%B9%9D%E5%B7%9E%E5%9B%BD%E7%AB%8B%E5%8D%9A%E7%89%A9%E9%A4%A8_01.jpg?width=1280,ノボホショコロトソ – CC BY 4.0 (Wikimedia Commons),https://fr.wikipedia.org/wiki/Mus%C3%A9e_national_de_Ky%C5%ABsh%C5%AB
lieu,03a7c861-7e4a-541b-9c6c-6a964d153c88,Jardin Koraku-en,,,Okayama,JPN,3,2026,34.66732200000007,133.93617900000004,Parc ou jardin,"Le Kōrakuen ou Kōraku-en est un jardin japonais situé à Okayama, au sud de l'île de Honshū. Ce jardin de promenade (kaiyūshiki teien) est un des trois jardins les plus célèbres du Japon, avec Kenroku-en à Kanazawa et Kairaku-en à Mito. Le Kōraku-en a été construit en 1700 à la demande de Ikeda Tsunamasa, daimyo d'Okayama.",Wikipédia (CC BY-SA),,https://commons.wikimedia.org/wiki/Special:FilePath/160319_Korakuen_Okayama_Japan04s3.jpg?width=1280,663highland – CC BY 2.5 (Wikimedia Commons),https://fr.wikipedia.org/wiki/K%C5%8Draku-en
lieu,e90bc47d-18a5-5b61-ba6b-e147049b50a0,Panoramas sur la baie de Matsushima,Matsushima Aza Inuta,,Matsushima,JPN,3,2026,38.36397267800004,141.0606414890001,Site naturel,"Points de vue sur la baie de Matsushima, l'un des « trois plus beaux paysages du Japon » ; le site de Shintomi-yama est idéal au coucher du soleil.",Reformulation,,https://thumb.wikimedia.org/wikipedia/commons/thumb/6/69/La_baie_de_Matsushima%2C_vue_du_parc_du_quartier_Namiuchihama_-_A56277XS.jpg/1280px-La_baie_de_Matsushima%2C_vue_du_parc_du_quartier_Namiuchihama_-_A56277XS.jpg?utm_source=commons.wikimedia.org&utm_campaign=imageinfo&utm_content=thumbnail,Dumas Roger – CC BY-SA 4.0 (Wikimedia Commons),
lieu,735c8f2d-8288-5183-b024-28289f7903ae,Lac Mashu,,,Teshikaga,JPN,3,2026,43.580901363000066,144.5313753250001,Site naturel,"Le lac Mashū est un lac de cratère endoréique dans le caldeira d'un volcan potentiellement actif. Il est situé dans le parc national d'Akan sur l'île d'Hokkaidō, au Japon. Le lac est renommé comme étant l'un des lacs à l'eau la plus transparente au monde.",Wikipédia (CC BY-SA),,https://commons.wikimedia.org/wiki/Special:FilePath/Lake_masyu_landsat.jpg?width=1280,Tdk at Japanese Wikipedia – CC BY-SA 3.0 (Wikimedia Commons),https://fr.wikipedia.org/wiki/Lac_Mash%C5%AB
lieu,d3645984-2a6d-5c28-8665-f8bee0a7014a,Villa impériale Katsura,,,Kyoto,JPN,3,2026,34.98398380300006,135.7095864260001,Monument civil et militaire,"Villa princière du XVIIe siècle le long de la rivière Katsura, chef-d'œuvre d'architecture et de jardin japonais d'une grande pureté (visite sur réservation).",Reformulation,,https://thumb.wikimedia.org/wikipedia/commons/thumb/6/6d/Villa_imp%C3%A9riale_de_Katsura_%28Katsura-Rikyu%29_-_le_temple_Onrin-d%C3%B4_-_A55166XS.jpg/1280px-Villa_imp%C3%A9riale_de_Katsura_%28Katsura-Rikyu%29_-_le_temple_Onrin-d%C3%B4_-_A55166XS.jpg?utm_source=commons.wikimedia.org&utm_campaign=imageinfo&utm_content=thumbnail,Dumas Roger – CC BY-SA 4.0 (Wikimedia Commons),
lieu,6fd7bc15-8ca6-5d93-94e8-6eb9c44087c6,Jardin japonais du musée d'art Adachi,320 Furukawa-cho,,Yasugi,JPN,3,2026,35.380113763000054,133.19410306400005,Parc ou jardin,"Le musée d'Art Adachi est un musée d'art moderne entouré d'un jardin japonais considéré comme étant l'un des plus beaux du Japon. Il se trouve dans la municipalité de Yasugi, dans la préfecture de Shimane, près de la jōkamachi (ville-château) de Matsue, le chef-lieu de la préfecture.",Wikipédia (CC BY-SA),,https://commons.wikimedia.org/wiki/Special:FilePath/Adachi_Museum_of_Art10st3200.jpg?width=1280,663highland – CC BY 2.5 (Wikimedia Commons),https://fr.wikipedia.org/wiki/Mus%C3%A9e_d%27Art_Adachi
lieu,989478b5-eb1a-50d0-a8e2-cc0a68a67d56,Porte Yomei-mon du Tosho-gu,,,Nikko,JPN,3,2026,36.75770200000005,139.59878000000003,Monument religieux,"Porte du Tosho-gu de Nikko ornée de 508 sculptures sur 11 m de haut : dragons, licornes et bestiaire fantastique.",Reformulation,,https://thumb.wikimedia.org/wikipedia/commons/thumb/4/49/La_porte_Yomei-mon_du_sanctuaire_shinto_Toshogu_de_Nikko_%28Japon%29_%2828329267737%29.jpg/1280px-La_porte_Yomei-mon_du_sanctuaire_shinto_Toshogu_de_Nikko_%28Japon%29_%2828329267737%29.jpg?utm_source=commons.wikimedia.org&utm_campaign=imageinfo&utm_content=thumbnail,"Jean-Pierre Dalbéra from Paris, France – CC BY 2.0 (Wikimedia Commons)",
lieu,de6494c9-b191-5fea-8ade-b9a18f4e41d2,Miho Museum,"300 Momodani, Tashiro Shigaraki Koka",529 1814,Shiga,JPN,3,2026,34.914969400000075,136.01808610000012,Musée,"Le musée Miho est un musée privé d'antiquités situé dans la préfecture de Shiga, au nord de Kyoto, au Japon. Il est le souhait de l'ancienne chef du culte shintoniste Shinji Shumeikai, Mihoko Koyama. Maison Koyama, la famille de la fondatrice de la secte, a formé une fortune personnelle de cinquante milliards de yens par les dons de ses croyants (qui est appelé « sacrifice de soi »).",Wikipédia (CC BY-SA),,https://commons.wikimedia.org/wiki/Special:FilePath/241119_MIHO_MUSEUM_Koga_Shiga_pref_Japan08s3.jpg?width=1280,663highland – CC BY-SA 4.0 (Wikimedia Commons),https://fr.wikipedia.org/wiki/Mus%C3%A9e_Miho
lieu,0d6a11dc-b74a-58ba-803c-29355b82d342,Ise-Jingu,,516 0037,Ise,JPN,3,2026,34.488869839000074,136.71621455800005,Monument religieux,"Le sanctuaire d'Ise, aussi connu comme le grand sanctuaire d'Ise, est le sanctuaire shinto le plus important du Japon, considéré comme le lieu le plus sacré de cette religion.",Wikipédia (CC BY-SA),,https://commons.wikimedia.org/wiki/Special:FilePath/Naiku_01.JPG?width=1280,No machine-readable author provided. N yotarou assumed (based on copyright claims). – CC BY 2.5 (Wikimedia Commons),https://fr.wikipedia.org/wiki/Sanctuaire_d%27Ise
lieu,fda24dbe-d96d-5cd7-b53b-26a7a0ca9244,Route forestière Seibu Rindoh,,,Nagata,JPN,3,2026,30.309051384000043,130.40724127700003,Site naturel,"Route forestière de 42 km en corniche sur la côte ouest de Yakushima, entre falaises et torrents, où l'on croise cerfs et macaques.",Reformulation,,,,
lieu,d807dd1e-21e8-50f4-815e-935b8e217fad,Route alpine Tateyama-Kurobe,Ashikuraji,,Tateyama,JPN,3,2026,36.58333818600005,137.44489436700007,Site naturel,"Route de montagne à travers les Alpes japonaises, de Tateyama à Omachi, parcourue en funiculaire, bus, trolleybus et téléphérique.",Reformulation,,https://thumb.wikimedia.org/wikipedia/commons/thumb/f/f1/Tateyama_Kurobe_Alpine_Route%2C_Map_%28Japanese%29.jpg/1280px-Tateyama_Kurobe_Alpine_Route%2C_Map_%28Japanese%29.jpg?utm_source=commons.wikimedia.org&utm_campaign=imageinfo&utm_content=thumbnail,Batholith – Public domain (Wikimedia Commons),
lieu,a506107b-947f-58be-b9ca-455a1f7e0b7c,Golden Gai,,,Tokyo,JPN,2,2026,35.694038000000035,139.7043920000001,Ville et village,"Shinjuku Golden Gai est un petit secteur du quartier de Kabukichō, dans l'arrondissement de Shinjuku, à Tokyo, au Japon. Il est connu pour son urbanisme particulier et pour sa vie nocturne. Il est composé de six ruelles connectées par d'étroits passages juste assez larges pour le passage d'une personne.",Wikipédia (CC BY-SA),,https://commons.wikimedia.org/wiki/Special:FilePath/Shinjuku_Golden_Gai.jpg?width=1280,てらたにこういち – CC BY 3.0 (Wikimedia Commons),https://fr.wikipedia.org/wiki/Shinjuku_Golden_Gai
lieu,f3c9bd9d-6329-5a48-a367-47a87639e8d1,Péninsule de Miura,,,Yokosuka,JPN,2,2026,35.276437721000036,139.63531142700003,Site naturel,"À une heure de Tokyo, une péninsule pour la plage, la randonnée ou le vélo, avec en hiver de belles vues sur le mont Fuji.",Reformulation,,https://thumb.wikimedia.org/wikipedia/commons/thumb/2/29/William_Adams_Memorial_Site_Ocean_View%2C_Miura%2C_Japan.jpg/1280px-William_Adams_Memorial_Site_Ocean_View%2C_Miura%2C_Japan.jpg?utm_source=commons.wikimedia.org&utm_campaign=imageinfo&utm_content=thumbnail,Bryanmackinnon – CC BY 4.0 (Wikimedia Commons),
lieu,78c5cba3-ebbd-551f-a09b-5bc4d9861afe,Nezu Museum,6-5-1 Minami-Aoyama,,Tokyo,JPN,2,2026,35.66247969600005,139.71741478400008,Musée,"Le musée Nezu, anciennement Institut des beaux-arts Nezu, situé à Minato district de Tokyo, Japon, abrite la collection privée de Nezu Kaichirō (1860-1940). Ouvert au public en 1940, le musée échappe aux destructions subies par le domaine lors du bombardement de mai 1945. Fermé pour cause d'importants travaux de rénovation et de renouvellement à partir de 2006, le musée ouvre de nouveau ses portes à l'automne 2009 avec un bâtiment complètement nouveau conçu par l'architecte japonais Kengo Kuma.",Wikipédia (CC BY-SA),,https://commons.wikimedia.org/wiki/Special:FilePath/2018_Nezu_Museum_1.jpg?width=1280,Kakidai – CC BY-SA 4.0 (Wikimedia Commons),https://fr.wikipedia.org/wiki/Mus%C3%A9e_Nezu
lieu,fc88ba6e-27c9-5483-a199-3ff4ab033ff8,Ishigaki-jima,,907 0023,Ishigaki,JPN,2,2026,24.40640304300007,124.17546970600006,Site naturel,"L'Ishigaki-jima est l'île principale de l'archipel des Îles Yaeyama au sud-ouest du Japon, faisant partie de l'archipel Sakishima, avec les îles Miyako à l'est et les îles Senkaku plus au nord, et donc de l'archipel Ryūkyū. L'île fait partie du parc national d'Iriomote-Ishigaki.",Wikipédia (CC BY-SA),,https://commons.wikimedia.org/wiki/Special:FilePath/Yaeyama_map.png?width=1280,CC BY-SA 3.0 (Wikimedia Commons),https://fr.wikipedia.org/wiki/Ishigaki-jima
lieu,1b84b744-a331-5549-8151-0cf2c77e7c53,Amano Hashidate,,,Miyazu,JPN,2,2026,35.56963963600003,135.1922401060001,Site naturel,"Amanohashidate ou Ama no hashidate est l'une des trois vues les plus célèbres du Japon. Elle est située non loin de l'anse naturelle de la baie de Wakasu, sur la baie de Miyazu, au nord de la préfecture de Kyoto, entre les Alpes japonaises et la côte pacifique.",Wikipédia (CC BY-SA),,https://commons.wikimedia.org/wiki/Special:FilePath/Amanohashidate-drone.jpg?width=1280,Sylvestre – CC BY 4.0 (Wikimedia Commons),https://fr.wikipedia.org/wiki/Amanohashidate
lieu,d2ff0eb7-2fcc-5fcf-85c2-41277c26f6bc,Fuji TV Building,,,Tokyo,JPN,2,2026,35.62669627500003,139.7741745080001,Monument civil et militaire,"Siège futuriste de Fuji TV à Odaiba signé Kenzo Tange (1996), avec sa sphère-observatoire au 25e étage.",Reformulation,,https://upload.wikimedia.org/wikipedia/commons/4/47/Lascar_Fuji_TV_Building_%281299712324%29.jpg?utm_source=commons.wikimedia.org&utm_campaign=imageinfo&utm_content=thumbnail_unscaled,Jorge Láscar from Australia – CC BY 2.0 (Wikimedia Commons),
lieu,7da6ea07-a0ba-5e06-b3a5-55ef0eadb684,Château de Kochi,,7191174,Kochi,JPN,2,2026,33.560783893000064,133.5315059390001,Monument civil et militaire,"Le château de Kōchi est un château japonais situé à Kōchi, préfecture de Kōchi, au Japon, soit l’ancienne province de Tosa. Construit durant l’époque d’Edo, il est connu pour avoir conservé la plupart de ses bâtiments d'origine.",Wikipédia (CC BY-SA),,https://commons.wikimedia.org/wiki/Special:FilePath/Kochi_Castle08s3872.jpg?width=1280,663highland – CC BY 2.5 (Wikimedia Commons),https://fr.wikipedia.org/wiki/Ch%C3%A2teau_de_K%C5%8Dchi
lieu,b2981539-5006-5aae-bcfd-437fedcca44f,Nanzen-ji,,604 8571,Kyoto,JPN,2,2026,35.00912193900007,135.75482310400002,Monument religieux,"Grand temple zen du XIIIe siècle dans un parc boisé : porte San-mon monumentale, fusuma peints classés et aqueduc de briques.",Reformulation,,https://thumb.wikimedia.org/wikipedia/commons/thumb/f/f7/Nanzen-ji_porte.jpg/1280px-Nanzen-ji_porte.jpg?utm_source=commons.wikimedia.org&utm_campaign=imageinfo&utm_content=thumbnail,Hyppolyte de Saint-Rambert – CC BY-SA 4.0 (Wikimedia Commons),
lieu,9e59283d-f401-5178-8b1c-19e308162353,Terminal international de passagers,Kanagawa-ken,,Yokohama,JPN,2,2026,35.451197000000036,139.64721600000007,Monument civil et militaire,"Terminal maritime conçu par FOA (2002), dont le toit-promenade ondulant en bois et gazon offre de belles vues sur le port de Yokohama.",Reformulation,,https://thumb.wikimedia.org/wikipedia/commons/thumb/1/18/Interior_of_Osanbashi_Yokohama_International_Passenger_Terminal_-_Mar_15%2C_2026.jpg/1280px-Interior_of_Osanbashi_Yokohama_International_Passenger_Terminal_-_Mar_15%2C_2026.jpg?utm_source=commons.wikimedia.org&utm_campaign=imageinfo&utm_content=thumbnail,Dennis Sylvester Hurd – CC BY 4.0 (Wikimedia Commons),
lieu,13a41684-b92c-5efb-8fa8-a84ff43e7bfb,Aquarium Okinawa Churaumi,,,Motobu,JPN,2,2026,26.694161000000065,127.87792100000001,Parc ou jardin,"L'aquarium Churaumi d'Okinawa, est le deuxième plus grand aquarium du monde après le Chimelong Ocean Kingdom, à Zhuhai, en Chine.",Wikipédia (CC BY-SA),,https://thumb.wikimedia.org/wikipedia/commons/thumb/8/87/Okinawa_Churaumi_Aquarium%2C_Motobu-ch%C5%8D%2C_Japan_%28Unsplash%29.jpg/1280px-Okinawa_Churaumi_Aquarium%2C_Motobu-ch%C5%8D%2C_Japan_%28Unsplash%29.jpg?utm_source=commons.wikimedia.org&utm_campaign=imageinfo&utm_content=thumbnail,Daryan Shamkhali daryan – CC0 (Wikimedia Commons),https://fr.wikipedia.org/wiki/Aquarium_Churaumi_d%27Okinawa
lieu,49d9d41b-1909-5240-8569-0e07fe28da43,Shiretoko Goko,,,Utoro,JPN,2,2026,44.12217902000003,145.08030054000005,Site naturel,"Sentier de 3 km autour de cinq lacs de la péninsule de Shiretoko, par des passerelles au-dessus des marécages, dans une nature sauvage.",Reformulation,,https://commons.wikimedia.org/wiki/Special:FilePath/140829_Ichiko_of_Shiretoko_Goko_Lakes_Hokkaido_Japan01s5.jpg?width=1280,663highland – CC BY 2.5 (Wikimedia Commons),https://en.wikipedia.org/wiki/Shiretoko_Goko_Lakes
lieu,cb5269bf-0967-5778-ba13-1bc7a6daaf84,Château d'Inuyama,,484 8501,Inuyama,JPN,2,2026,35.388339796000025,136.9392273740001,Monument civil et militaire,Le château d’Inuyama est un château japonais situé dans la ville d'Inuyama de la préfecture d'Aichi. Le château surplombe le fleuve Kiso qui détermine la frontière entre la préfecture d'Aichi et de Gifu. Le château d'Inuyama est l'un des douze châteaux japonais datant de l'époque d'Edo encore debout.,Wikipédia (CC BY-SA),,https://commons.wikimedia.org/wiki/Special:FilePath/Castle_in_Inuyama.JPG?width=1280,ThorstenS – CC BY-SA 3.0 (Wikimedia Commons),https://fr.wikipedia.org/wiki/Ch%C3%A2teau_d%27Inuyama
lieu,acddd1a4-4408-584f-92ac-d35153b8b5da,Musée japonais du Jouet (Japanese Toy Museum),,,Hojo,JPN,2,2026,34.90750083700004,134.7454065820001,Musée,"Plus de 80 000 jouets de 145 pays répartis dans six bâtiments, dont une riche collection de jouets populaires japonais.",Reformulation,,https://thumb.wikimedia.org/wikipedia/commons/thumb/f/f4/Japan_toy_museum01_1920.jpg/1280px-Japan_toy_museum01_1920.jpg?utm_source=commons.wikimedia.org&utm_campaign=imageinfo&utm_content=thumbnail,663highland – CC BY 2.5 (Wikimedia Commons),
lieu,7c2d3f82-1cc9-553f-80b2-6319041eb418,Musée d'Art contemporain du 21e s. de Kanazawa,,,Kanazawa,JPN,2,2026,36.56083605800006,136.65833186400005,Musée,"Le musée d'art contemporain du XXIe siècle de Kanazawa est un musée d'art contemporain situé à Kanazawa dans la préfecture de Ishikawa au Japon. Le musée a été conçu par les architectes japonais Kazuyo Sejima et Ryue Nishizawa du cabinet d'architecture SANAA en 2004. En octobre 2005, un an après son ouverture, le musée avait déjà enregistré 1 570 000 visiteurs.",Wikipédia (CC BY-SA),,https://commons.wikimedia.org/wiki/Special:FilePath/21st_Century_Museum_of_Contemporary_Art%2C_Kanazawa011.jpg?width=1280,金沢市 – CC BY 2.1 jp (Wikimedia Commons),https://fr.wikipedia.org/wiki/Mus%C3%A9e_d%27Art_contemporain_du_XXIe_si%C3%A8cle_de_Kanazawa
lieu,4b252b1e-109a-5280-b0d8-b89967cb4dba,Asakura Museum of Sculpture,7-18-10 Yanaka,,Tokyo,JPN,2,2026,35.72686900000008,139.76829900000007,Musée,Maison-atelier du sculpteur Fumio Asakura (1883-1964) autour d'un jardin japonais ; ses bronzes de chats sont particulièrement célèbres.,Reformulation,,https://thumb.wikimedia.org/wikipedia/commons/thumb/7/75/Asakura_Museum_of_Sculpture_-_front_-_Nov_3_2015.jpg/1280px-Asakura_Museum_of_Sculpture_-_front_-_Nov_3_2015.jpg?utm_source=commons.wikimedia.org&utm_campaign=imageinfo&utm_content=thumbnail,Nesnad – CC BY 3.0 (Wikimedia Commons),
lieu,c9857f0f-d08b-55d6-a9c8-8bf3582ad3e0,Rakan-ji,,,Nakatsu,JPN,2,2026,33.48090076300008,131.186453636,Monument religieux,"Rakan-ji est un temple Sōtō situé à Nakatsu, préfecture d'Ōita au Japon. Le temple est situé sur le versant du mont Rakan, la falaise rocheuse aux innombrables grottes. La porte principale ainsi que le bâtiment principal se tiennent directement dans la falaise rocheuse.",Wikipédia (CC BY-SA),,https://commons.wikimedia.org/wiki/Special:FilePath/Rakan-ji_Main_Gate_in_cliffside.png?width=1280,Bpcon98 – CC0 (Wikimedia Commons),https://fr.wikipedia.org/wiki/Rakan-ji
lieu,ba953da6-5c9c-5c53-9223-5aac4b373e7e,Shinjuku,Nishi-Shinjuku,,Tokyo,JPN,2,2026,35.690329736000024,139.683389658,Ville et village,"Shinjuku est l'un des 23 arrondissements spéciaux de Tokyo fondés en 1947 en remplacement de la municipalité de Tokyo. En septembre 2025, sa population est de 360 048 personnes pour une superficie de 18,22 km2. L'arrondissement abrite le gouvernement de la métropole de Tokyo.",Wikipédia (CC BY-SA),,https://commons.wikimedia.org/wiki/Special:FilePath/Skyscrapers_of_Shinjuku_2009_January.jpg?width=1280,Morio – CC BY-SA 3.0 (Wikimedia Commons),https://fr.wikipedia.org/wiki/Shinjuku
lieu,f1993510-4c43-5345-b76b-8c2a76a8207c,Idemitsu Museum of Arts,3-1-1 3-1-1 Marunouchi - Teigeki Building - Chiyoda-ku,,Tokyo,JPN,2,2026,35.67943660000003,139.80677070000002,Musée,"Musée fondé par l'industriel Sazo Idemitsu : porcelaines de Hizen, œuvres du peintre Sengai et belles expositions temporaires.",Reformulation,,,,
lieu,5d89ce46-e9d8-5a32-a7f4-afd1a55a2843,Yanaka Cemetery,,,Tokyo,JPN,2,2026,35.72358186500003,139.7704597920001,Monument religieux,"Le cimetière de Yanaka est un cimetière situé dans l'arrondissement de Taitō à Tokyo. Ce secteur de la ville est l'une des zones dans laquelle l'atmosphère du vieux Shitamachi peut encore se faire sentir. Le cimetière est célèbre pour ses cerisiers en fleur qui couvrent complètement ses chemins au mois d'avril, son allée centrale est ainsi souvent appelée l'« avenue des cerisiers en fleur ».",Wikipédia (CC BY-SA),,https://commons.wikimedia.org/wiki/Special:FilePath/Yanaka_cemetery.jpg?width=1280,Multa – CC BY-SA 3.0 (Wikimedia Commons),https://fr.wikipedia.org/wiki/Cimeti%C3%A8re_de_Yanaka
lieu,92a6233b-a61b-5360-9950-8e953eeb33aa,Senso-ji,Nakamise-dori,,Tokyo,JPN,2,2026,35.71371620000008,139.7966246000001,Monument religieux,"Le Sensō-ji est un temple bouddhiste situé à Tokyo, dans le quartier d'Asakusa (arrondissement de Taitō). C'est le plus vieux temple de la capitale japonaise. Il est dédié à la déesse bodhisattva Kannon.",Wikipédia (CC BY-SA),,https://commons.wikimedia.org/wiki/Special:FilePath/Sensoji_2023.jpg?width=1280,Akonnchiroll – CC0 (Wikimedia Commons),https://fr.wikipedia.org/wiki/Sens%C5%8D-ji
lieu,577f25c8-ce65-574b-9327-d52ad07d7c20,Nageiredo,,,Misasa,JPN,2,2026,35.39652168900005,133.95947275100002,Monument religieux,"Petit temple accroché dans une paroi rocheuse du mont Mitoku, atteint après une ascension escarpée où l'on s'aide des racines.",Reformulation,,https://thumb.wikimedia.org/wikipedia/commons/thumb/9/90/Japan_Tottori_MitokuSan_Nageiredo_DSC01248.jpg/1280px-Japan_Tottori_MitokuSan_Nageiredo_DSC01248.jpg?utm_source=commons.wikimedia.org&utm_campaign=imageinfo&utm_content=thumbnail,Copyright © 2003 David Monniaux – CC BY-SA 3.0 (Wikimedia Commons),
lieu,a1494a24-2edb-5ba6-a23d-0ebfd175e260,To-ji,,,Kyoto,JPN,2,2026,34.98110421500007,135.74760734000006,Monument religieux,Le Tō-ji est un temple bouddhiste japonais de tradition Shingon situé à Kyōto. Son nom officiel est « Kyō-ō-gokoku-ji » mais il est plus connu sous le nom de « Tō-ji ».,Wikipédia (CC BY-SA),,https://commons.wikimedia.org/wiki/Special:FilePath/Toji_2015.JPG?width=1280,Kakidai – CC BY-SA 4.0 (Wikimedia Commons),https://fr.wikipedia.org/wiki/T%C5%8D-ji
lieu,3b617e42-4e18-5285-9012-edc1b1667cc7,The National Art Center,"7-22-2 Roppongi, Minato-ku",,Tokyo,JPN,2,2026,35.665033350000044,139.72607835000008,Monument civil et militaire,"Le centre national des Arts de Tokyo est un musée d'art moderne fondé en 2007 et situé à Tokyo, au Japon, dans le quartier de Roppongi à proximité du complexe Tokyo Midtown, où l'on trouve le 21 21 DESIGN SIGHT. Le bâtiment a été conçu par l'architexte Kishō Kurokawa. C'est un des plus grands espaces d'exposition du Japon. Contrairement aux autres musées nationaux, le NACT est un musée vide, sans collection, exposition permanente ou curateur.",Wikipédia (CC BY-SA),,https://commons.wikimedia.org/wiki/Special:FilePath/The_National_Art_Center_%2C_Tokyo_-_panoramio_%281%29.jpg?width=1280,Kaz Ish – CC BY-SA 3.0 (Wikimedia Commons),https://fr.wikipedia.org/wiki/Centre_national_des_Arts_de_Tokyo
lieu,eed5e975-71a9-534a-9b1a-83e32c768e89,Cratère du Naka-dake,,,Bochu,JPN,2,2026,32.88176400000003,131.08427500000005,Site naturel,"Cratère actif du mont Aso aux roches noires et fumerolles permanentes, qui abrite un lac acide d'un vert profond.",Reformulation,,https://thumb.wikimedia.org/wikipedia/commons/thumb/b/b4/Sulphuric_lake_in_Naka-dake_crater_%285274089965%29.jpg/1280px-Sulphuric_lake_in_Naka-dake_crater_%285274089965%29.jpg?utm_source=commons.wikimedia.org&utm_campaign=imageinfo&utm_content=thumbnail,KimonBerlin – CC BY-SA 2.0 (Wikimedia Commons),
lieu,1fcb0619-1f65-5dd8-86c8-e647ad67a0cb,Aoshima jinja,,,Miyazaki,JPN,2,2026,31.80415956300004,131.4757800100001,Monument religieux,"Aoshima-jinja est un sanctuaire shintô situé dans la ville de Miyazaki, préfecture de Miyazaki (Japon). Il est dédié aux kamis de la religion shintō Hoori, Otohime et Shiotsuchi-no-oji.",Wikipédia (CC BY-SA),,https://commons.wikimedia.org/wiki/Special:FilePath/Aoshima_Shrine.jpg?width=1280,JKT-c – CC BY 3.0 (Wikimedia Commons),https://fr.wikipedia.org/wiki/Aoshima-jinja
lieu,fa34d174-bb28-5333-bfec-75da6099f834,Iriomote-jima,,,Toyohara,JPN,2,2026,24.329921438000042,123.81881367200003,Site naturel,"L'île d'Iriomote est par sa surface la plus grande île de l'archipel des Îles Yaeyama au sud-ouest du Japon, faisant partie de l'archipel Sakishima, avec les îles Miyako à l'est et les îles Senkaku plus au nord, et donc des îles Ryūkyū. Elle fait partie du bourg de Taketomi dans la préfecture d'Okinawa et compte environ 2 000 habitants pour une surface de 289 km2. Ses principales infrastructures sont un port et une route principale, qui fait environ la moitié du tour de l'île ; aussi certains villages ne sont accessibles que par la voie des eaux.",Wikipédia (CC BY-SA),,https://commons.wikimedia.org/wiki/Special:FilePath/Iriomote_Jima_1.jpg?width=1280,"Tzuhsun Hsu from Taipei, Taiwan – CC BY-SA 2.0 (Wikimedia Commons)",https://fr.wikipedia.org/wiki/Iriomote-jima
lieu,bdec74c8-914e-5ae2-9e1a-498f29b74d5c,Koryu-ji,,604 8571,Kyoto,JPN,2,2026,35.01491532500006,135.70732680000003,Monument religieux,"Le Kōryū-ji est un temple shingon situé à Uzumasa, arrondissement d'Ukyō de la ville de Kyoto au Japon, aussi connu sous les noms Uzumasa-dera et Kadono-dera, anciennement appelé Hatanokimi-dera, Hachioka-dera et Hōkō-ji. Kōryū-ji a été construit en 603 par Hata no Kawakatsu après avoir reçu une statue bouddhiste de la part du prince Shōtoku, ce qui en ferait le plus ancien temple de Kyoto. Des incendies en 818 et 1150 ont entièrement détruit le complexe du temple qui a été reconstruit plusieurs fois depuis.",Wikipédia (CC BY-SA),,https://commons.wikimedia.org/wiki/Special:FilePath/Kouryuji_Taishiden.jpg?width=1280,PlusMinus – CC BY-SA 3.0 (Wikimedia Commons),https://fr.wikipedia.org/wiki/K%C5%8Dry%C5%AB-ji
lieu,74c6d9f7-5fa4-5380-be12-633aec946b34,Vallée de Kiso,,,Kiso-Hirasawa,JPN,2,2026,35.98098578200006,137.83110229200008,Site naturel,"Vallée de l'ancienne route Nakasendo, jalonnée de villages-étapes préservés comme Narai, Tsumago et Magome.",Reformulation,,https://thumb.wikimedia.org/wikipedia/commons/thumb/9/9c/JR_Central_Kiso-hirasawa_substation.jpg/1280px-JR_Central_Kiso-hirasawa_substation.jpg?utm_source=commons.wikimedia.org&utm_campaign=imageinfo&utm_content=thumbnail,photo: Qurren (talk) Taken with Canon IXY 10S – CC BY-SA 3.0 (Wikimedia Commons),
lieu,72d9850c-596d-5c5e-98d2-65ac7162fbcb,Jardin Suizen-ji,,860 8601,Kumamoto,JPN,2,2026,32.791300507000074,130.735544279,Parc ou jardin,"Suizen-ji Jōju-en est un jardin japonais de style tsukiyama situé à l'intérieur du (parc Suizen-ji, préfecture de Kumamoto au Japon. Le tsukiyama principal est une reproduction du mont Fuji. Hosokawa Tadatoshi a commencé la construction du jardin en 1636 afin d'en faire un lieu de retraite où prendre le thé.",Wikipédia (CC BY-SA),,https://commons.wikimedia.org/wiki/Special:FilePath/Kumamoto_Suizenji-jojuen01n4272.jpg?width=1280,663highland – CC BY 2.5 (Wikimedia Commons),https://fr.wikipedia.org/wiki/Suizen-ji_J%C5%8Dju-en
lieu,50926bfd-2af3-5e09-a81f-9d8c7dcdc7af,Tokyo Photographic Art Museum,1-13-3 Mita - Meguro-ku,,Tokyo,JPN,2,2026,35.641553900000076,139.7131879000001,Musée,"Le musée métropolitain de photographie de Tokyo est un musée consacré à la photographie. Fondé par le Tokyo Metropolitan Government, il est situé à Meguro, à peu de distance de la gare d'Ebisu dans le Sud-Ouest de Tokyo. Le musée dispose également d'une salle de cinéma.",Wikipédia (CC BY-SA),,https://commons.wikimedia.org/wiki/Special:FilePath/Tokyo_Metropolitan_Museum_of_Photography_entrance_2011_January.jpg?width=1280,Morio – CC BY-SA 3.0 (Wikimedia Commons),https://fr.wikipedia.org/wiki/Mus%C3%A9e_m%C3%A9tropolitain_de_la_photographie_de_Tokyo
lieu,e02be78c-dbda-5105-86c0-690bcea8d401,Musée national de Nara,Nara-koen,,Nara,JPN,2,2026,34.683643380000035,135.83692551000001,Musée,"Le musée national de Nara, fondé en 1889 et ouvert au public en 1895, est un important musée d'art situé à Nara au Japon (ancienne capitale au VIIIe siècle). Il possède des fonds particulièrement riches sur l’art bouddhique. Le musée agit également comme maison d’édition et publie divers ouvrages académiques ainsi que le Bulletin du musée national de Nara (Rokuon zasshū) depuis 1999.",Wikipédia (CC BY-SA),,https://commons.wikimedia.org/wiki/Special:FilePath/140927_Nara_National_Museum_Nara_Japan03bs5.jpg?width=1280,663highland – CC BY 2.5 (Wikimedia Commons),https://fr.wikipedia.org/wiki/Mus%C3%A9e_national_de_Nara
lieu,b1eb75fe-d459-5bfb-a542-8cab4a7ec6d5,Ligne Yurikamome,,,Tokyo,JPN,2,2026,35.66618088800004,139.75837531600007,Monument civil et militaire,"Monorail automatique qui relie Shimbashi à Odaiba en traversant le Rainbow Bridge, avec de belles vues sur la baie de Tokyo.",Reformulation,,https://thumb.wikimedia.org/wikipedia/commons/thumb/4/47/Yurikamome_Shimbashi_Station_%282019-05-04%29_02.jpg/1280px-Yurikamome_Shimbashi_Station_%282019-05-04%29_02.jpg?utm_source=commons.wikimedia.org&utm_campaign=imageinfo&utm_content=thumbnail,Lombroso – CC BY-SA 4.0 (Wikimedia Commons),
lieu,f6abd1c7-0ea6-5ff3-9d1b-1f433bc74f74,Teshima Art Museum,,,Karato,JPN,2,2026,34.489546414000074,134.0911234470001,Musée,"Le Musée d'art de Teshima est un musée situé sur l'île de Teshima dans la mer intérieure de Seto, dans la préfecture de Kagawa, au Japon. Il abrite une seule œuvre d'art. Il est géré par la Fondation Benesse.",Wikipédia (CC BY-SA),,https://commons.wikimedia.org/wiki/Special:FilePath/Teshima_Art_Museum_exterior_view_201310.jpg?width=1280,"Kentaro Ohno from Tokyo, Japan – CC BY 2.0 (Wikimedia Commons)",https://fr.wikipedia.org/wiki/Mus%C3%A9e_d%27art_de_Teshima
lieu,d635527b-10dd-5dae-8f38-d1a1391182ac,Aquarium de Nagoya,,455-0033,Nagoya,JPN,2,2026,35.09063800000007,136.87816500000008,Parc ou jardin,"L'aquarium du port de Nagoya est un aquarium japonais situé dans la région du Chūbu, à Nagoya. C'est l'un des deux delphinariums japonais présentant des orques, avec le Kamogawa Seaworld. Il présente actuellement 13 grands dauphins, 6 bélugas, 3 orques et 3 dauphins à flancs blancs du Pacifique.",Wikipédia (CC BY-SA),,https://commons.wikimedia.org/wiki/Special:FilePath/Port_of_Nagoya_Public_Aquarium1.jpg?width=1280,Bariston – CC BY-SA 4.0 (Wikimedia Commons),https://fr.wikipedia.org/wiki/Aquarium_du_port_de_Nagoya
lieu,afa7fafe-3bd7-5313-a443-1b225d38b45e,Kumano Nachi Taisha,,,,JPN,2,2026,33.66853857600006,135.8903843800001,Monument religieux,Le Kumano Nachi-taisha est un sanctuaire shinto et temple bouddhiste de la ville de Nachikatsuura dans la préfecture de Wakayama (Japon). Il fait partie des trois sanctuaires sacrés du Kumano Sanzan avec le Hongu-taisha et le Kumano Hayatama-taisha. Le site fut ajouté sur la liste du patrimoine mondial de l'Unesco le 1er juillet 2004 en tant que partie des sites sacrés et chemins de pèlerinage dans les monts Kii.,Wikipédia (CC BY-SA),,https://commons.wikimedia.org/wiki/Special:FilePath/Kumano-Nachi-shrine002.JPG?width=1280,Kansai explorer – CC BY 3.0 (Wikimedia Commons),https://fr.wikipedia.org/wiki/Kumano_Nachi-taisha
lieu,53f4d054-ebab-5476-89ca-b3ce8fd0cffb,Îles Oki,,,Okino-shima,JPN,2,2026,36.17113100100005,133.14469917000008,Site naturel,"Archipel volcanique classé géoparc Unesco : pâturages en haut de falaises, forêts sauvages et eaux cristallines.",Reformulation,,https://thumb.wikimedia.org/wikipedia/commons/thumb/3/38/Oki_Islands_Shimane.png/1280px-Oki_Islands_Shimane.png?utm_source=commons.wikimedia.org&utm_campaign=imageinfo&utm_content=thumbnail,Krisgrotius – Public domain (Wikimedia Commons),
lieu,740cbf98-d921-505c-8ebe-9ae00f191f56,Musée Hokusai-kan,,,Obuse,JPN,2,2026,36.694417119000036,138.3171875050001,Musée,"Le musée Hokusai est un musée d'art situé à Obuse, une ville du district de Kamitakai, dans la préfecture de Nagano, au Japon. L'établissement est membre de l'Association japonaise d'ukiyo-e.",Wikipédia (CC BY-SA),,https://commons.wikimedia.org/wiki/Special:FilePath/Hokusai_Museum.jpg?width=1280,キャンター – CC BY-SA 4.0 (Wikimedia Commons),https://fr.wikipedia.org/wiki/Mus%C3%A9e_Hokusai
lieu,e936e789-2506-568e-b335-0d28aa76aeec,Kawaguchiko Muse Museum,Kawaguchico-Ohashi Bridge,,Kawaguchiko,JPN,2,2026,35.51081712100006,138.75287650600012,Musée,"Musée des poupées de tissu de l'artiste Yuki Atae, aux expressions d'une étonnante intensité.",Reformulation,,https://thumb.wikimedia.org/wikipedia/commons/thumb/6/64/Kawaguchiko_Muse_Museum.JPG/1280px-Kawaguchiko_Muse_Museum.JPG?utm_source=commons.wikimedia.org&utm_campaign=imageinfo&utm_content=thumbnail,Abasaa – Public domain (Wikimedia Commons),
lieu,0d397b9e-ceaa-5823-bba6-0a3ec98a8e67,Ancienne route du Tokaido,,250 0521,Hakone,JPN,2,2026,35.20558301400007,139.0409368490001,Site naturel,Allée de cèdres centenaires plantés le long de l'ancienne route du Tokaido pour ombrager voyageurs et shoguns.,Reformulation,,https://upload.wikimedia.org/wikipedia/commons/c/c6/Le_poste_de_contr%C3%B4le_d%27Hakone_%28ancienne_route_du_Toka%C3%AFdo%2C_Japon%29_%2840511655100%29.jpg?utm_source=commons.wikimedia.org&utm_campaign=imageinfo&utm_content=thumbnail_unscaled,"Jean-Pierre Dalbéra from Paris, France – CC BY 2.0 (Wikimedia Commons)",
lieu,f686ae7f-f633-5423-9053-dd58ce7e7166,Kodai-ji,,604 8571,Kyoto,JPN,2,2026,34.68291087800003,135.83220539800004,Monument religieux,"Le Kōdai-ji, au nom officiel de Jubuzan Kōdai-ji, est un temple de l'école Rinzai du bouddhisme zen, situé dans l'arrondissement de Higashiyama-ku à Kyoto, au Japon, plus grand sous-temple de la branche Kennin-ji. Il est fondé en 1606 par Nene (souvent connu par le titre Kita no mandokoro et qui a pris le nom de Kōdai-in), la veuve de Toyotomi Hideyoshi, afin de prier pour son défunt mari. La principale image du temple est une statue de Shaka.",Wikipédia (CC BY-SA),,https://commons.wikimedia.org/wiki/Special:FilePath/Kodaiji-2002-0098.jpg?width=1280,Fg2 – Public domain (Wikimedia Commons),https://fr.wikipedia.org/wiki/K%C5%8Ddai-ji
lieu,c2ae87c8-6733-5822-a798-1cd436f7b57b,Parc national de Nikko,,,,JPN,2,2026,36.74226354100006,139.56826665000006,Site naturel,"À deux heures de Tokyo, montagnes, lacs, cascades et sanctuaires classés à l'Unesco composent l'un des plus beaux parcs du Japon.",Reformulation,,https://thumb.wikimedia.org/wikipedia/commons/thumb/c/c2/Nikko_National_Park_banner.jpg/1280px-Nikko_National_Park_banner.jpg?utm_source=commons.wikimedia.org&utm_campaign=imageinfo&utm_content=thumbnail,"Lake_Chuzenji_-_Nikko_National_Park.jpg: Daderot
derivative work: Inkey – Public domain (Wikimedia Commons)",
lieu,19e081b3-0a6f-56b6-8828-6484c0daffa2,Musée des Ukiyo-e du Japon (JUM),,,Matsumoto,JPN,2,2026,36.23172863900004,137.93459280500008,Musée,"Le musée japonais de l'ukiyo-e est un musée d'art japonais privé situé à Matsumoto, dans la préfecture de Nagano. Il est consacré aux estampes japonaises sur bois. Le musée japonais de l'ukiyo-e a été créé en 1982 par la famille de l'entreprise locale Sakai.",Wikipédia (CC BY-SA),,https://commons.wikimedia.org/wiki/Special:FilePath/MatsumotoJapanUkiyoeMuseum.jpg?width=1280,Public domain (Wikimedia Commons),https://fr.wikipedia.org/wiki/Mus%C3%A9e_japonais_de_l%27ukiyo-e
lieu,6d042542-fbea-5e07-aef2-28ed43a7c96c,Okawachiyama,Okawachiyama,,Imari,JPN,2,2026,33.23433300000005,129.8945060000001,Ville et village,"Village de porcelainiers niché dans la montagne au-dessus d'Imari, où se perpétue la céramique au kaolin bleu et blanc.",Reformulation,,https://upload.wikimedia.org/wikipedia/commons/6/6e/Nabeshimayaki_Okawachiyama_Imari-shi_Saga-ken_PB110126.jpg?utm_source=commons.wikimedia.org&utm_campaign=imageinfo&utm_content=thumbnail_unscaled,Akiyoshi's Room – Public domain (Wikimedia Commons),
lieu,2f45b6f2-97e4-54b6-9955-11756b15d82b,Théâtre de marionnettes Awaji Ningyo-za,,,Minamiawaji,JPN,2,2026,34.255978285000026,134.7199124330001,Monument civil et militaire,"Théâtre qui perpétue les marionnettes d'Awaji, tradition vieille de 500 ans : trois manipulateurs par marionnette, shamisen et récitant.",Reformulation,,,,
lieu,207d3eba-ea10-5b86-bfe4-ff6761b13775,Vallée Owakudani,,250 0521,Hakone,JPN,2,2026,35.24419800000004,139.0227470000001,Site naturel,"Ōwakudani est une vallée volcanique à Hakone, dans la préfecture de Kanagawa au Japon. L'activité volcanique se manifeste par ses onsens (sources chaudes) et ses émanations de soufre.",Wikipédia (CC BY-SA),,https://commons.wikimedia.org/wiki/Special:FilePath/View_of_Owakudani_Valley_from_Hakone_Cable_Car.JPG?width=1280,そらみみ – CC BY-SA 3.0 (Wikimedia Commons),https://fr.wikipedia.org/wiki/%C5%8Cwakudani
lieu,f3831cf2-2f57-5881-ae4e-04d29e9c8117,Lac Onneto,,,Ashoro,JPN,2,2026,43.38341395900005,143.9690183340001,Site naturel,"Le lac Onnetō, de l'aïnou onne (ancien) et to (lac), est un lac d'eau douce près d'Ashoro dans le parc national d'Akan de Hokkaidō, au Japon.",Wikipédia (CC BY-SA),,https://commons.wikimedia.org/wiki/Special:FilePath/Onnneto.jpg?width=1280,Tokino – CC BY-SA 3.0 (Wikimedia Commons),https://fr.wikipedia.org/wiki/Lac_Onnet%C5%8D
lieu,3113d8e0-2762-5b77-bd7a-025a7b055b23,Peace Memorial Park,R 331 - Itoman,730 8586,Hiroshima,JPN,2,2026,34.392845486000056,132.452475079,Site historique et archéologique,"Le parc du Mémorial de la Paix de Hiroshima est un parc situé dans le centre-ville de Hiroshima, au Japon. Ouvert le 1er avril 1954, il fut créé par l'architecte Kenzō Tange afin de commémorer les victimes du bombardement atomique de Hiroshima. De nombreux bâtiments ont été construits en souvenir de l'attaque et dans l'espoir d'une paix durable.",Wikipédia (CC BY-SA),,https://commons.wikimedia.org/wiki/Special:FilePath/20181111_Hiroshima_Memorial_Cenotaph-1.jpg?width=1280,Balon Greyjoy – CC0 (Wikimedia Commons),https://fr.wikipedia.org/wiki/Parc_du_M%C3%A9morial_de_la_Paix_de_Hiroshima
lieu,87794d24-39a6-5f2c-9278-5c2eda236063,Byodo-in,,,Uji,JPN,2,2026,34.88924026600006,135.80734568800005,Monument religieux,"Le Byōdō-in est un temple bouddhiste établi par Fujiwara no Yorimichi en 1052, à la fin de l'époque de Heian, dans la ville de Uji dans la préfecture de Kyōto au Japon. Le bâtiment le plus célèbre est le pavillon du Phénix ou pavillon d'Amida, dont la construction est achevée en 1053. Le propriétaire précédent, Minamoto no Tōru, utilisait le bâtiment comme résidence de campagne.",Wikipédia (CC BY-SA),,https://commons.wikimedia.org/wiki/Special:FilePath/Phoenix_Hall.jpg?width=1280,Sergeisemenov – CC BY-SA 4.0 (Wikimedia Commons),https://fr.wikipedia.org/wiki/By%C5%8Dd%C5%8D-in
lieu,642413e5-6db0-5d24-9d55-9677d1640fb2,Gyokusen-ji,,,Shimoda,JPN,2,2026,34.67582020400005,138.9624589990001,Monument religieux,"Le Gyokusen-ji est un petit temple bouddhiste consacré à Shaka Nyorai, situé à Shimoda, préfecture de Shizuoka au Japon. Il est remarquable en ce qu'il a été le premier consulat américain au Japon.",Wikipédia (CC BY-SA),,https://commons.wikimedia.org/wiki/Special:FilePath/Gyokusenji_temple_shimoda_2007-02-24.jpg?width=1280,No machine-readable author provided. Geomr~commonswiki assumed (based on copyright claims). – CC BY-SA 3.0 (Wikimedia Commons),https://fr.wikipedia.org/wiki/Gyokusen-ji
lieu,e716c187-17c1-5ffe-8b2d-395de61c915f,Shigetsu-den,"Traversez la rivière Katsura, puis suivez les panneaux",,Shuzenji,JPN,2,2026,34.96943421200007,138.92798221300006,Monument religieux,"Plus ancien bâtiment en bois de la péninsule d'Izu (XIIIe siècle), bâti par Hojo Masako en mémoire de son fils assassiné.",Reformulation,,,,
lieu,d86f7f40-7ac4-5d8a-bf54-377970f54be5,Shirakami-sanchi,,023 1762,Fujisato,JPN,2,2026,40.45561900000007,140.1688180000001,Site naturel,"Le Shirakami-Sanchi est situé dans les montagnes du nord de Honshū au Japon à la bordure des préfectures d'Aomori et d'Akita. Cette région reculée sans aucune route ni sentier comporte les derniers vestiges des forêts tempérées du Japon. Le site, classé au patrimoine mondial de l'UNESCO en 1993, a une superficie principale de 10 139 ha, avec une zone tampon de 6 832 ha.",Wikipédia (CC BY-SA),,https://commons.wikimedia.org/wiki/Special:FilePath/MG_1608-1s.jpg?width=1280,No machine-readable author provided. Teser~commonswiki assumed (based on copyright claims). – CC BY 2.5 (Wikimedia Commons),https://fr.wikipedia.org/wiki/Shirakami-Sanchi
lieu,698e327e-3c90-5cc8-96a6-68990220479c,Goryokaku,"43-9, Goryokaku-cho",,Hakodate,JPN,2,2026,41.79634940400007,140.75674536000008,Monument civil et militaire,Goryōkaku est une forteresse située dans la ville de Hakodate au Japon. Elle a été la principale forteresse de la république d'Ezo (1868-1869).,Wikipédia (CC BY-SA),,https://commons.wikimedia.org/wiki/Special:FilePath/Hakodate_Goryokaku_Panorama_1.JPG?width=1280,Keihin nike – CC BY-SA 3.0 (Wikimedia Commons),https://fr.wikipedia.org/wiki/Gory%C5%8Dkaku
lieu,ffa0bc9b-d524-5ea0-b73a-73d1bba22f68,Gosai-den,"7 Tamuke Aza, Toge, Haguro-machi",,Tsuruoka,JPN,2,2026,38.705738577000034,139.96415065000008,Monument religieux,"Sanctuaire au sommet du mont Haguro, l'une des trois montagnes sacrées de Dewa, coiffé d'un toit de chaume d'une épaisseur remarquable.",Reformulation,,,,
lieu,1f532dab-e602-5067-b20c-aaa35b50b5e2,Churen-ji,,,Tsuruoka,JPN,2,2026,38.602298000000076,139.88659400000006,Monument religieux,"Temple du IXe siècle célèbre pour la momie du moine Tetsumonkai, qui s'est auto-momifié par le jeûne et l'ascèse.",Reformulation,,,,
lieu,407bf54e-994c-5340-942a-69e8dc452496,Barrage de Kurobe,Ashikuraji,,Tateyama,JPN,2,2026,36.56643946300005,137.662132551,Monument civil et militaire,"Le barrage de Kurobe est un barrage construit sur le fleuve Kurobe, dans la préfecture de Toyama, au Japon.",Wikipédia (CC BY-SA),,https://commons.wikimedia.org/wiki/Special:FilePath/Kurobe_Dam_survey.jpg?width=1280,Qurren – CC BY-SA 3.0 (Wikimedia Commons),https://fr.wikipedia.org/wiki/Barrage_de_Kurobe
lieu,bae0f57c-a875-56b1-8ccd-accff456282d,Parc de la plage Ohama (Ohama Seaside Park),,,Naze,JPN,2,2026,28.405183286000067,129.45456963200002,Parc ou jardin,"Parc côtier près de Naze, sur l'île Amami-Ōshima : plage de sable blanc, eau turquoise, récif corallien et couchers de soleil.",Reformulation,,,,
lieu,2520a723-8eb5-5d7a-b24d-6e1816f7fa44,Jardin Sankei-en,58-1 Sannotani Honmoku - Naka-ku,,Yokohama,JPN,2,2026,35.41795064300004,139.66144829600012,Parc ou jardin,"Le Sankei-en est un jardin de style japonais traditionnel situé dans l'arrondissement de Naka, à Yokohama au Japon.",Wikipédia (CC BY-SA),,https://commons.wikimedia.org/wiki/Special:FilePath/Sangkaien_Garden.jpg?width=1280,Arisdp – CC BY-SA 3.0 (Wikimedia Commons),https://fr.wikipedia.org/wiki/Sankei-en
lieu,ba2562bd-602f-50f4-a8c2-2d1aae7772ca,Futatsu-game et Ono-game,,,Negai,JPN,2,2026,38.33115541500007,138.48580835400003,Site naturel,"Deux sites rocheux reliés par un sentier à la pointe nord-est de l'île Okinoerabu, dont une plage en forme de « deux tortues ».",Reformulation,,,,
lieu,f389f8cd-c61a-5c99-8a0a-6a3eecb77a84,Musée des Arts et traditions du bois de Takenaka,"7-5-1 Kumochi-cho, Chuo-ku",,Kobe,JPN,2,2026,34.70676000000003,135.1971860000001,Musée,"Musée consacré à l'artisanat du bois et à la charpenterie japonaise : outils, techniques et transmission des savoir-faire.",Reformulation,,,,
lieu,4cdaae1e-f295-5470-be78-a90debfaa204,Musée d'Art asiatique de Fukuoka,7F-8F Riverain Center Building,,Fukuoka,JPN,2,2026,33.59517489600006,130.40588219900008,Musée,"Le musée des arts asiatiques de Fukuoka est un musée public consacré aux œuvres d'art asiatiques. Il est situé à Fukuoka, dans la préfecture du même nom.",Wikipédia (CC BY-SA),,https://commons.wikimedia.org/wiki/Special:FilePath/%E5%8D%9A%E5%A4%9A%E3%83%AA%E3%83%90%E3%83%AC%E3%82%A4%E3%83%B3%E3%83%A2%E3%83%BC%E3%83%AB_by_TAKASHIMAYA.JPG?width=1280,Jojimuke – CC BY-SA 4.0 (Wikimedia Commons),https://fr.wikipedia.org/wiki/Mus%C3%A9e_des_arts_asiatiques_de_Fukuoka
lieu,d283bb86-ddaf-506c-8f2f-d34b8be3a9d3,Jogashima,,,Miura,JPN,2,2026,35.13451237500004,139.62087847500004,Site naturel,Jōga-shima est une île du Japon située à l'extrémité sud de la péninsule de Miura.,Wikipédia (CC BY-SA),,https://commons.wikimedia.org/wiki/Special:FilePath/Jo_ga_Shima01.jpg?width=1280,Attribution (Wikimedia Commons),https://fr.wikipedia.org/wiki/J%C5%8Dga-shima
lieu,331cf90b-b6f0-5242-823d-21b4489e3b3a,Résidence Homma,,,Sakata,JPN,2,2026,38.92341300000004,139.84263700000008,Monument civil et militaire,"Demeure de 1768 bâtie par la riche famille Homma pour accueillir le seigneur, mêlant résidence de samouraï et maison de marchand.",Reformulation,,https://thumb.wikimedia.org/wikipedia/commons/thumb/0/04/Old_Homma_family_residence.JPG/1280px-Old_Homma_family_residence.JPG?utm_source=commons.wikimedia.org&utm_campaign=imageinfo&utm_content=thumbnail,"100yen 04:58, 7 October 2007 (UTC) – CC BY-SA 3.0 (Wikimedia Commons)",
lieu,e12504fa-515a-53af-bc2c-090d1986abe3,Sendai City Museum,"26 Kawauchi, Aoba ward",,Sendai,JPN,2,2026,38.25574400000005,140.855633,Musée,"Le Musée de la ville de Sendai est un musée japonais d'histoire. C'est le principal musée de la ville de Sendai, au Japon.",Wikipédia (CC BY-SA),,https://commons.wikimedia.org/wiki/Special:FilePath/SendaiShiHakubutsukan.jpg?width=1280,No machine-readable author provided. Kinori assumed (based on copyright claims). – Public domain (Wikimedia Commons),https://fr.wikipedia.org/wiki/Mus%C3%A9e_de_la_ville_de_Sendai
lieu,61fd2013-937c-56a8-a7c2-304cfb896a95,Ginza,Chuo-Dori,,Tokyo,JPN,2,2026,35.671227000000044,139.76501300000007,Ville et village,"Ginza est un quartier de Tokyo, situé dans l'arrondissement de Chūō.",Wikipédia (CC BY-SA),,https://commons.wikimedia.org/wiki/Special:FilePath/Ginza01s3872.jpg?width=1280,663highland – CC BY 2.5 (Wikimedia Commons),https://fr.wikipedia.org/wiki/Ginza
lieu,454a9774-1b68-551c-98a1-822741bc59b0,Sanctuaire Kotohira-gu (Konpira-san),,940-0038,Kotohira,JPN,2,2026,34.18371415300004,133.80968177900002,Monument religieux,"Kotohira-gū (aussi connu sous le nom Konpira-dai-gongen, Konpira-san) est un sanctuaire shinto situé dans le bourg de Kotohira du district de Nakatado, préfecture de Kagawa au Japon. Situé à 521 m à mi-chemin du sommet du mont Zōzu, le sanctuaire se trouve à la fin d'un long chemin, avec 785 marches vers le sanctuaire principal et un total de 1 368 marches du sanctuaire intérieur. Les pèlerinages au sanctuaire sont populaires depuis l'époque de Muromachi, et aujourd'hui encore souvent des centaines de visiteurs par jour gravissent les marches du mont Zōzu.",Wikipédia (CC BY-SA),,https://commons.wikimedia.org/wiki/Special:FilePath/Kotohira-gu07n4500.jpg?width=1280,663highland – CC BY 2.5 (Wikimedia Commons),https://fr.wikipedia.org/wiki/Kotohira-g%C5%AB
lieu,10bb5d66-00ef-50fc-a36d-2a881898371a,Kencho-ji,Kamakura-kaido,248 0034,Kamakura,JPN,2,2026,35.33134741200007,139.55414010700008,Monument religieux,"Le Kenchō-ji est le premier des gozan de Kamakura, dans la préfecture de Kanagawa, au Japon. Ce temple bouddhiste zen fut fondé en 1249 par le moine chinois Lan-ch'i Tao-lung (Rankei Doryū en japonais) de l'école Rinzai, à la demande de l'empereur Go-Fukakusa et complété en 1253. Malgré l'assaut de nombreux incendies au fil des siècles, le Kenchō-ji fut toujours reconstruit dans son style original.",Wikipédia (CC BY-SA),,https://commons.wikimedia.org/wiki/Special:FilePath/Kencho-ji_Building.jpg?width=1280,Tarourashima – Public domain (Wikimedia Commons),https://fr.wikipedia.org/wiki/Kench%C5%8D-ji
lieu,d2c090a5-333d-5503-b24a-9b191a1354b9,Yamadera (Risshaku-ji),,,Yamadera,JPN,2,2026,38.31145313300004,140.43493125300006,Monument religieux,"Le Yama-dera est un temple bouddhique situé à Yamagata, dans la préfecture de Yamagata au nord de l'île de Honshu au Japon. Son nom officiel est le temple Risshaku.",Wikipédia (CC BY-SA),,https://commons.wikimedia.org/wiki/Special:FilePath/211029_Risshaku-ji_Yamagata_Yamagata_pref_Japan107s3.jpg?width=1280,663highland – CC BY-SA 4.0 (Wikimedia Commons),https://fr.wikipedia.org/wiki/Yama-dera
lieu,dc15a078-0750-5642-b6a4-56f81e4e2fae,Musée d'art Adachi,320 Furukawa-cho,692 0064,Yasugi,JPN,2,2026,35.380113763000054,133.19410306400005,Musée,"Le musée d'Art Adachi est un musée d'art moderne entouré d'un jardin japonais considéré comme étant l'un des plus beaux du Japon. Il se trouve dans la municipalité de Yasugi, dans la préfecture de Shimane, près de la jōkamachi (ville-château) de Matsue, le chef-lieu de la préfecture.",Wikipédia (CC BY-SA),,https://commons.wikimedia.org/wiki/Special:FilePath/Adachi_Museum_of_Art10st3200.jpg?width=1280,663highland – CC BY 2.5 (Wikimedia Commons),https://fr.wikipedia.org/wiki/Mus%C3%A9e_d%27Art_Adachi
lieu,ffe5b1b7-819b-5c2c-8ad5-3478415441c9,Pont Kintai,,740 8585,Iwakuni,JPN,2,2026,34.167670000000044,132.1782254000001,Monument civil et militaire,"Le pont Kintai est un pont de la ville d'Iwakuni, dans la préfecture de Yamaguchi, au Japon.",Wikipédia (CC BY-SA),,https://commons.wikimedia.org/wiki/Special:FilePath/Iwakuni%2C_ponte_kintai-kyo%2C_05.jpg?width=1280,Sailko – CC BY 3.0 (Wikimedia Commons),https://fr.wikipedia.org/wiki/Kintai-ky%C5%8D
lieu,e9c241b1-1860-53c7-b224-842df2538a6b,Artizon Museum,"1-7-2 Kyobashi, Chuo-ku",,Tokyo,JPN,2,2026,35.67875921000007,139.77200605000007,Musée,"Le musée d'art Bridgestone, puis Musée Artizon) après sa reconstruction entre 2015 et 2000, est un musée d'art situé à Tokyo au Japon. « Artizon » est un mot inventé combinant «art » et « horizon », avec pour objectif de faire ressentir aux gens l’horizon de l’art traversant les époques. Il est à l'origine fondé en 1952 par le fondateur de la Bridgestone, Shōjirō Ishibashi.",Wikipédia (CC BY-SA),,https://commons.wikimedia.org/wiki/Special:FilePath/Artizon_Museum_lobby_view_201912.jpg?width=1280,Wpcpey – CC BY 4.0 (Wikimedia Commons),https://fr.wikipedia.org/wiki/Mus%C3%A9e_Artizon
lieu,f94dd751-0301-5a28-bca9-564b7743c1e1,Chuson-ji,,,Hiraizumi,JPN,2,2026,39.00131700000003,141.10196700000006,Monument religieux,"Le Chūson-ji est un temple bouddhiste situé à Hiraizumi, préfecture d'Iwate au Japon. C'est le premier temple de la secte Tendai de Tōhoku (nord-est du Japon).",Wikipédia (CC BY-SA),,https://commons.wikimedia.org/wiki/Special:FilePath/230728_Chusonji_Hiraizumi_Iwate_pref_Japan43s3.jpg?width=1280,663highland – CC BY-SA 4.0 (Wikimedia Commons),https://fr.wikipedia.org/wiki/Ch%C5%ABson-ji
lieu,953ea3de-8092-5b63-8594-2bab55660620,Tokyo International Forum,3-5-1 Marunouchi - Chiyoda-ku,,Tokyo,JPN,2,2026,35.67650800000007,139.76460300000008,Monument civil et militaire,"Le Tokyo International Forum est un lieu d'exposition, de conférence et de spectacle situé à Marunouchi dans l'arrondissement de Chiyoda à Tōkyō.",Wikipédia (CC BY-SA),,https://commons.wikimedia.org/wiki/Special:FilePath/Tokyo_international_forum02s3872.jpg?width=1280,663highland – CC BY 2.5 (Wikimedia Commons),https://fr.wikipedia.org/wiki/Tokyo_International_Forum
lieu,df9a5d69-79a7-5220-8b70-4c83f752fb34,Jardin Yuushien,,,Matsue,JPN,2,2026,35.49083458600006,133.17526918400006,Parc ou jardin,"Jardin de l'île Daikon-jima : pivoines par milliers, camélias, iris et azalées dans un paysage de cascades et de mousses.",Reformulation,,https://thumb.wikimedia.org/wikipedia/commons/thumb/2/2f/140426_Yuushien_Matsue_Shimane_pref_Japan00b5s3.jpg/1280px-140426_Yuushien_Matsue_Shimane_pref_Japan00b5s3.jpg?utm_source=commons.wikimedia.org&utm_campaign=imageinfo&utm_content=thumbnail,663highland – CC BY 2.5 (Wikimedia Commons),
lieu,e46368d6-10b4-5cf0-a25b-8493fefcede1,Zeniarai-Benzaiten,,248 0034,Kamakura,JPN,2,2026,35.325734133000026,139.54225262400007,Monument religieux,"Le Zeniarai Benzaiten Ugafuku-jinja, populairement connu simplement comme le Zeniarai Benten, est un sanctuaire shinto à Kamakura, préfecture de Kanagawa au Japon. En dépit de sa petite taille, c'est le deuxième site le plus populaire de Kamakura après le Tsurugaoka Hachiman-gū. Le sanctuaire Zeniarai Benzaiten est populaire parmi les touristes parce que les eaux d'une source dans sa grotte passent pour être en mesure de multiplier l'argent qui y est lavé.",Wikipédia (CC BY-SA),,https://commons.wikimedia.org/wiki/Special:FilePath/Zeniarai_Benzaiten_Kamakura.jpg?width=1280,Tarourashima – Public domain (Wikimedia Commons),https://fr.wikipedia.org/wiki/Zeniarai_Benzaiten_Ugafuku-jinja
lieu,83be7c05-d445-5247-9030-1161449b1e3c,Sanctuaire Usa-jingu,,,Usa,JPN,2,2026,33.52662092400004,131.37507626000001,Monument religieux,"L'Usa Hachiman-gū, aussi appelé Usa-jingū, est un sanctuaire shinto situé dans la ville d'Usa, préfecture d'Ōita au Japon. L'empereur Ojin, qui a été déifié en Hachiman-jin (le dieu tutélaire des guerriers), est vénéré dans tous les sites qui lui sont dédiés ; et le premier et plus ancien d'entre eux a été fondé à Usa au début du VIIIe siècle. Usa-jingū a longtemps bénéficié du patronage impérial et ne le cède en prestige qu'à Ise-jingū selon Helen Hardacre.",Wikipédia (CC BY-SA),,https://commons.wikimedia.org/wiki/Special:FilePath/Usa_Shrine_%28Nanch%C5%ABr%C5%8Dmon%29.jpg?width=1280,Dana + LeRoy Bunward – CC BY 2.0 (Wikimedia Commons),https://fr.wikipedia.org/wiki/Usa_Hachiman-g%C5%AB
lieu,04be0201-683d-5515-8cfd-3911c9b86fe6,Gorges d'Oirase,,,Okuse,JPN,2,2026,40.48332341400004,140.94578442500006,Site naturel,Le fleuve Oirase est un cours d'eau de la partie est de la préfecture d'Aomori au Japon.,Wikipédia (CC BY-SA),,https://commons.wikimedia.org/wiki/Special:FilePath/Oirase_keiryuu.JPG?width=1280,toshinori baba – CC BY-SA 3.0 (Wikimedia Commons),https://fr.wikipedia.org/wiki/Oirase-gawa
lieu,d2ce18bc-6357-5d50-905d-22218c49bcb0,Port et promenade Wakano-ura,,,Shimoda,JPN,2,2026,34.67076875300006,138.94755246500006,Monument civil et militaire,"Agréable promenade qui longe le port de Shimoda puis la mer jusqu'à l'aquarium, en contournant le parc de Shimoda.",Reformulation,,,,
lieu,2fac8808-ef89-5f2d-8d2f-20768530d54f,Former Hakodate Ward Public Hall,"11-13, Motomachi",,Hakodate,JPN,2,2026,41.76520866900006,140.709178908,Monument civil et militaire,"Ancien hôtel de ville en bois de 1910, aux teintes jaune et bleu, qui domine la baie de Hakodate.",Reformulation,,https://thumb.wikimedia.org/wikipedia/commons/thumb/5/54/Old_public_hall_of_Hakodate_Ward_annex.jpg/1280px-Old_public_hall_of_Hakodate_Ward_annex.jpg?utm_source=commons.wikimedia.org&utm_campaign=imageinfo&utm_content=thumbnail,掬茶 – CC BY-SA 4.0 (Wikimedia Commons),
lieu,a00a8e78-b897-5d69-ab16-67214c4f174c,Zuiho-den,"Otamayashita, Aoba-ku",,Sendai,JPN,2,2026,38.250283000000024,140.86633700000004,Monument religieux,"Le Zuihō-den à Sendai, préfecture de Miyagi au Japon est un complexe de mausolées de Date Masamune et de ses descendants, daimyōs du domaine de Sendai.",Wikipédia (CC BY-SA),,https://commons.wikimedia.org/wiki/Special:FilePath/Zuiho-den17s3872.jpg?width=1280,663highland – CC BY 2.5 (Wikimedia Commons),https://fr.wikipedia.org/wiki/Zuih%C5%8D-den
lieu,92d1c65f-0d4c-52a2-9f79-d4868b7b077d,Atomic Bomb Museum,,,Nagasaki,JPN,2,2026,32.77284053600005,129.86449035400005,Musée,"Musée consacré au bombardement atomique du 9 août 1945 à Nagasaki, à ses victimes et à ses conséquences.",Reformulation,,https://commons.wikimedia.org/wiki/Special:FilePath/Nagasakigenbaku.jpg?width=1280,Japanbird at Japanese Wikipedia (:ja:User:海人) – CC BY-SA 3.0 (Wikimedia Commons),https://en.wikipedia.org/wiki/Nagasaki_Atomic_Bomb_Museum
lieu,3d73dc65-0974-51ce-bc2e-2fc66f9a0782,Rikugi-en,"6-16-3 Honkoma-gome, Bunkyo-ku",,Tokyo,JPN,2,2026,35.73296676800004,139.74649478600008,Parc ou jardin,"Rikugi-en est un parc de Tokyo à Bunkyō. Le nom « Rikugi » vient de l'idée des six éléments de la poésie waka (« en » signifie « parc » ou « jardin »). Le parc comprend un petit étang, des arbres et une colline.",Wikipédia (CC BY-SA),,https://commons.wikimedia.org/wiki/Special:FilePath/Rikugien3.jpg?width=1280,No machine-readable author provided. Fg2 assumed (based on copyright claims). – Public domain (Wikimedia Commons),https://fr.wikipedia.org/wiki/Rikugi-en
lieu,5d095b69-867d-5338-8ccc-0a9bf8b62bfe,Kobei-gama,,,Tajimi,JPN,2,2026,35.29868867000005,137.12796546000004,Musée,"Atelier et galerie de la famille de potiers Kato Kobei, active depuis sept générations, dans une demeure de l'époque d'Edo.",Reformulation,,,,
lieu,7fe832fd-3dd9-5a07-9adc-152ae8b7b071,Shiogama Fish Market,1-13-1 Shinhamacho,,Shiogama,JPN,2,2026,38.326967000000025,141.04337400000009,Monument civil et militaire,"Grand marché aux poissons de Shiogama, avec criée au thon tôt le matin et restaurants pour déguster sur place.",Reformulation,,,,
lieu,c5eb9a28-7c63-5bf1-9c71-cfa07008d0e4,Kamuiwakka no taki,,,Shari,JPN,2,2026,44.15880453800003,145.12224195800002,Site naturel,"Cascade d'eau chaude du parc national de Shiretoko, que l'on remonte de bassin en bassin (maillot et chaussures adaptées).",Reformulation,,https://thumb.wikimedia.org/wikipedia/commons/thumb/8/8d/Spa_Waterfall_%22Kamuiwakka%22_at_Seaside%EF%BC%8F_%E3%82%AB%E3%83%A0%E3%82%A4%E3%83%AF%E3%83%83%E3%82%AB%E6%B9%AF%E3%81%AE%E6%BB%9D%E3%81%A8%E6%B5%B7_-_panoramio.jpg/1280px-Spa_Waterfall_%22Kamuiwakka%22_at_Seaside%EF%BC%8F_%E3%82%AB%E3%83%A0%E3%82%A4%E3%83%AF%E3%83%83%E3%82%AB%E6%B9%AF%E3%81%AE%E6%BB%9D%E3%81%A8%E6%B5%B7_-_panoramio.jpg?utm_source=commons.wikimedia.org&utm_campaign=imageinfo&utm_content=thumbnail,T DMY – CC BY 3.0 (Wikimedia Commons),
lieu,6e7a0bbf-fe0d-5a68-a751-60465efb881f,Château de Matsuyama,,790-8571,Matsuyama,JPN,2,2026,33.845529284000065,132.76566159200001,Monument civil et militaire,"Le château de Matsuyama est un hirayama-jiro (château en hauteur) construit en 1603 sur le mont Katsuyama (altitude 132 mètres), à Matsuyama, préfecture d'Ehime (l'ancienne province d'Iyo). Il fait partie des douze derniers authentiques châteaux du Japon.",Wikipédia (CC BY-SA),,https://commons.wikimedia.org/wiki/Special:FilePath/Matsuyama_castle%28Iyo%296.JPG?width=1280,Jyo81 (ja: User) – CC BY 3.0 (Wikimedia Commons),https://fr.wikipedia.org/wiki/Ch%C3%A2teau_de_Matsuyama
lieu,8b13172c-6cc7-5469-97cb-d5954dd3ae2c,Musée de l'Art du verre de Toyama,Nishicho 5,,Toyama City,JPN,2,2026,36.68851900000004,137.2147950000001,Musée,"Musée signé Kengo Kuma (2015) dédié au verre contemporain, avec un spectaculaire « Glass Art Garden » au dernier étage.",Reformulation,,https://thumb.wikimedia.org/wikipedia/commons/thumb/5/54/Toyama_City_Library_2019-12-09_%281%29_sa.jpg/1280px-Toyama_City_Library_2019-12-09_%281%29_sa.jpg?utm_source=commons.wikimedia.org&utm_campaign=imageinfo&utm_content=thumbnail,Araisyohei – CC BY 4.0 (Wikimedia Commons),
lieu,b345785d-afc6-5eee-a0ea-0221969d5549,Plage Oganeku et banc de Yurigahama,,,,JPN,2,2026,27.03840935900007,128.45453380100003,Site naturel,"Plage sauvage de 2 km sur l'île Yoron, face au banc de sable de Yurigahama qui émerge à marée basse.",Reformulation,,,,
lieu,53c06d2c-4a1b-578c-8911-5628850179ec,Temple de Nikko-zan Rinno-ji,1er temple à l'entrée du site,,Nikko,JPN,2,2026,36.754400976000056,139.60114881100003,Monument religieux,"Premier temple de Nikko, fondé au VIIIe siècle ; son Sanbutsu-do abrite trois grandes statues de bouddhas dorées.",Reformulation,,https://thumb.wikimedia.org/wikipedia/commons/thumb/f/f6/In_front_of_the_Sanbutsu-d%C5%8D_renovation_shelter%2C_Rinn%C5%8D-ji%2C_Nikko%2C_2016.jpg/1280px-In_front_of_the_Sanbutsu-d%C5%8D_renovation_shelter%2C_Rinn%C5%8D-ji%2C_Nikko%2C_2016.jpg?utm_source=commons.wikimedia.org&utm_campaign=imageinfo&utm_content=thumbnail,DimiTalen – CC0 (Wikimedia Commons),
lieu,d80a6dbb-6860-5e3e-93b4-58720b14a1de,Musée Kamakura-bori,"2-15-13, Komachi",,Kamakura,JPN,2,2026,35.32041215000004,139.55327408000005,Musée,"Petit musée rénové consacré au kamakura-bori, art de la sculpture sur bois laquée d'une grande finesse.",Reformulation,,https://thumb.wikimedia.org/wikipedia/commons/thumb/6/6c/Kamakura_syunju_square_001.jpg/1280px-Kamakura_syunju_square_001.jpg?utm_source=commons.wikimedia.org&utm_campaign=imageinfo&utm_content=thumbnail,Ocdp – CC0 (Wikimedia Commons),
lieu,3cf374b4-dbcc-5427-bb3d-7655e7c26ddf,Fushimi-Inari Taisha,,604 8571,Kyoto,JPN,2,2026,34.967137283000056,135.7726949480001,Monument religieux,Le Fushimi Inari-taisha est le sanctuaire principal de la déesse (kami) Inari et est situé dans le district de Fushimi-ku à Kyoto au Japon.,Wikipédia (CC BY-SA),,https://commons.wikimedia.org/wiki/Special:FilePath/KyotoFushimiInariLarge.jpg?width=1280,Paul Vlaar – CC BY-SA 3.0 (Wikimedia Commons),https://fr.wikipedia.org/wiki/Fushimi_Inari-taisha
lieu,12657a5b-2f97-5408-8b79-21794624cfeb,Musée Ghibli,1-1-83 Shimorenjaku,,Mitaka-shi,JPN,2,2026,35.69620000000003,139.57028000000003,Musée,"Le musée Ghibli est un musée commercial consacré aux réalisations du studio Ghibli. Il est situé au Japon, sur le terrain du parc d'Inokashira à Mitaka dans la banlieue de Tokyo. Il est accessible par train depuis le centre de Tokyo et nécessite une réservation à l'avance (souvent de plusieurs mois) pour pouvoir le visiter.",Wikipédia (CC BY-SA),,https://thumb.wikimedia.org/wikipedia/commons/thumb/e/e1/Ghibli_Museum%2C_Mitaka_-_panoramio.jpg/1280px-Ghibli_Museum%2C_Mitaka_-_panoramio.jpg?utm_source=commons.wikimedia.org&utm_campaign=imageinfo&utm_content=thumbnail,Tomi Mäkitalo – CC BY-SA 3.0 (Wikimedia Commons),https://fr.wikipedia.org/wiki/Mus%C3%A9e_Ghibli
lieu,149d4c8d-b039-51aa-8e44-5fcf4acc41b6,Mishima Yukio Literary Museum,506-296 Hirano - Yamanakako-mura - Minamitsuru-gun - Yamanashi,,Yamanakako,JPN,2,2026,35.40431641400005,138.8701828170001,Musée,"Musée consacré à l'écrivain Yukio Mishima (1925-1970) : manuscrits, éditions et souvenirs de l'auteur.",Reformulation,,https://thumb.wikimedia.org/wikipedia/commons/thumb/2/21/Mishima_Yukio_Literature_Museum.JPG/1280px-Mishima_Yukio_Literature_Museum.JPG?utm_source=commons.wikimedia.org&utm_campaign=imageinfo&utm_content=thumbnail,Sakaori (talk) – CC BY 3.0 (Wikimedia Commons),
lieu,b1441d08-ee1e-5850-83de-0c3843dac39a,Takegawara Onsen,,,Beppu,JPN,2,2026,33.27738326300005,131.50609093600008,Monument civil et militaire,"Bain public de l'ère Meiji (1879) à l'architecture de bois préservée, où l'on se fait ensevelir dans le sable chaud.",Reformulation,,https://thumb.wikimedia.org/wikipedia/commons/thumb/4/44/Takegawara_onsen_spa_%2C_%E7%AB%B9%E7%93%A6%E6%B8%A9%E6%B3%89_-_panoramio.jpg/1280px-Takegawara_onsen_spa_%2C_%E7%AB%B9%E7%93%A6%E6%B8%A9%E6%B3%89_-_panoramio.jpg?utm_source=commons.wikimedia.org&utm_campaign=imageinfo&utm_content=thumbnail,z tanuki – CC BY 3.0 (Wikimedia Commons),
lieu,0fc53f72-3565-59f2-996f-af1a4eaa0062,Peace Memorial Museum,,730 8586,Hiroshima,JPN,2,2026,34.39148884000008,132.4531794300001,Musée,"Le musée du mémorial de la Paix de Hiroshima a été créé en 1955 dans le parc du Mémorial de la Paix, là où eu lieu l'explosion de la première bombe atomique en 1945. Le bâtiment principal a été conçu par l'architecte Kenzō Tange. La visite s'effectue de manière chronologique: dans un premier temps, les collections présentent l'expansion de la ville de Hiroshima et la façon dont elle devint une place forte de l'armée japonaise pendant la seconde guerre mondiale.",Wikipédia (CC BY-SA),,https://commons.wikimedia.org/wiki/Special:FilePath/Hiroshima_Peace_Memorial_Museum_2009.jpg?width=1280,Wiiii – CC BY-SA 3.0 (Wikimedia Commons),https://fr.wikipedia.org/wiki/Mus%C3%A9e_du_m%C3%A9morial_de_la_Paix_de_Hiroshima
lieu,4af05ffd-88a0-53f6-950f-f5fdf57eb832,Zamami-jima,,,Zamami,JPN,2,2026,26.232625428000063,127.30698893500005,Site naturel,"Zamami-jima est une des îles Kerama dans l'archipel Nansei au Japon dans l'océan Pacifique. Elle est connue pour ses plages, ses récifs coralliens et ses spots de plongée sous-marine. Située à une trentaine de kilomètres à l'ouest de l'île d'Okinawa, elle fait partie du village de Zamami, rattaché au district de Shimajiri dans la préfecture d'Okinawa.",Wikipédia (CC BY-SA),,https://commons.wikimedia.org/wiki/Special:FilePath/Zamami_Island_gsi-20081122.jpg?width=1280,Geospatial Information Authority of Japan – Attribution (Wikimedia Commons),https://fr.wikipedia.org/wiki/Zamami-jima
lieu,c7246646-ecb8-577a-a563-5499bc585eda,Engaku-ji,,248 0034,Kamakura,JPN,2,2026,35.33773934200008,139.54800163200002,Monument religieux,"Le Zuirokuzan Engaku Kōshō Zenji, ou Engaku-ji, est un des plus importants complexes de temples zen au Japon ; c'est le deuxième des cinq grands temples de Kamakura, préfecture de Kanagawa au sud de Tokyo.",Wikipédia (CC BY-SA),,https://commons.wikimedia.org/wiki/Special:FilePath/Engaku-ji.jpg?width=1280,Tarourashima – Public domain (Wikimedia Commons),https://fr.wikipedia.org/wiki/Engaku-ji_(bouddhisme)
lieu,73d519c3-c3f2-580a-a8b8-7ccc5b74b438,Yakusugi Land,,819 1626,Haro,JPN,2,2026,30.304457650000074,130.57134058400004,Site naturel,"Réserve forestière de Yakushima peuplée de yakusugi, cèdres millénaires aux racines agrippées à la roche.",Reformulation,,https://thumb.wikimedia.org/wikipedia/commons/thumb/f/f3/Moss_covered_ladder_in_Yakusugi_Land.jpg/1280px-Moss_covered_ladder_in_Yakusugi_Land.jpg?utm_source=commons.wikimedia.org&utm_campaign=imageinfo&utm_content=thumbnail,Grendelkhan – CC BY-SA 4.0 (Wikimedia Commons),
lieu,a0f89a83-95aa-5f75-806c-ea8f799e0abe,Osaki Hachiman-gu,"4-6 Hachiman, Aoba-ku",,Sendai,JPN,2,2026,38.272613000000035,140.84441400000003,Monument religieux,"Ōsaki Hachiman-gū est un sanctuaire shinto situé dans l'arrondissement d'Aoba-ku à Sendai, préfecture de Miyagi au Japon. Le bâtiment principal du sanctuaire est classé Trésor national.",Wikipédia (CC BY-SA),,https://commons.wikimedia.org/wiki/Special:FilePath/Osaki_Hachiman-gu_20130819b.jpg?width=1280,Tak1701d – CC BY-SA 3.0 (Wikimedia Commons),https://fr.wikipedia.org/wiki/%C5%8Csaki_Hachiman-g%C5%AB
lieu,7c11d6d4-7519-5ab0-9520-fe1a1a097f5d,Koishikawa Koraku-en,1-6-6 Koraku Bunkyo-ku,,Tokyo,JPN,2,2026,35.705610000000036,139.74938400000008,Parc ou jardin,"Koishikawa Kōraku-en est un jardin japonais situé à proximité du Tokyo Dome dans le quartier de Koishikawa de l'arrondissement de Bunkyō, à Tōkyō. Il comporte un lac central et plusieurs petites collines, ce qui en fait un lieu de promenade apprécié, et typique des jardins de promenade (kaiyushiki teien) de l'époque d'Edo. C'est le jardin le plus ancien de Tōkyō.",Wikipédia (CC BY-SA),,https://commons.wikimedia.org/wiki/Special:FilePath/Koishikawa_korakuen_-_Osensui_and_Horaijima.jpg?width=1280,Gribeco – CC BY-SA 4.0 (Wikimedia Commons),https://fr.wikipedia.org/wiki/Koishikawa_K%C5%8Draku-en
lieu,a2babfe9-f8d8-5701-9fca-94a7d536054c,Ocean Expo Park,,,Nago,JPN,2,2026,26.691269700000078,127.87814206300004,Parc ou jardin,"Parc bâti sur le site de l'Exposition océanique de 1975, avec l'aquarium Churaumi, l'un des plus grands du Japon.",Reformulation,,https://thumb.wikimedia.org/wikipedia/commons/thumb/0/04/Okinawa_Ocean_Expo_Park_view_hdsr_Vlux5_01.jpg/1280px-Okinawa_Ocean_Expo_Park_view_hdsr_Vlux5_01.jpg?utm_source=commons.wikimedia.org&utm_campaign=imageinfo&utm_content=thumbnail,Hyppolyte de Saint-Rambert – CC BY 4.0 (Wikimedia Commons),
lieu,96c359e9-50ac-585f-8033-afa3bee8b411,Randonnée dans le marais de Senjogahara,,,Nikko,JPN,2,2026,36.77729192800007,139.44428538600005,Site naturel,"Sentier de 5 km à travers le marais d'altitude de Senjogahara, riche en faune et flore alpines, prisé des ornithologues.",Reformulation,,https://thumb.wikimedia.org/wikipedia/commons/thumb/1/1e/Senjogahara_-_autumn_-_oct_29_2021_various_18_52_36_355000.jpeg/1280px-Senjogahara_-_autumn_-_oct_29_2021_various_18_52_36_355000.jpeg?utm_source=commons.wikimedia.org&utm_campaign=imageinfo&utm_content=thumbnail,Nesnad – CC BY 4.0 (Wikimedia Commons),
lieu,f72bd92f-6d9c-5cf4-a93c-7be1fb0a26eb,Ryosen-ji,Mai Mai-dori/Perry Road,,Shimoda,JPN,2,2026,34.67219459800003,138.94163988700006,Monument religieux,"Le Ryōsen-ji est un petit temple bouddhiste situé dans la ville de Shimoda au Japon. Il est remarquable d'un point de vue historique car il a hébergé la cérémonie de signature du traité d'Amitié et de Commerce États-Unis-Japon de 1858 (également connu sous le nom de « traité Harris ») entre le shogunat Tokugawa du Japon et les États-Unis, le 29 juillet 1858. En raison de ce passé, les jardins du temple et le bâtiment principal ont été classés « site historique national » par l'administration japonaise.",Wikipédia (CC BY-SA),,https://commons.wikimedia.org/wiki/Special:FilePath/Ryosenji_temple_shimoda_2007-02-24.jpg?width=1280,No machine-readable author provided. Geomr~commonswiki assumed (based on copyright claims). – CC BY-SA 3.0 (Wikimedia Commons),https://fr.wikipedia.org/wiki/Ry%C5%8Dsen-ji
lieu,b7fd1e19-c683-5f4e-8f5d-981700eed714,Sculptures de Bouddhas d'Usuki,,,Usuki,JPN,2,2026,33.09100085000006,131.7626850800001,Monument religieux,"Une soixantaine de bouddhas sculptés dans la falaise entre le IXe et le XIIe siècle, classés trésors nationaux.",Reformulation,,https://thumb.wikimedia.org/wikipedia/commons/thumb/d/d0/The_superb_Magaibutsu%2C_or_stone_Buddhas_of_Usuki_2009-09-13.jpg/1280px-The_superb_Magaibutsu%2C_or_stone_Buddhas_of_Usuki_2009-09-13.jpg?utm_source=commons.wikimedia.org&utm_campaign=imageinfo&utm_content=thumbnail,Maarten Heerlien – CC BY 2.0 (Wikimedia Commons),
lieu,73616d21-bf43-5e41-b42e-5f568cfbe62b,Quartier de Yanaka,Yanaka-Ginza,,Tokyo,JPN,2,2026,35.73273500000005,139.74682400000006,Ville et village,"Quartier épargné par les catastrophes, aux maisons basses, temples et échoppes : l'image d'un Tokyo d'autrefois.",Reformulation,,https://thumb.wikimedia.org/wikipedia/commons/thumb/d/d4/Tokyo_Yanaka_1.jpg/1280px-Tokyo_Yanaka_1.jpg?utm_source=commons.wikimedia.org&utm_campaign=imageinfo&utm_content=thumbnail,Gustave67 – CC BY-SA 4.0 (Wikimedia Commons),
lieu,c5d34edb-b758-584e-a6c0-c25f58ad9a6b,Wakoto Peninsula,,,Wakoto onsen,JPN,2,2026,43.49694162700007,144.494152073,Site naturel,"Presqu'île du lac Kussharo où un simple bassin d'eau très chaude permet de se baigner face au lac, gelé en hiver.",Reformulation,,,,
lieu,49f8f4ed-0821-593c-a2dc-674b02ff9c28,Maison Iwase,Nanto-shi  Nishiakao,,Gokayama,JPN,2,2026,36.38182229700004,136.86849871100003,Monument civil et militaire,"Plus grande ferme gassho-zukuri du Japon (fin XVIe siècle), sur cinq niveaux, encore habitée par la famille Iwase.",Reformulation,,,,
lieu,9f2899c5-d64a-5d7d-abb1-947fb973b1c6,Kasuga Taisha,Nara-koen,,Nara,JPN,2,2026,34.68137301200005,135.84839022300002,Monument religieux,"Le Kasuga-taisha est un sanctuaire shinto de la ville de Nara, dans la préfecture du même nom au Japon. Établi en 768 et reconstruit plusieurs fois au cours des siècles, c'est le sanctuaire tutélaire (chinju-sha) de la famille Fujiwara. L'intérieur est célèbre pour ses nombreuses lanternes de bronze, alors que l’extérieur se distingue par ses nombreuses lanternes de pierre qui mènent au monument.",Wikipédia (CC BY-SA),,https://commons.wikimedia.org/wiki/Special:FilePath/Kasuga-taisha%2C_chumon-3.jpg?width=1280,Saigen Jiro – CC0 (Wikimedia Commons),https://fr.wikipedia.org/wiki/Kasuga-taisha
lieu,a15571e2-68df-5ed9-b557-1e73133dd0e4,Geku,,516 0037,Ise,JPN,2,2026,34.45498690800002,136.72580678200006,Monument religieux,"Sanctuaire extérieur d'Ise, dédié à Toyouke, déesse des récoltes chargée de nourrir Amaterasu.",Reformulation,,https://thumb.wikimedia.org/wikipedia/commons/thumb/e/e7/Ise_Shrine_Geku_area_Aerial_photograph.1983.jpg/1280px-Ise_Shrine_Geku_area_Aerial_photograph.1983.jpg?utm_source=commons.wikimedia.org&utm_campaign=imageinfo&utm_content=thumbnail,国土交通省 – Attribution (Wikimedia Commons),
lieu,bed46b08-4d38-5022-82c1-440ce62fae5d,Mont Aso,,707 0053,Aso,JPN,2,2026,32.88699100000008,131.0839350000001,Site naturel,"Le mont Aso est le plus vaste des volcans du Japon, mais aussi un des plus actifs. Sa caldeira compte parmi les plus grandes du monde. Du fait de sa fréquentation et de son activité fréquente, il présente un risque géologique majeur.",Wikipédia (CC BY-SA),,https://commons.wikimedia.org/wiki/Special:FilePath/20140516%E9%98%BF%E8%98%87%E5%B1%B1%E5%BA%83%E5%9F%9F.jpg?width=1280,Sonata / Sonata at ja.wikipedia – CC BY-SA 3.0 (Wikimedia Commons),https://fr.wikipedia.org/wiki/Mont_Aso
lieu,18324663-5d15-51ef-8b01-4f6b8d9c20b4,Parc national d'Akan-Mashu,,,Kawayu Onsen,JPN,2,2026,43.43261264800003,144.09028550000005,Site naturel,Le parc national d'Akan est un parc national japonais situé sur l'île de Hokkaidō.,Wikipédia (CC BY-SA),,https://commons.wikimedia.org/wiki/Special:FilePath/Hokkaido%2C_Japan%2C_Lake_Mash%C5%AB%2C_2008.jpg?width=1280,Miya.m – CC BY-SA 3.0 (Wikimedia Commons),https://fr.wikipedia.org/wiki/Parc_national_d%27Akan
lieu,4c7de9ec-023f-5883-9660-35aae25f960b,Musée d’Art Contemporain de Tokyo,4-1-1 Miyoshi - Koto-ku,,Tokyo,JPN,2,2026,35.67943660000003,139.80677070000002,Musée,"Le musée d'art contemporain de Tokyo se trouve dans l'arrondissement de Kōtō à Tokyo au Japon. Ouvert en 1995, le musée est situé dans le parc de Kiba.",Wikipédia (CC BY-SA),,https://commons.wikimedia.org/wiki/Special:FilePath/Museum_of_Contemporary_Art_Tokyo_logo.svg?width=1280,"東京都現代美術館, Museum of Contemporary Art Tokyo – Public domain (Wikimedia Commons)",https://fr.wikipedia.org/wiki/Mus%C3%A9e_d%27Art_contemporain_de_Tokyo
lieu,ceca0970-6ada-5fb2-9b09-fc2d37b2ad95,Côte de Kuniga & falaise de Matengai,,,Dozen,JPN,2,2026,36.10902221300006,132.97494678600003,Site naturel,"Sentier côtier de 2,5 km sur l'île de Nishino-shima, au sommet de la falaise basaltique de Matengai haute de 250 m.",Reformulation,,https://thumb.wikimedia.org/wikipedia/commons/thumb/2/22/Matengai_Cliff%2C_Nishinoshima%2C_Oki_-_8407427209.jpg/1280px-Matengai_Cliff%2C_Nishinoshima%2C_Oki_-_8407427209.jpg?utm_source=commons.wikimedia.org&utm_campaign=imageinfo&utm_content=thumbnail,Kzaral – CC BY 2.0 (Wikimedia Commons),
lieu,75d83acf-9c3a-5857-82b1-b7e190ae62f1,Cascade Oko no taki,,891-4311,Ambo,JPN,2,2026,30.300057077000076,130.41469951200008,Site naturel,"Cascade de 88 m tombant dans une vasque turquoise sur l'île de Yakushima, l'une des cent plus belles du Japon.",Reformulation,,https://upload.wikimedia.org/wikipedia/commons/f/f9/Ohko-no-Taki_Waterfall_%2832331928186%29.jpg?utm_source=commons.wikimedia.org&utm_campaign=imageinfo&utm_content=thumbnail_unscaled,"David Stanley from Nanaimo, Canada – CC BY 2.0 (Wikimedia Commons)",
lieu,760bacb9-7613-5c15-bc69-1cfdc167c03c,Île Yoron,,,,JPN,2,2026,27.042623750000075,128.43237377000003,Site naturel,"Yoron est un bourg du district d'Ōshima, dans la préfecture de Kagoshima, au Japon. Il est situé sur l'île de Yoron, dans l'archipel Satsunan.",Wikipédia (CC BY-SA),,https://commons.wikimedia.org/wiki/Special:FilePath/Yoron_Port_Kagoshima_Kagoshima_JAPAN.jpg?width=1280,Rsa – CC BY-SA 3.0 (Wikimedia Commons),https://fr.wikipedia.org/wiki/Yoron_(Kagoshima)
lieu,403d9ceb-d885-5a92-82ff-60f2705e42c5,Tour Mori,,,Tokyo,JPN,2,2026,35.66061394800005,139.72955056000012,Monument civil et militaire,"Tour de 54 étages au cœur de Roppongi Hills, avec l'observatoire Tokyo City View et le musée d'art Mori au sommet.",Reformulation,,https://thumb.wikimedia.org/wikipedia/commons/thumb/f/fc/Roppongi_Hills_Mori_Tower_Sky_Deck_P2187512.jpg/1280px-Roppongi_Hills_Mori_Tower_Sky_Deck_P2187512.jpg?utm_source=commons.wikimedia.org&utm_campaign=imageinfo&utm_content=thumbnail,Kestrel – CC BY-SA 4.0 (Wikimedia Commons),
lieu,173d18ac-c389-5715-bfa7-e2cad8455ce5,Kumano Magaibutsu,,,Bungotakada,JPN,2,2026,33.47318491600004,131.5273933630001,Monument religieux,"Deux bouddhas monumentaux taillés dans la falaise à la fin de l'époque Heian, dont un Fudo Myo-o de 8 m.",Reformulation,,https://thumb.wikimedia.org/wikipedia/commons/thumb/b/bc/The_99_stone_stairways_of_Kumano_Magaibutsu.jpg/1280px-The_99_stone_stairways_of_Kumano_Magaibutsu.jpg?utm_source=commons.wikimedia.org&utm_campaign=imageinfo&utm_content=thumbnail,STA3816 – CC BY-SA 4.0 (Wikimedia Commons),
lieu,931d220d-4598-55b4-bb6c-4daf2ec7494e,Musée Uragami,,,Hagi,JPN,2,2026,34.40931167300005,131.39437534600006,Musée,"Musée signé Kenzo Tange abritant près de 5 000 estampes ukiyo-e, dont les « Trente-six vues du mont Fuji » de Hokusai.",Reformulation,,https://upload.wikimedia.org/wikipedia/commons/6/65/Hagi_Uragami_Mus.JPG?utm_source=commons.wikimedia.org&utm_campaign=imageinfo&utm_content=thumbnail_unscaled,Wiki708 – CC BY 3.0 (Wikimedia Commons),
lieu,9e6f0ce9-bc44-51fc-a716-579f771f4d80,Open Air Museum,,185 0013,Kokubunai,JPN,2,2026,35.245244401000036,139.05133677700007,Musée,"Le musée en plein air de Hakone se trouve dans la ville de Hakone, district d'Ashigarashimo dans la préfecture de Kanagawa au Japon. Ouvert en 1969, il propose aux visiteurs une centaine de sculptures, comme son nom l'indique, en plein air, sur une surface de 70 000 m2, ainsi que d'autres œuvres des XIXe et XXe siècles d'artistes japonais et occidentaux. Le pavillon Picasso, ajouté au musée en 1984 à partir d'une collection de 188 œuvres, abrite maintenant une collection de 300 œuvres de l'artiste.",Wikipédia (CC BY-SA),,https://commons.wikimedia.org/wiki/Special:FilePath/Hakone5.jpg?width=1280,leon&amp;mae – CC BY 2.0 (Wikimedia Commons),https://fr.wikipedia.org/wiki/Mus%C3%A9e_en_plein_air_de_Hakone
lieu,c545e3b4-a1fd-5b71-a55b-040e8ab11d1b,Quartier de Sanmachi,Ichinomachi,,Takayama,JPN,2,2026,36.14645000000007,137.2586020000001,Ville et village,"Quartier historique de Takayama aux maisons de marchands en bois, reconverties en brasseries de saké, musées et boutiques.",Reformulation,,https://thumb.wikimedia.org/wikipedia/commons/thumb/a/a5/Quartier_Sanmachi_Takayama.jpg/1280px-Quartier_Sanmachi_Takayama.jpg?utm_source=commons.wikimedia.org&utm_campaign=imageinfo&utm_content=thumbnail,Bernard Gagnon – CC BY-SA 3.0 (Wikimedia Commons),
lieu,f2d46caf-9d94-5a80-bfb8-1dddee0a4a87,Osaka Aquarium Kaiyukan,,,Osaka,JPN,2,2026,34.65450517600004,135.4289724360001,Parc ou jardin,"L'aquarium Kaiyukan (海遊館) est un aquarium situé dans l'arrondissement de Minato à Ōsaka, au Japon. Ouvert en mai 1990, il abrite un réservoir de 5 400 m³ et une collection d'environ 580 espèces aquatiques. On peut notamment y voir deux requins baleines, deux poissons-lunes, des raies, des loutres de mer, des manchots royaux, des tortues de mer, différentes espèces de méduses, ainsi que des crabes-araignées géants.",Wikipédia (CC BY-SA),,https://commons.wikimedia.org/wiki/Special:FilePath/Osaka_Kaiyukan02s3872.jpg?width=1280,663highland – CC BY 2.5 (Wikimedia Commons),https://fr.wikipedia.org/wiki/Aquarium_Kaiyukan
lieu,ccce1b70-3328-5e6c-9455-41e68f90c08f,Sakurajima,,,Yunohira,JPN,2,2026,31.580900000000042,130.66640000000007,Site naturel,"Le Sakurajima est un volcan du Japon situé dans le sud de l'île de Kyūshū. C'est un des volcans les plus actifs du Japon. Lors de la puissante éruption de 1914, le volcan a cessé d'être une île lorsque de la lave a comblé le détroit qui la séparait de l'île de Kyūshū.",Wikipédia (CC BY-SA),,https://commons.wikimedia.org/wiki/Special:FilePath/Sakurajima_at_Sunset.jpg?width=1280,Kimon Berlin – CC BY-SA 2.0 (Wikimedia Commons),https://fr.wikipedia.org/wiki/Sakurajima
lieu,67737a2d-ce94-51a0-9fd0-0c9bfb1d3d88,Quartier de Yamate et de Motomachi,Motomachi,,Yokohama,JPN,2,2026,35.440403554000056,139.64984243000004,Ville et village,"Colline des anciennes résidences occidentales de Yokohama, avec vue sur la baie depuis le parc Harbour View, et rue commerçante de Motomachi.",Reformulation,,https://thumb.wikimedia.org/wikipedia/commons/thumb/7/77/Yokohama_Motomachi_food_fair_-_2022_Sept_4_-_various_23_16_37_846000.jpeg/1280px-Yokohama_Motomachi_food_fair_-_2022_Sept_4_-_various_23_16_37_846000.jpeg?utm_source=commons.wikimedia.org&utm_campaign=imageinfo&utm_content=thumbnail,Nesnad – CC BY 4.0 (Wikimedia Commons),
lieu,63c4fc40-eee2-5005-90e9-4a7727881249,Naritasan Shinsho-ji,,,Narita,JPN,2,2026,35.78580258200003,140.3182886520001,Monument religieux,"Le Narita-zan, ou Narita-san shinshō-ji, est un temple bouddhiste Shingon situé au centre de Narita, dans la préfecture de Chiba, au Japon.",Wikipédia (CC BY-SA),,https://commons.wikimedia.org/wiki/Special:FilePath/120803_Narita-san_Shinsho-ji_Narita_Chiba_pref_Japan01n.jpg?width=1280,663highland – CC BY 2.5 (Wikimedia Commons),https://fr.wikipedia.org/wiki/Narita-san
lieu,c9a4563a-4874-5ff2-895d-8e4031b99f13,Manta Ray Scramble,,,Ishigaki,JPN,2,2026,24.48027918200006,124.12101481500008,Site naturel,"Site de plongée réputé au large d'Ishigaki, où l'on observe de grandes raies mantas.",Reformulation,,https://upload.wikimedia.org/wikipedia/commons/9/9f/Manta_Above.JPG?utm_source=commons.wikimedia.org&utm_campaign=imageinfo&utm_content=thumbnail_unscaled,User:Jpatokal – CC BY-SA 4.0 (Wikimedia Commons),
lieu,480685e2-3378-50f9-81d9-6ff16b1916af,Gorges de Sounkyo,,,Sounkyo,JPN,2,2026,43.72939591200003,142.94389226200008,Site naturel,"Sōunkyō est une gorge située à Kamikawa sur l'île de Hokkaidō au Japon. Située dans le parc national de Daisetsuzan, la région est connue pour ses hôtels et onsen ainsi que pour ses cascades et ses magnifiques paysages de falaises. Le terme « Sounkyo » désigne respectivement la couche, le nuage et la gorge en japonais et son origine est le terme so-un-pet dans la langue aïnou, qui signifie « la rivière avec de nombreuses cascades ».",Wikipédia (CC BY-SA),,https://commons.wikimedia.org/wiki/Special:FilePath/HPIM2742.JPG?width=1280,Daigaku2051 – Public domain (Wikimedia Commons),https://fr.wikipedia.org/wiki/S%C5%8Dunky%C5%8D
lieu,9b20bbb4-4255-5b49-9dfc-65d492eaa71c,Quartier de Gion,Shijo-dori,604 8571,Kyoto,JPN,2,2026,35.003833996000026,135.77546439600007,Ville et village,Gion est un district de Kyoto érigé au Moyen Âge à côté du sanctuaire de Yasaka. Le district a été construit pour servir de halte aux voyageurs et visiteurs du sanctuaire. Il a par la suite évolué pour devenir une zone prisée et connue pour ses geishas.,Wikipédia (CC BY-SA),,https://commons.wikimedia.org/wiki/Special:FilePath/150124_Gion_Kyoto_Japan01s3.jpg?width=1280,663highland – CC BY 2.5 (Wikimedia Commons),https://fr.wikipedia.org/wiki/Gion
lieu,e6d748d4-acb7-53c7-9a18-3a95ea542aa2,Daisho-in,,,Itsukushima,JPN,2,2026,34.29194042300003,132.3184942460001,Monument religieux,"Le Daishō-in ou Daisyō-in est un temple bouddhiste historique situé sur le mont Misen, la montagne sacrée de l'île de Itsukushima au large des côtes de Hatsukaichi au Japon. 14e des 33 temples du pèlerinage de Chūgoku Kannon, il est réputé pour ses érables et leurs couleurs automnales. Il est aussi appelé Suishō-ji.",Wikipédia (CC BY-SA),,https://commons.wikimedia.org/wiki/Special:FilePath/Miyajima%2C_daisho-in%2C_05.jpg?width=1280,Sailko – CC BY 3.0 (Wikimedia Commons),https://fr.wikipedia.org/wiki/Daish%C5%8D-in_(Miyajima)
lieu,83be9322-32e1-50a5-9d39-a94fdba34c1d,Parc national de Daisetsu-zan,,,Sounkyo,JPN,2,2026,43.673638561000075,142.9099938810001,Site naturel,"Le parc national de Daisetsuzan est un parc national japonais situé sur l'île d'Hokkaidō. C'est un parc de 2 267,64 km2 créé le 4 décembre 1934, grâce à l'entêtement de Ryutaro Ota, un maire de la région. C'est le plus grand parc national du Japon.",Wikipédia (CC BY-SA),,https://commons.wikimedia.org/wiki/Special:FilePath/140724_Asahi-dake_and_Sugatami-no-ike_Hokkaido_Japan01bs3.jpg?width=1280,663highland – CC BY 2.5 (Wikimedia Commons),https://fr.wikipedia.org/wiki/Parc_national_de_Daisetsuzan
lieu,66f53426-00e8-5d2a-9f24-257353c95715,Musée national d'Art moderne de Tokyo,3-1 Kitanomaru-koen,,Tokyo,JPN,2,2026,35.67943660000003,139.80677070000002,Musée,Le musée national d'Art moderne de Tokyo se situe dans l'arrondissement de Chiyoda de la ville. Il a été inauguré en 1952.,Wikipédia (CC BY-SA),,https://commons.wikimedia.org/wiki/Special:FilePath/National_Museum_of_Modern_Art%2C_Tokyo_%282006.05%29.jpg?width=1280,Lombroso – Public domain (Wikimedia Commons),https://fr.wikipedia.org/wiki/Mus%C3%A9e_national_d%27Art_moderne_de_Tokyo
lieu,4b4bd44b-7d10-57e4-aa0c-3903665214c8,Kumano Hayatama Taisha,,,Shingu,JPN,2,2026,33.73124122000007,135.98457830400002,Monument religieux,"Le Kumano Hayatama-taisha est un sanctuaire shinto situé à Shingū, préfecture de Wakayama, sur les berges du fleuve Kumano dans la péninsule de Kii au Japon. Il fait partie du Kumano Sanzan dans le patrimoine mondial de l'UNESCO au titre des sites sacrés et chemins de pèlerinage dans les monts Kii. Les trois sanctuaires Kumano Sanzan sont le Sōhonsha (« premier sanctuaire ») de tous les Kumano-jinja, situé à environ 20 à 40 km de distance les uns des autres et relié par la route de pèlerinage appelée Kumano sankeimichi.",Wikipédia (CC BY-SA),,https://commons.wikimedia.org/wiki/Special:FilePath/Kumanohayatama-taisha10s4s4440.jpg?width=1280,663highland – CC BY 2.5 (Wikimedia Commons),https://fr.wikipedia.org/wiki/Kumano_Hayatama-taisha
lieu,13072630-53b9-5d9a-8729-35866b84ae40,Pola Museum of Art,"1285 Kozukayama, Sengokuhara",,Gora,JPN,2,2026,35.25665722900004,139.02123248600003,Musée,"Le musée Pola est situé à Hakone, dans la préfecture de Kanagawa au Japon. Il a ouvert ses portes en septembre 2002 au sein du parc national de Fuji-Hakone-Izu.",Wikipédia (CC BY-SA),,https://commons.wikimedia.org/wiki/Special:FilePath/191103_Pola_Museum_of_Art_Hakone_Japan02s3.jpg?width=1280,663highland – CC BY 2.5 (Wikimedia Commons),https://fr.wikipedia.org/wiki/Mus%C3%A9e_Pola
lieu,f181eb7a-1c3d-5efc-89e5-1dd9a24b8c7f,Tokyo Sky Tree,1-1-2 Oshiage Sumida-ku,,Tokyo,JPN,2,2026,35.70977848000007,139.81081078300008,Monument civil et militaire,"La Tokyo Skytree est une tour de radiodiffusion du Japon, située dans l'arrondissement Sumida de Tokyo. Haute de 634 mètres, elle devient, le jour de son inauguration en 2012, la deuxième plus haute structure autoportante du monde après Burj Khalifa.",Wikipédia (CC BY-SA),,https://commons.wikimedia.org/wiki/Special:FilePath/Tokyo_Skytree_2023_2.jpg?width=1280,Akonnchiroll – CC0 (Wikimedia Commons),https://fr.wikipedia.org/wiki/Tokyo_Skytree
lieu,df887850-15eb-588a-845c-84f611dd8ede,Glover Garden,,,Nagasaki,JPN,2,2026,32.732846117000065,129.86975344000007,Musée,"Le Glover Garden est un parc à Nagasaki, construit par Thomas Blake Glover, un marchand écossais. Dans ce parc est installée la Glover Residence, une maison de style occidental, la plus ancienne au Japon et importante attraction touristique. Le parc est situé sur la colline de Minamiyamate qui domine le port de Nagasaki.",Wikipédia (CC BY-SA),,https://commons.wikimedia.org/wiki/Special:FilePath/Glover_House.jpg?width=1280,Unknown authorUnknown author – Public domain (Wikimedia Commons),https://fr.wikipedia.org/wiki/Glover_Garden
lieu,819ec623-e213-5495-9a50-9e5f756827cc,Quartier des samouraïs de Kakunodate,,,Kakunodate,JPN,2,2026,39.60051028700008,140.5614579270001,Ville et village,"Quartier de résidences de samouraïs préservées entourées de cerisiers pleureurs centenaires, dont six se visitent.",Reformulation,,https://thumb.wikimedia.org/wikipedia/commons/thumb/d/dd/Kakunodate_-_panoramio_%281%29.jpg/1280px-Kakunodate_-_panoramio_%281%29.jpg?utm_source=commons.wikimedia.org&utm_campaign=imageinfo&utm_content=thumbnail,Kaz Ish – CC BY-SA 3.0 (Wikimedia Commons),
lieu,b4cde516-8976-5f7a-b8c6-6958489397bf,Roppongi Hills,6-10-1 Roppongi - Minato-ku,,Tokyo,JPN,2,2026,35.661447200000055,139.7285938000001,Monument civil et militaire,"La Roppongi Hills Mori Tower est un gratte-ciel de Tokyo qui mesure 238,1 m pour 53 étages (hors rez-de-chaussée). On y trouve un musée d'art contemporain, le musée d'Art Mori.",Wikipédia (CC BY-SA),,https://commons.wikimedia.org/wiki/Special:FilePath/Roppongi-Mori-Tower-01.jpg?width=1280,Rs1421 – CC BY-SA 3.0 (Wikimedia Commons),https://fr.wikipedia.org/wiki/Roppongi_Hills_Mori_Tower
lieu,3743a884-e06a-59aa-8550-c13fe36b7305,Tokei-ji,Kamakura-kaido,248 0034,Kamakura,JPN,2,2026,35.335201321000056,139.54559968400008,Monument religieux,"Le Tōkei-ji est un temple bouddhiste situé dans le quartier Yama-no-uchi de Kamakura, dans la préfecture de Kanagawa au Japon, non loin de la gare de Kita-Kamakura. Il appartient depuis l'ère Meiji à la branche Engaku-ji du Rinzai-shū. Jusqu'alors le Tōkei-ji est plus particulièrement connu comme monastère pour bhikkhuni (religieuses).",Wikipédia (CC BY-SA),,https://commons.wikimedia.org/wiki/Special:FilePath/T%C5%8Dkei-ji%2C_Main_Hall_001.jpg?width=1280,Naokijp – CC BY-SA 4.0 (Wikimedia Commons),https://fr.wikipedia.org/wiki/T%C5%8Dkei-ji
lieu,d5003336-fb99-51e5-bf4e-8db8bf11abf5,Raku Museum,87-1 Aburahashizumecho - Kamigyo-ku,604 8571,Kyoto,JPN,2,2026,35.02554955000005,135.75323360000004,Musée,"Musée de la dynastie de céramistes Raku, présentant quinze générations de bols à thé depuis Chojiro au XVIe siècle.",Reformulation,,https://upload.wikimedia.org/wikipedia/commons/a/ab/Black_Raku_tea_bowl_Amadera.jpg?utm_source=commons.wikimedia.org&utm_campaign=imageinfo&utm_content=thumbnail_unscaled,Chris 73 – CC BY-SA 3.0 (Wikimedia Commons),
lieu,ed5aaa24-c5cd-5e21-bdfe-a900aaead629,Alpes japonaises,,,Nagano,JPN,2,2026,36.653478954000036,138.18729807300008,Site naturel,"Massif montagneux du centre de Honshu, idéal pour la randonnée, le ski et les onsen, dont les sommets dépassent 3 000 m.",Reformulation,,https://thumb.wikimedia.org/wikipedia/commons/thumb/5/56/Alpes_japonaises%2C_M.C._2019-182.jpg/1280px-Alpes_japonaises%2C_M.C._2019-182.jpg?utm_source=commons.wikimedia.org&utm_campaign=imageinfo&utm_content=thumbnail,Yamamoto Shunkyo – CC0 (Wikimedia Commons),
lieu,eeb8205d-7f45-5499-87a2-045304ef94cd,Shiogama-jinja,1-1 Ichimoriyama,,Shiogama,JPN,2,2026,38.31813000000005,141.01240100000007,Monument religieux,"Le Shiogama-jinja est un sanctuaire shinto situé à Shiogama, préfecture de Miyagi au Japon. Il est connu depuis le IXe siècle et quinze de ses bâtiments sont désignés biens culturels importants. Bashō rapporte sa visite dans La Sente étroite du Bout-du-Monde (Oku no Hosomichi), évoquant les magnifiques piliers, le plafond peint, le long escalier de pierre, les lanternes votives et l'« éclat de la clôture vermillon dans le soleil du matin ».",Wikipédia (CC BY-SA),,https://commons.wikimedia.org/wiki/Special:FilePath/Shiogama_Shrine_romon.jpeg?width=1280,nnh – Public domain (Wikimedia Commons),https://fr.wikipedia.org/wiki/Shiogama-jinja
lieu,422724e6-58ee-5777-a38d-8c54c7fd61b3,Domon Ken - musée de la Photographie de Sakata,,,Sakata,JPN,2,2026,38.89159500000005,139.82413700000006,Musée,"Premier musée japonais dédié à la photographie, consacré à Ken Domon (1909-1990), dans un bâtiment de Yoshio Taniguchi.",Reformulation,,https://thumb.wikimedia.org/wikipedia/commons/thumb/d/db/Ken_Domon_Museum_of_Photography%2C_22_September_2009%2C_008.jpg/1280px-Ken_Domon_Museum_of_Photography%2C_22_September_2009%2C_008.jpg?utm_source=commons.wikimedia.org&utm_campaign=imageinfo&utm_content=thumbnail,"contri from Yonezawa-Shi, Yamagata, Japan – CC BY-SA 2.0 (Wikimedia Commons)",
lieu,7d3d6ae2-5c51-5401-87df-9696993c24cb,Kofuku-ji,,,Nara,JPN,2,2026,34.682871842000054,135.83224575100007,Monument religieux,"Le Kōfuku-ji est un temple bouddhiste de la cité de Nara (préfecture de Nara, au Japon). C'est le temple familial des Fujiwara et le principal temple du bouddhisme Hossō-shū. Il est également appelé, avec l'Enryaku-ji, Nanto-Hokurei, terme désignant les deux temples les plus puissants pendant l'ère Heian : le Kōfuku-ji au sud (Nanto, ville du sud) et l'Enryaku-ji sur le mont Hiei, au nord (Hokurei, sommet du nord).",Wikipédia (CC BY-SA),,https://commons.wikimedia.org/wiki/Special:FilePath/Kofukuji03s3200.jpg?width=1280,663highland – CC BY 2.5 (Wikimedia Commons),https://fr.wikipedia.org/wiki/K%C5%8Dfuku-ji
lieu,097d8bd7-8835-5db6-8757-885c60217565,Nishino-shima,,,,JPN,2,2026,36.10672408100004,133.00593062500002,Site naturel,"Nishinoshima est un bourg situé dans le district d'Oki, sur île Nishino de la préfecture de Shimane, au Japon.",Wikipédia (CC BY-SA),,https://commons.wikimedia.org/wiki/Special:FilePath/Kuniga_shore.jpg?width=1280,Snap55 at Japanese Wikipedia – CC BY 3.0 (Wikimedia Commons),https://fr.wikipedia.org/wiki/Nishinoshima_(Shimane)
lieu,fa8139bc-6df4-5d3e-857d-11b3ae8b8448,Daigo-ji,,604 8571,Kyoto,JPN,2,2026,34.951020277000055,135.8195664850001,Monument religieux,"Le Daigo-ji est un temple bouddhiste de l'école Shingon dans le quartier Fushimi-ku, à Kyoto, au Japon. Il fait partie des monuments historiques de l'ancienne Kyoto classés au patrimoine mondial de l'humanité. L'image principale du temple (honzon) représente Yakushi.",Wikipédia (CC BY-SA),,https://commons.wikimedia.org/wiki/Special:FilePath/DaigojiPagoda3242.jpg?width=1280,Public domain (Wikimedia Commons),https://fr.wikipedia.org/wiki/Daigo-ji
lieu,3988c47c-255d-59bf-ad76-6ecf9e1020bd,Mori Art Museum,Mori Tower 52 F,,Tokyo,JPN,2,2026,35.66102790000008,139.72964610000008,Musée,"Le musée d'art Mori est un musée d'art contemporain fondé par le promoteur immobilier Minoru Mori (en) dans la Roppongi Hills Mori Tower du complexe Roppongi Hills, tous deux construits par Mori lui-même à Tokyo au Japon. L'architecte d'intérieur des galeries du musée au 53e étage de la tour de 54 étages dans laquelle le musée est installé est Richard Gluckman de l'agence Gluckman Mayner Architects (en). Le musée ne présente pas de collection permanente, mais plutôt des expositions temporaires d'œuvres d'artistes contemporains..",Wikipédia (CC BY-SA),,https://commons.wikimedia.org/wiki/Special:FilePath/Mori_Art_Museum_-----.png?width=1280,Matt Lucht – CC BY 2.0 (Wikimedia Commons),https://fr.wikipedia.org/wiki/Mus%C3%A9e_d%27Art_Mori
lieu,992c8b2f-1d26-5151-80c6-39ead1b26e15,Pont d'Akashi Kaikyo & Maiko Marine Promenade,,,Kobe,JPN,2,2026,34.617378303000066,135.02208882200011,Monument civil et militaire,"Pont suspendu parmi les plus longs du monde, reliant Honshu à l'île d'Awaji, que l'on découvre depuis la promenade Maiko.",Reformulation,,https://upload.wikimedia.org/wikipedia/commons/f/f3/Akashi-Kaikyo_Bridge_075.jpg?utm_source=commons.wikimedia.org&utm_campaign=imageinfo&utm_content=thumbnail_unscaled,Fotograf: Marcus Tschaut – CC BY-SA 3.0 (Wikimedia Commons),
lieu,dee0727e-1576-578b-93ff-c15d859afaed,Nyuto Onsen-kyo,"Kyukamura Nyuto Onsen-kyo, 2-1 Komagatake",,Tazawako,JPN,2,2026,39.80122537600005,140.79446921600004,Site naturel,"Sept auberges thermales isolées sur les pentes du mont Nyuto, aux eaux sulfureuses réputées depuis des siècles.",Reformulation,,https://thumb.wikimedia.org/wikipedia/commons/thumb/b/be/Nyuto_Onsen_-_NyutoOnsen7058.jpg/1280px-Nyuto_Onsen_-_NyutoOnsen7058.jpg?utm_source=commons.wikimedia.org&utm_campaign=imageinfo&utm_content=thumbnail,lumoplank – CC0 (Wikimedia Commons),
lieu,fe517b01-4516-59c2-8750-4ea4573e1bd0,Takayama Yatai Kaikan,178 Sakura-machi,,Takayama,JPN,2,2026,36.148222900000064,137.2605052,Musée,"Musée présentant quatre des somptueux chars (yatai) du festival de Takayama, l'un des plus beaux du Japon.",Reformulation,,https://thumb.wikimedia.org/wikipedia/commons/thumb/2/29/Takayama_festival_Yatai_Kaikan_No%2C2.JPG/1280px-Takayama_festival_Yatai_Kaikan_No%2C2.JPG?utm_source=commons.wikimedia.org&utm_campaign=imageinfo&utm_content=thumbnail,Mti – CC BY-SA 3.0 (Wikimedia Commons),
lieu,798e4f05-d591-5875-a8dc-538c796d68b6,Zuiryu-ji,Sekihonmachi 35,933-0863,Takaoka City,JPN,2,2026,36.735708389000024,137.0105926870001,Monument religieux,"Temple zen édifié en 1645 par le seigneur Maeda Toshitsune, chef-d'œuvre d'architecture de l'époque d'Edo classé trésor national.",Reformulation,,https://commons.wikimedia.org/wiki/Special:FilePath/Zuiryuji_Temple_2010-08-29_01.jpg?width=1280,柑橘類 (talk) – CC BY-SA 3.0 (Wikimedia Commons),https://en.wikipedia.org/wiki/Zuiry%C5%AB-ji_(Toyama)
lieu,03fdfd9d-3ac0-5db1-91a4-740f85025629,Cap Ashizuri,,787-0392,Tosa-Shimizu,JPN,2,2026,32.72407988000003,133.02040321000004,Site naturel,"Le cap Ashizuri est un cap situé dans le sud-ouest de l'île de Shikoku, à Tosashimizu au Japon. C'est le point le plus méridional de l'île. Il fait partie du parc national d'Ashizuri-Uwakai.",Wikipédia (CC BY-SA),,https://commons.wikimedia.org/wiki/Special:FilePath/Tosashimizu_Ashizuri_Cape_1.jpg?width=1280,京浜にけ – CC BY-SA 3.0 (Wikimedia Commons),https://fr.wikipedia.org/wiki/Cap_Ashizuri
lieu,ad04f2fe-a7eb-52b2-a552-25389e9d576d,Château de Nijo,,,Kyoto,JPN,2,2026,35.01421662000007,135.74823228000002,Monument civil et militaire,"Le château de Nijō se trouve à Kyoto, au Japon. C'est Tokugawa Ieyasu qui le fit construire en 1603. Il est constitué de deux cercles concentriques de fortifications, des palais Ninomaru et Honmaru, de divers bâtiments annexes et de plusieurs jardins.",Wikipédia (CC BY-SA),,https://commons.wikimedia.org/wiki/Special:FilePath/Nijo_Castle_1.jpg?width=1280,CC BY-SA 3.0 (Wikimedia Commons),https://fr.wikipedia.org/wiki/Ch%C3%A2teau_de_Nij%C5%8D
lieu,649a2612-3aeb-55d0-bd55-93c89f61064e,Musée d'Histoire de Shimoda,Mai Mai-dori,,Shimoda,JPN,2,2026,34.67301577500007,138.93988637400003,Musée,Musée retraçant l'ouverture du Japon à Shimoda après l'arrivée du commodore Perry en 1854.,Reformulation,,https://thumb.wikimedia.org/wikipedia/commons/thumb/9/9c/Shimoda_Kaikoku_Museum.jpg/1280px-Shimoda_Kaikoku_Museum.jpg?utm_source=commons.wikimedia.org&utm_campaign=imageinfo&utm_content=thumbnail,Drivephotographer – CC0 (Wikimedia Commons),
lieu,a9daf3a1-fcff-58dd-ac5d-f00d38ff2784,Dotonbori,,,Osaka,JPN,2,2026,34.66871110200003,135.50365364800007,Monument civil et militaire,"Dōtonbori est l'une des principales destinations touristiques de la ville d'Osaka au Japon. C'est une rue unique, longeant le canal Dōtonbori entre le pont Dōtonbori et le pont Nipponbashi, dans le quartier de Namba. Ancien quartier de plaisir, Dōtonbori est célèbre pour ses théâtres historiques (aujourd'hui tous disparus), ses magasins, ses restaurants et ses nombreuses enseignes lumineuses, comme celle du confiseur Ezaki Glico qui représente un coureur passant la ligne d'arrivée.",Wikipédia (CC BY-SA),,https://commons.wikimedia.org/wiki/Special:FilePath/Dotonburi_River_Namba_Japan_by_Don_Ramey_Logan.jpg?width=1280,Don Ramey Logan – CC BY 4.0 (Wikimedia Commons),https://fr.wikipedia.org/wiki/D%C5%8Dtonbori
lieu,e1877f6e-f5e7-5ad2-8d5d-9d7023dbdc94,Tofuku-ji,,,Kyoto,JPN,2,2026,34.97650677400003,135.77425090600002,Monument religieux,"Le Tōfuku-ji est un temple bouddhiste de l'arrondissement de Higashiyama-ku au sud-est de Kyoto, au Japon. Il a été fondé par Enni en tant que siège de l'école Rinzai de la tradition du bouddhisme zen japonais. Il fut construit entre 1236 et 1255 sur les ruines du Hosshō-ji, appartenant aux Fujiwara.",Wikipédia (CC BY-SA),,https://commons.wikimedia.org/wiki/Special:FilePath/FundainZunantei.jpg?width=1280,PlusMinus – CC BY-SA 3.0 (Wikimedia Commons),https://fr.wikipedia.org/wiki/T%C5%8Dfuku-ji
lieu,113c717b-e313-555e-8f5f-b422d434c78a,Temple Hase-dera,3-11-2 Hase,248 0034,Kamakura,JPN,2,2026,34.53588739300005,135.90682980500003,Monument religieux,"Hase-dera est le temple principal de la secte Buzan du bouddhisme Shingon. Il se trouve dans la ville de Sakurai, dans la préfecture de Nara au Japon.",Wikipédia (CC BY-SA),,https://commons.wikimedia.org/wiki/Special:FilePath/Hasedera_Sakurai_Nara_pref58s5s4272.jpg?width=1280,663highland – CC BY 2.5 (Wikimedia Commons),https://fr.wikipedia.org/wiki/Hase-dera_(Sakurai)
lieu,a0e5672c-2410-5a15-b766-851ac4083006,Buke-yashiki Nomura-ke,1-3-32 Nagamachi,,Kanazawa,JPN,2,2026,36.56423763300006,136.6501749370001,Monument civil et militaire,"Résidence de samouraïs de la famille Nomura, avec un ravissant jardin ornemental et sa petite cascade.",Reformulation,,,,
lieu,55f8e1b8-8905-5e26-acfa-cc7f7f40766b,Musée d'Art Tokugawa,,,Nagoya,JPN,2,2026,35.183025014000066,136.93319686900008,Musée,"Le musée d'art Tokugawa est un musée d'art privé, situé dans l'ancienne résidence Ōzone Shimoyashiki (en) à Nagoya, au centre du Japon. Ses collections contiennent plus de 12 000 pièces dont des katana, des armures, des costumes noh et des masques, des meubles laqués, des céramiques chinoises et japonaises, des calligraphies et des peintures des dynasties chinoises Song et Yuan (960-1368).",Wikipédia (CC BY-SA),,https://commons.wikimedia.org/wiki/Special:FilePath/View_of_Tokugawa_Art_Museum_%281%29%2C_Tokugawa-cho_Higashi_Ward_Nagoya_2021.jpg?width=1280,Tomio344456 – CC BY-SA 4.0 (Wikimedia Commons),https://fr.wikipedia.org/wiki/Mus%C3%A9e_d%27Art_Tokugawa
lieu,f4558b83-4017-5db4-9bed-784074aa3262,Fujisan Hongu Sengen-taisha,1-1 Miya-chō,,Fujinomiya,JPN,2,2026,35.22747046000006,138.61007160000008,Monument religieux,Le Fujisan Hongū Sengen-taisha est un sanctuaire shinto situé dans la ville de Fujinomiya de la préfecture de Shizuoka au Japon. C'est l'ichi-no-miya de l'ancienne province de Suruga et le sanctuaire de tête des 1 300 sanctuaires Asama du pays. Le sanctuaire bénéficie d'un emplacement étendu dans le centre-ville de Fujinomiya.,Wikipédia (CC BY-SA),,https://commons.wikimedia.org/wiki/Special:FilePath/Fujisan_Hong%C5%AB_Sengen_Taisha_20220724k.jpg?width=1280,江戸村のとくぞう – CC BY-SA 4.0 (Wikimedia Commons),https://fr.wikipedia.org/wiki/Fujisan_Hong%C5%AB_Sengen-taisha
lieu,03e2ada3-c13f-5ab4-9577-de9766c7e28a,Kabuki-cho,,,Tokyo,JPN,2,2026,35.69562300000007,139.70257000000004,Ville et village,Kabukichō est un quartier chaud de Tokyo se situant à l'est de l'arrondissement de Shinjuku.,Wikipédia (CC BY-SA),,https://commons.wikimedia.org/wiki/Special:FilePath/Kabukicho_red_gate_and_colorful_neon_street_signs_at_night%2C_Shinjuku%2C_Tokyo%2C_Japan.jpg?width=1280,Basile Morin – CC BY-SA 4.0 (Wikimedia Commons),https://fr.wikipedia.org/wiki/Kabukich%C5%8D
lieu,a128f6f9-5658-5355-9681-34e08d35ab12,Shuzen-ji,Face au Tokko no yu,,Shuzenji,JPN,2,2026,34.97112080800008,138.9272340110001,Monument religieux,"Temple fondé au IXe siècle par Kobo Daishi, qui a donné son nom à la ville thermale de Shuzenji.",Reformulation,,https://commons.wikimedia.org/wiki/Special:FilePath/181124_Shuzenji_Izu_Shizuoka_pref_Japan04s3.jpg?width=1280,663highland – CC BY-SA 4.0 (Wikimedia Commons),https://en.wikipedia.org/wiki/Shuzen-ji
lieu,a7381371-1212-5996-bb2c-31f1f0029ba1,Asakusa,,,Tokyo,JPN,2,2026,35.71368860000007,139.79662150000001,Ville et village,"Asakusa est un quartier historique de Tokyo situé dans l'arrondissement de Taitō, sur la rive droite de la rivière Sumida. Véritable cœur de la « ville basse » (shitamachi), Asakusa s'est affirmé dès l'époque d'Edo comme le principal centre de divertissement et de culture populaire de la capitale nippone. Le quartier est aujourd'hui l'une des destinations touristiques les plus emblématiques du Japon, célèbre pour abriter le Sensō-ji, le plus ancien temple bouddhiste de la ville.",Wikipédia (CC BY-SA),,https://commons.wikimedia.org/wiki/Special:FilePath/Tokio_Tempel_Senso-ji_bei_Nacht_1.jpg?width=1280,Zairon – CC BY-SA 4.0 (Wikimedia Commons),https://fr.wikipedia.org/wiki/Asakusa
lieu,1c60f442-e997-5891-b72a-dae67b61a8e1,Taketomi-jima,,,Taketomi,JPN,2,2026,24.329063000000076,124.08670700000005,Site naturel,"Taketomi-jima est une des îles secondaires de l'archipel des îles Yaeyama au sud-ouest du Japon, faisant partie de l'archipel Sakishima, avec les îles Miyako à l'est et les îles Senkaku plus au nord, et donc des îles Ryūkyū. Taketomi appartient au bourg de Taketomi dans la préfecture d'Okinawa. L'île principale de cet archipel est Ishigaki-jima (ville d'Ishigaki).",Wikipédia (CC BY-SA),,https://commons.wikimedia.org/wiki/Special:FilePath/Taketomi.JPG?width=1280,user:Jajaklar82 – CC BY-SA 3.0 (Wikimedia Commons),https://fr.wikipedia.org/wiki/Taketomi-jima
lieu,44fb5251-6ea6-521c-8dda-4ae6ae70874a,Taiyu-in,Face au Futarasan,,Nikko,JPN,2,2026,36.757602005000024,139.59415417900004,Monument religieux,"Mausolée du shogun Tokugawa Iemitsu à Nikko, plus sobre que le Tosho-gu voisin mais richement orné.",Reformulation,,https://thumb.wikimedia.org/wikipedia/commons/thumb/5/57/K%C5%8Dkamon%2C_Taiy%C5%AB-in%2C_Nikko%2C_Southeast_view_20190423_1.jpg/1280px-K%C5%8Dkamon%2C_Taiy%C5%AB-in%2C_Nikko%2C_Southeast_view_20190423_1.jpg?utm_source=commons.wikimedia.org&utm_campaign=imageinfo&utm_content=thumbnail,DXR – CC BY-SA 4.0 (Wikimedia Commons),
lieu,671c4942-cb64-55b1-bc49-76e81b04ca4a,Entsu-in,67 Matsushima Aza-Chonai,,Matsushima,JPN,2,2026,38.371075000000076,141.06037100000003,Monument religieux,"Le Entsū-in est un temple de l'école Myōshin-ji du bouddhisme zen Rinzai situé dans la ville de Matsushima, préfecture de Miyagi au Japon. Il est fondé près du Zuigan-ji en l'honneur du petit-fils de Date Masamune. Son mausolée de 1647, décoré de motifs inspirés par les contacts avec l'Occident est désigné bien culturel important.",Wikipédia (CC BY-SA),,https://commons.wikimedia.org/wiki/Special:FilePath/Entsuin2.jpg?width=1280,Kumamushi – CC BY-SA 3.0 (Wikimedia Commons),https://fr.wikipedia.org/wiki/Ents%C5%AB-in_(Matsushima)
lieu,48eeaf1a-a9b4-5ade-8013-cba1f409c220,Péninsule d'Izu,,,Shimoda,JPN,2,2026,34.85665638800003,138.93863043300007,Site naturel,"Péninsule volcanique au sud-ouest de Tokyo, réputée pour ses onsen, ses côtes découpées et ses plages.",Reformulation,,https://thumb.wikimedia.org/wikipedia/commons/thumb/8/8d/Izu_Peninsula%2C_Izu%2C_Japan_%28Unsplash%29.jpg/1280px-Izu_Peninsula%2C_Izu%2C_Japan_%28Unsplash%29.jpg?utm_source=commons.wikimedia.org&utm_campaign=imageinfo&utm_content=thumbnail,Peter Nguyen peterng1618 – CC0 (Wikimedia Commons),
lieu,de8df972-62e3-5869-ae12-4bf86d2c7e36,Takayama-jinya,1-5 Hachikenmachi,,Takayama,JPN,2,2026,36.13960910000003,137.25844300000006,Monument civil et militaire,"Le Takayama Jin'ya est un jin'ya de l'époque d'Edo qui a subsisté et qui a servi de Daikansho pour la province de Hida sous le shogunat Tokugawa de 1692 à 1871. Il est situé dans ce qui est aujourd'hui Hachiken-machi, dans la ville de Takayama, préfecture de Gifu. Il est protégé en tant que site historique national depuis 1929.",Wikipédia (CC BY-SA),,https://commons.wikimedia.org/wiki/Special:FilePath/Takayama_jinya.jpg?width=1280,K.F. – CC BY 2.5 (Wikimedia Commons),https://fr.wikipedia.org/wiki/Takayama_Jin%27ya
lieu,928b0a73-b040-52fc-b6a0-dc2091c5b03f,Mont Meakan,,,Kushiro,JPN,2,2026,43.385727590000045,144.00861777000011,Site naturel,"Le mont Meakan est un stratovolcan actif situé dans le parc national d'Akan dans l'île de Hokkaidō au Japon. Culminant à 1 499 m d'altitude, c'est le plus haut sommet du groupe volcanique Akan. Le volcan se compose de neuf cônes qui se chevauchent, issus de la caldeira Akan sur les rives du lac Akan.",Wikipédia (CC BY-SA),,https://commons.wikimedia.org/wiki/Special:FilePath/Mount_Meakan02s10.jpg?width=1280,663highland – CC BY 2.5 (Wikimedia Commons),https://fr.wikipedia.org/wiki/Mont_Meakan
lieu,98658755-00fd-54f7-823b-70d388dda91b,Chinatown,,,Yokohama,JPN,2,2026,35.42876064400008,139.64651913500006,Ville et village,"Chinatown est un quartier de Yokohama, dans la préfecture de Kanagawa, au Japon. Il n'est pas seulement le plus grand quartier chinois du Japon mais aussi de toute l'Asie hors République populaire de Chine (RPC).",Wikipédia (CC BY-SA),,https://commons.wikimedia.org/wiki/Special:FilePath/Japan%2C_Kanagawa_-_Yokohama_Chinatown.jpg?width=1280,ContributorQ – CC BY-SA 3.0 (Wikimedia Commons),https://fr.wikipedia.org/wiki/Chinatown_(Yokohama)
lieu,7db9c6a4-f4f6-5919-b440-c2339dce0fab,Kobe City Museum,,,Kobe,JPN,2,2026,34.68701135200007,135.19308841800012,Musée,"Le musée municipal de Kobe, inauguré en 1982, réunit deux collections antérieures, le musée municipal d'art archéologique et le musée municipal d'art Nanban. Le musée est hébergé dans un bâtiment d'architecture néoclassique construit en 1935, ancienne branche de Kobe de la Banque de Tokyo. La collection de près de 39 000 pièces comprend des objets archéologiques, des œuvres d'art, des cartes anciennes et des documents historiques ainsi que des artefacts liés à Kobe.",Wikipédia (CC BY-SA),,https://commons.wikimedia.org/wiki/Special:FilePath/Kobe_city_museum01_1920.jpg?width=1280,663highland – CC BY 2.5 (Wikimedia Commons),https://fr.wikipedia.org/wiki/Mus%C3%A9e_municipal_de_Kobe
lieu,223b0f0f-8487-5d72-be46-ac51e0b3bbe3,Eihei-ji,,,Eiheiji,JPN,2,2026,36.05524341000006,136.35465965000003,Monument religieux,"L'Eihei-ji (永平寺, « temple (ji) de la paix (ei) éternelle (hei) »), transcrit aussi Eihai-ji, est l'un des deux principaux temples japonais de l'école Sōtō du bouddhisme zen. Il a été fondé en 1244 par Eihei Dōgen qui introduisit le sōtō au Japon depuis la Chine. Eihei-ji se situe dans le bourg d'Eiheiji, dans la préfecture de Fukui au Japon.",Wikipédia (CC BY-SA),,https://commons.wikimedia.org/wiki/Special:FilePath/Eiheiji_Karamon.jpg?width=1280,CC BY-SA 3.0 (Wikimedia Commons),https://fr.wikipedia.org/wiki/Eihei-ji
lieu,6e39b933-2571-562e-8767-de6aa0d2dc0d,Ise-Shima,,,Toba,JPN,2,2026,34.454981503000056,136.72581265600002,Site naturel,"Parc national autour du grand sanctuaire d'Ise : rochers mariés de Meoto-iwa, plongeuses ama de Toba et perles de culture.",Reformulation,,https://thumb.wikimedia.org/wikipedia/commons/thumb/b/ba/Ise_Shima_Skyline_Ise_Side_Entrance_20110522.jpg/1280px-Ise_Shima_Skyline_Ise_Side_Entrance_20110522.jpg?utm_source=commons.wikimedia.org&utm_campaign=imageinfo&utm_content=thumbnail,Xjm91587 – Public domain (Wikimedia Commons),
lieu,eba785f8-7b4b-53d2-adf1-d4ad8386cee7,Jardin et atelier de kimono Oshima Tsumugi à Oshima Tsumugi Mura,,,,JPN,2,2026,28.406611455000075,129.61620918800008,Parc ou jardin,"Atelier et jardin où se fabrique l'Oshima tsumugi, soie de kimono teinte selon une technique vieille de 1 300 ans.",Reformulation,,,,
lieu,195a55aa-77e1-5b2c-b5e9-1a54f555a46f,Tosho-gu,Ueno-koen,,Tokyo,JPN,2,2026,35.715331700000036,139.7711584000001,Monument religieux,"Ueno Tōshō-gū, est un sanctuaire shinto Tōshō-gū situé dans le quartier Taitō de Tokyo, au Japon. D'abord établi en 1627 par Tōdō Takatora et rénové en 1651 par Tokugawa Iemitsu, le sanctuaire est resté pour l'essentiel intact depuis cette époque, ce qui en fait un grand exemple de l'architecture shinto de l'époque d'Edo. Plusieurs de ces structures survivantes ont été désignées biens culturels importants.",Wikipédia (CC BY-SA),,https://commons.wikimedia.org/wiki/Special:FilePath/Ueno_T%C5%8Dsh%C5%8D-g%C5%AB_DSC02777.JPG?width=1280,Unkei6hokusai4 – CC BY-SA 3.0 (Wikimedia Commons),https://fr.wikipedia.org/wiki/Ueno_T%C5%8Dsh%C5%8D-g%C5%AB
lieu,4808394e-dee6-5eb9-9552-3e969e642f3e,Pont suspendu Kokonoe Yume Otsurihashi,,,Kokonoe,JPN,2,2026,33.17384467100004,131.22677751800006,Monument civil et militaire,"Passerelle piétonne de 390 m suspendue à 173 m au-dessus d'une vallée boisée, avec vue sur la cascade Shindo-no-taki.",Reformulation,,https://thumb.wikimedia.org/wikipedia/commons/thumb/2/26/Kokonoe-Yume-Otsurihashi-4.jpg/1280px-Kokonoe-Yume-Otsurihashi-4.jpg?utm_source=commons.wikimedia.org&utm_campaign=imageinfo&utm_content=thumbnail,"Albert Hsu from Taipei, Taiwan – CC BY-SA 2.0 (Wikimedia Commons)",
lieu,533376f5-12fe-5d3b-8681-16d9d0001c8e,Villa impériale Shugaku-in,,,Kyoto,JPN,2,2026,35.05354826200005,135.79965564500003,Monument civil et militaire,"La villa impériale Shugaku-in, ou palais détaché Shugaku-in, est un ensemble de jardins et de dépendances (des pavillons de thé pour la plupart) situé sur les collines de la banlieue est de Kyoto au Japon (séparé du palais impérial de Kyoto). Il s'agit de l'un des trésors culturels de grande envergure les plus importants du Japon ; ses jardins sont l'un des grands chefs-d'œuvre du jardinage japonais. Bien que dénommé « palais détaché », souvent traduit par « villa impériale », il n'y avait jamais eu là de bâtiments à grande échelle comme il y en a à la villa impériale de Katsura.",Wikipédia (CC BY-SA),,https://commons.wikimedia.org/wiki/Special:FilePath/Shugakuin_Imperial_Villa.jpg?width=1280,Wiiii – CC BY-SA 3.0 (Wikimedia Commons),https://fr.wikipedia.org/wiki/Villa_imp%C3%A9riale_Shugakuin
lieu,16eccbe6-5f51-5d8d-ba54-8976e023bab4,Cocoon Tower,"1-7-2 Nishi-Shinjuku, Shinjuku-ku",,Tokyo,JPN,2,2026,35.691409607000026,139.69682620300011,Monument civil et militaire,"La Mode Gakuen Cocoon Tower est un gratte-ciel ayant pour fonction d'abriter une école de design et d'architecture. Elle a une hauteur de 204 mètres et a été construite à Tokyo de 2006 à 2008 dans le quartier d'affaires Shinjuku à l'initiative de l'école de mode, Mode Gakuen.",Wikipédia (CC BY-SA),,https://commons.wikimedia.org/wiki/Special:FilePath/2024_Cocoon_Tower_02.jpg?width=1280,Kakidai – CC BY-SA 4.0 (Wikimedia Commons),https://fr.wikipedia.org/wiki/Mode_Gakuen_Cocoon_Tower
lieu,45b3a972-ff3f-5bae-955d-ae60a3bb3910,Toyota Mega Web,,,Tokyo,JPN,2,2026,35.625867836000054,139.78137189500012,Musée,"Ancien showroom géant de Toyota à Odaiba, où l'on pouvait essayer les derniers modèles de la marque.",Reformulation,,https://commons.wikimedia.org/wiki/Special:FilePath/MEGAWEB_02.jpg?width=1280,Mytho88 – CC BY-SA 3.0 (Wikimedia Commons),https://en.wikipedia.org/wiki/Mega_Web
lieu,8dd96192-dfe9-5698-ae95-6cbad2e5e910,Mont Asahi-dake,,,Kiyokawa,JPN,2,2026,43.66357175400003,142.85410385800003,Site naturel,Le mont Asahi est la plus haute montagne d'Hokkaidō au Japon. Elle fait partie du groupe volcanique Daisetsuzan et est située dans la partie septentrionale du parc national de Daisetsuzan. La montagne est très appréciée des randonneurs en été et on peut s'en rapprocher en empruntant un téléphérique depuis Asahidake Onsen.,Wikipédia (CC BY-SA),,https://commons.wikimedia.org/wiki/Special:FilePath/140724_Asahi-dake_and_Sugatami-no-ike_Hokkaido_Japan01bs3.jpg?width=1280,663highland – CC BY 2.5 (Wikimedia Commons),https://fr.wikipedia.org/wiki/Mont_Asahi_(Daisetsuzan)
lieu,41052f2a-af0a-560e-b0ad-b6ac134615b2,Sugimoto-dera,Kanazawa Kamakura Street,248 0034,Kamakura,JPN,2,2026,35.32263867000006,139.56745569500004,Monument religieux,"Le Taizōzan Kannon'in Sugimoto-dera est un temple bouddhiste situé à Kamakura, préfecture de Kanagawa au Japon, un des plus anciens temples de Kamakura et avec le Hōkai-ji, le seul de la confession Tendai. Le temple est le premier sur le circuit du pèlerinage Bandō Sanjūsankasho. Deux des trois statues de la déesse Kannon qui y sont vénérées sont désignées bien culturel important.",Wikipédia (CC BY-SA),,https://commons.wikimedia.org/wiki/Special:FilePath/Sugimotodera%2C_Main_Hall_001.jpg?width=1280,Naokijp – CC BY-SA 4.0 (Wikimedia Commons),https://fr.wikipedia.org/wiki/Sugimoto-dera
lieu,07ed1aa1-0bbe-5acd-b7db-1ac14435d21c,Meigetsu-in,,248 0034,Kamakura,JPN,2,2026,35.334772599000075,139.5514781500001,Monument religieux,"Le Fugenzan Meigetsu-in est un temple Rinzai du Bouddhisme Zen de l'école Kenchō-ji situé à Yamanouchi, préfecture de Kanagawa au Japon. Réputé pour ses hortensias, il est aussi connu comme le « temple des hydrangeas » (ajisai-dera). L'objet principal de culte est la déesse Shō Kannon.",Wikipédia (CC BY-SA),,https://commons.wikimedia.org/wiki/Special:FilePath/Meigetsu-in_Kamakura_Round_Window.jpg?width=1280,Tarourashima – Public domain (Wikimedia Commons),https://fr.wikipedia.org/wiki/Meigetsu-in
lieu,1f934670-c886-5ede-8746-a095d4fd2056,Sanctuaire d'Izumo Taisha,,693 8530,Izumo,JPN,2,2026,35.40183900000005,132.68548500000009,Monument religieux,"Izumo-taisha est un des plus anciens et des plus importants sanctuaires shinto du Japon. Son nom signifie « le grand sanctuaire d'Izumo », la ville où il est situé. Ce sanctuaire est dédié au kami Ōkuninushi-no-mikoto.",Wikipédia (CC BY-SA),,https://commons.wikimedia.org/wiki/Special:FilePath/Izumo-Taisha_Haiden.jpg?width=1280,MaedaAkihiko – CC BY-SA 4.0 (Wikimedia Commons),https://fr.wikipedia.org/wiki/Izumo-taisha
lieu,dbb1d744-08b0-582f-b257-fc920f09ee15,Maison Murakami,Nantoshi Kaminashi,,Gokayama,JPN,2,2026,36.410537661000035,136.93104919900009,Monument civil et militaire,"Une des plus anciennes maisons gassho-zukuri du Japon (1578), où la famille accueille les visiteurs autour du foyer.",Reformulation,,https://thumb.wikimedia.org/wikipedia/commons/thumb/4/44/Residence_of_Murakami_Family_in_Gokayama%2C_Nanto%2C_Toyama.JPG/1280px-Residence_of_Murakami_Family_in_Gokayama%2C_Nanto%2C_Toyama.JPG?utm_source=commons.wikimedia.org&utm_campaign=imageinfo&utm_content=thumbnail,そらみみ – CC BY-SA 4.0 (Wikimedia Commons),
lieu,720e39fa-68ae-50ae-83a7-eede7160adb6,Cimetière d'Aoyama,,,Tokyo,JPN,2,2026,35.66682610000004,139.72156470000004,Monument religieux,"Le cimetière d'Aoyama est un cimetière situé dans le quartier de Minato à Tokyo au Japon et géré par le gouvernement métropolitain de Tokyo. Le cimetière, célèbre pour ses cerisiers en fleurs, est très visité pendant la saison du hanami.",Wikipédia (CC BY-SA),,https://commons.wikimedia.org/wiki/Special:FilePath/Aoyama_cemetery.jpg?width=1280,↑PON（ウエポン） at the Japanese Wikipedia – CC BY-SA 3.0 (Wikimedia Commons),https://fr.wikipedia.org/wiki/Cimeti%C3%A8re_d%27Aoyama
lieu,275c51e2-8e4e-5187-823f-797580eb06a6,Île des perles Mikimoto,À 5mn à pied de la gare,,Toba,JPN,2,2026,34.483254112000054,136.84710374000008,Site naturel,Petite île où Kokichi Mikimoto réussit la première perle de culture au monde ; musée et démonstrations de plongeuses ama.,Reformulation,,https://thumb.wikimedia.org/wikipedia/commons/thumb/9/92/Mikimoto_Pearl_Island_Aerial.jpg/1280px-Mikimoto_Pearl_Island_Aerial.jpg?utm_source=commons.wikimedia.org&utm_campaign=imageinfo&utm_content=thumbnail,Ganokure – CC BY-SA 4.0 (Wikimedia Commons),
lieu,3504bbbb-695c-5528-a1c0-2a0543028133,Okuno-in,,,Koya-san,JPN,2,2026,34.22300371400007,135.60576591100005,Monument religieux,"Un okuno-in est, au Japon, un espace sacré appartenant à un lieu de culte bouddhiste ou shintō.",Wikipédia (CC BY-SA),,https://thumb.wikimedia.org/wikipedia/commons/thumb/d/d0/Okuno-in_after_Typhoon_Jebi_2.jpg/1280px-Okuno-in_after_Typhoon_Jebi_2.jpg?utm_source=commons.wikimedia.org&utm_campaign=imageinfo&utm_content=thumbnail,Christophe95 – CC BY-SA 4.0 (Wikimedia Commons),https://fr.wikipedia.org/wiki/Okuno-in
lieu,ea5fc653-5905-5659-9d92-f1912d2012f8,Jardin de promenade du Shoyo-en,,,Nikko,JPN,2,2026,36.754188000000056,139.6007840000001,Parc ou jardin,Le Shōyō-en est un jardin japonais situé à Nikkō dans la préfecture de Tochigi.,Wikipédia (CC BY-SA),,https://commons.wikimedia.org/wiki/Special:FilePath/Sh%C5%8Dy%C5%8D-en3.jpg?width=1280,Irina Gelbukh – CC BY-SA 3.0 (Wikimedia Commons),https://fr.wikipedia.org/wiki/Sh%C5%8Dy%C5%8D-en
lieu,3c9dceca-bd7a-59ae-9b3f-c3a60200b642,Balade de Kanman-ga-fuchi,,,Nikko,JPN,2,2026,36.74892100000005,139.58820300000002,Site naturel,"Promenade le long du torrent Daiya, bordée d'une longue rangée de statues de jizo en pierre coiffées de bonnets rouges.",Reformulation,,,,
lieu,fd73e792-30b8-5e92-bb3b-093ca2e37dd3,21_21 Design Sight,"9-7-6 Akasaka, Minato-ku",,Tokyo,JPN,2,2026,35.66832654800004,139.73086641800012,Musée,"Le 21_21 DESIGN SIGHT est un musée situé dans le district de Roppongi, arrondissement de Minato à Tokyo, au sein du complexe Tokyo Midtown. Le musée, qui a ouvert ses portes en 2007, est le premier musée japonais consacré au design. Conçu par Tadao Ando, il est à présent considéré comme une des œuvres d'architecture distinctive de Tokyo.",Wikipédia (CC BY-SA),,https://commons.wikimedia.org/wiki/Special:FilePath/21_21_DESIGN_SIGHT.jpg?width=1280,Wiiii – CC BY-SA 3.0 (Wikimedia Commons),https://fr.wikipedia.org/wiki/21_21_DESIGN_SIGHT
lieu,8572d501-fc75-5c1e-b5c1-023b1cc1de7a,Plate-forme d'observation Kikuseidai du mont Maya,,,Kobe,JPN,2,2026,34.73345596000007,135.20469948400012,Site naturel,Belvédère du mont Maya (698 m) offrant l'une des plus belles vues nocturnes sur Kobe et la baie d'Osaka.,Reformulation,,https://thumb.wikimedia.org/wikipedia/commons/thumb/6/6e/View_of_Kikuseidai_from_Mount_Maya_Kobe.jpg/1280px-View_of_Kikuseidai_from_Mount_Maya_Kobe.jpg?utm_source=commons.wikimedia.org&utm_campaign=imageinfo&utm_content=thumbnail,663highland – CC BY 2.5 (Wikimedia Commons),
lieu,bb53c745-421d-51d4-a217-cafc07293222,Hida-no-Sato,,,Takayama,JPN,2,2026,36.13229690000003,137.23532390000003,Musée,"Musée en plein air de fermes traditionnelles de la région de Hida, dont de grandes maisons gassho-zukuri au toit de chaume.",Reformulation,,https://thumb.wikimedia.org/wikipedia/commons/thumb/b/bb/Hida_no_Sato_%285026321714%29.jpg/1280px-Hida_no_Sato_%285026321714%29.jpg?utm_source=commons.wikimedia.org&utm_campaign=imageinfo&utm_content=thumbnail,"rumpleteaser from Nagoya, Japan – CC BY 2.0 (Wikimedia Commons)",
lieu,b9a0df92-ef96-5f94-8e5f-79a34efe27c6,Tour Landmark,,,Yokohama,JPN,2,2026,35.45461000100005,139.6314962020001,Monument civil et militaire,"La Yokohama Landmark Tower est un gratte-ciel de Yokohama, près de Tokyo. Haute de 296 mètres, elle était à son achèvement en 1993 le plus haut bâtiment et la seconde plus haute structure du Japon après la tour de Tokyo. Elle a été dépassée dans les années 2010 par l'Abeno Harukas à Osaka.",Wikipédia (CC BY-SA),,https://commons.wikimedia.org/wiki/Special:FilePath/Yokohama-Landmark-Tower-02.jpg?width=1280,Rs1421 – CC BY-SA 3.0 (Wikimedia Commons),https://fr.wikipedia.org/wiki/Landmark_Tower
lieu,b8c23fb1-ca44-5c75-9d98-30e9f30ede9f,Dunes de Tottori,,,Tottori,JPN,2,2026,35.49711085300004,134.2290908000001,Site naturel,"Les dunes de Tottori sont des dunes situées à Tottori, dans la préfecture de Tottori, au Japon. Formation géologique inhabituelle dans le pays, elles sont un site touristique de la région.",Wikipédia (CC BY-SA),,https://commons.wikimedia.org/wiki/Special:FilePath/Tottori-Sakyu_Tottori_Japan.JPG?width=1280,Hashi photo – CC BY-SA 3.0 (Wikimedia Commons),https://fr.wikipedia.org/wiki/Dunes_de_Tottori
lieu,6363ea1b-4404-5c32-a3ba-3896140a4c22,Promenade Chikurin no Komichi,,,Shuzenji,JPN,2,2026,34.96977121900005,138.92608472900008,Site naturel,"Courte promenade dans une bambouseraie le long de la rivière Katsura, au cœur de la station thermale de Shuzenji.",Reformulation,,,,
lieu,38663be3-3663-5204-b032-1e62dc310324,Musée d'art Ohara,,,Okayama,JPN,2,2026,34.59608479800005,133.77064108700006,Musée,"Le musée d'Art Ōhara à Kurashiki est, historiquement, la première collection d'art occidental en exposition permanente au Japon. Ouvert en 1930, le musée à l'origine se compose presque entièrement de peintures et sculptures françaises des XIXe et XXe siècles. La collection s'est à présent développée et comprend des peintures de la renaissance italienne ainsi que des écoles hollandaises et flamandes du XVIIe siècle.",Wikipédia (CC BY-SA),,https://commons.wikimedia.org/wiki/Special:FilePath/Kurashiki_Ohara_Art_Museum02nt3200.jpg?width=1280,663highland – CC BY 2.5 (Wikimedia Commons),https://fr.wikipedia.org/wiki/Mus%C3%A9e_d%27Art_%C5%8Chara
lieu,82cc4e2d-fa74-5f2e-b99c-022f71d3020a,Kaihin Sunayu,,,Beppu,JPN,2,2026,33.311935197000025,131.50149736100002,Site naturel,"Bain de sable en bord de mer à Beppu, où l'on se fait ensevelir dans le sable chauffé par les sources.",Reformulation,,,,
lieu,93bbee7b-73a7-5577-9f99-c52c4138d818,Yoshinogari Historical Park,"1843 Tade, Yoshinogari",,Kanzaki,JPN,2,2026,33.32323400000007,130.3915750000001,Site historique et archéologique,"Yoshinogari est un bourg du district de Kanzaki, dans la préfecture de Saga, sur l'île de Kyūshū, au Japon. C'est aussi le lieu du parc archéologique prestigieux relevant de la période Yayoi, le site de Yoshinogari.",Wikipédia (CC BY-SA),,https://commons.wikimedia.org/wiki/Special:FilePath/Yoshinogari_Town_Hall.JPG?width=1280,Waka77 – CC0 (Wikimedia Commons),https://fr.wikipedia.org/wiki/Yoshinogari
lieu,f10f67ee-375c-526c-9ab4-449c25356da7,Musée des Beaux-Arts d'Akita,1-4-2 Nakadori,,Akita,JPN,2,2026,39.71735600000005,140.12128600000005,Musée,Le musée d'art d'Akita se trouve dans la ville d'Akita. Le musée préfectoral d'art d'Akita original ouvre ses portes le 5 mai 1967 puis est remplacé par le nouveau musée le 28 septembre 2013. L'exposition principale est consacrée aux œuvres de Tsugouharu Foujita de la collection de la fondation d'art Masakichi Hirano.,Wikipédia (CC BY-SA),,https://commons.wikimedia.org/wiki/Special:FilePath/Akita_Museum_of_Art_20180520.jpg?width=1280,掬茶 – CC BY-SA 4.0 (Wikimedia Commons),https://fr.wikipedia.org/wiki/Mus%C3%A9e_d%27Art_d%27Akita
lieu,a939947e-a5fd-5f0a-bd9a-3f4d865f8247,Mont Haguro,,,Tsuruoka,JPN,2,2026,38.69523000000004,139.98137400000007,Monument religieux,"Le mont Haguro est une montagne du Japon située dans la préfecture de Yamagata, dans la région de Tōhoku, sur l'île de Honshū. D'une altitude de 414 m, il est le moins élevé des trois monts Dewa.",Wikipédia (CC BY-SA),,https://commons.wikimedia.org/wiki/Special:FilePath/Hagurosan_Gojunto_2006-A.jpg?width=1280,Crown of Lenten rose – CC BY 3.0 (Wikimedia Commons),https://fr.wikipedia.org/wiki/Mont_Haguro
lieu,9e13e1a4-a559-5544-a433-1c0007ba6678,Nishi Iya (ouest de la vallée de l'Iya),,,Miyoshi,JPN,2,2026,33.958447834000026,133.7998556560001,Site naturel,"Partie ouest de la vallée de l'Iya, longtemps isolée, aux ponts de lianes et routes panoramiques vertigineuses.",Reformulation,,https://thumb.wikimedia.org/wikipedia/commons/thumb/2/2e/Iya_Valley_%286551493685%29.jpg/1280px-Iya_Valley_%286551493685%29.jpg?utm_source=commons.wikimedia.org&utm_campaign=imageinfo&utm_content=thumbnail,KimonBerlin – CC BY-SA 2.0 (Wikimedia Commons),
lieu,99c72c56-7e3e-5c2e-8f0b-0ff12633860c,Région de Sugatami,,,Eoroshi,JPN,2,2026,43.661974833000045,142.82538935600007,Site naturel,"Plateau d'altitude du Daisetsuzan accessible en téléphérique, avec sentiers et observatoires sur la flore alpine et les ours bruns.",Reformulation,,https://thumb.wikimedia.org/wikipedia/commons/thumb/4/42/Sugatami-ike%2C_Japan.jpg/1280px-Sugatami-ike%2C_Japan.jpg?utm_source=commons.wikimedia.org&utm_campaign=imageinfo&utm_content=thumbnail,Rick McCharles – CC BY 2.0 (Wikimedia Commons),
lieu,e8f2f686-3b36-5e73-95af-c19b386c37bf,Lac Kussharo,,,Teshikaga,JPN,2,2026,43.61718386100006,144.32011104100002,Site naturel,"Le lac Kussharo est un lac de cratère dans le parc national d'Akan, à l'est d'Hokkaidō au Japon. Comme c'est le cas avec de nombreux noms d'endroits à Hokkaidō, le nom provient de l'aïnou.",Wikipédia (CC BY-SA),,https://commons.wikimedia.org/wiki/Special:FilePath/130713_Lake_Kussharo_Teshikaga_Hokkaido_Japan01s5.jpg?width=1280,663highland – CC BY 2.5 (Wikimedia Commons),https://fr.wikipedia.org/wiki/Lac_Kussharo
lieu,73ca1584-3972-521e-952e-f4389507a5c6,Ibusuki Sunamushi Onsen,Sunamushi Kaikan,,Ibusuki,JPN,2,2026,31.22319744300006,130.65506616800008,Site naturel,"Bains de sable volcanique chauffé par les sources, où l'on se fait ensevelir jusqu'au cou face à la mer.",Reformulation,,https://upload.wikimedia.org/wikipedia/commons/e/ed/Sunamushi_in_Ibusuki_Hotsprings_Japan_001.JPG?utm_source=commons.wikimedia.org&utm_campaign=imageinfo&utm_content=thumbnail_unscaled,Wikimedia Commons – CC BY-SA 3.0 (Wikimedia Commons),
lieu,ed4d1a5b-8061-583f-a3d9-f5cfc3c3e3cc,Art House Project,http://benesse-artsite.jp/en/art/arthouse.html,761-3110,Honmura,JPN,2,2026,34.44522260400004,133.99086295100005,Musée,"Maisons anciennes du village de Honmura, sur l'île de Naoshima, transformées en œuvres d'art par des artistes contemporains.",Reformulation,,https://thumb.wikimedia.org/wikipedia/commons/thumb/2/2f/Cai_Guo-Qiang%2C_Cultural_Melting_Bath-_Project_for_Naoshima_%286903499308%29.jpg/1280px-Cai_Guo-Qiang%2C_Cultural_Melting_Bath-_Project_for_Naoshima_%286903499308%29.jpg?utm_source=commons.wikimedia.org&utm_campaign=imageinfo&utm_content=thumbnail,KimonBerlin – CC BY-SA 2.0 (Wikimedia Commons),
lieu,21e9e59b-9795-5997-9caf-6030c783b3a9,Shibuya,,,Tokyo,JPN,2,2026,35.66080660000006,139.69658060000006,Ville et village,"Shibuya est l'un des vingt-trois arrondissements spéciaux formant Tokyo, au Japon. L'arrondissement a été fondé en 1932. En même temps qu'au nom de l'arrondissement, le nom « Shibuya » se rapporte à la gare et au quartier d'affaires autour de la gare.",Wikipédia (CC BY-SA),,https://commons.wikimedia.org/wiki/Special:FilePath/Shibuya_Crossing.jpg?width=1280,Landry Miguel – CC BY-SA 4.0 (Wikimedia Commons),https://fr.wikipedia.org/wiki/Shibuya
lieu,f19a1b0e-0d00-5dc6-aa47-092c904ad8bb,Mont Hakodate,19-7 Motomachi,,Hakodate,JPN,2,2026,41.75917166200003,140.70408787300005,Site naturel,Le mont Hakodate est une montagne culminant à 334 m d'altitude dans la ville de Hakodate en Hokkaidō au Japon.,Wikipédia (CC BY-SA),,https://commons.wikimedia.org/wiki/Special:FilePath/Kanemori_Red_Brick_Warehouse_Hakodate_Hokkaido_pref_Japan01n.jpg?width=1280,663highland – CC BY 2.5 (Wikimedia Commons),https://fr.wikipedia.org/wiki/Mont_Hakodate
lieu,7d5e62e6-d722-5278-ba37-ec2d791e948c,Suntory Museum of Art,9-7-4 Akasaka - Minato-ku,,Tokyo,JPN,2,2026,35.66664250000008,139.73002600000007,Musée,"Musée signé Kengo Kuma dans le Tokyo Midtown : laques, céramiques, textiles et costumes de nô en expositions temporaires.",Reformulation,,https://commons.wikimedia.org/wiki/Special:FilePath/Tokyo-Midtown-Suntory-Museum-of-Art-01.jpg?width=1280,Rs1421 – CC BY-SA 3.0 (Wikimedia Commons),https://en.wikipedia.org/wiki/Suntory_Museum_of_Art
lieu,6bb9d16b-ac9d-57e2-a3be-e234ed07210a,Île Okinoerabu,,,,JPN,1,2026,27.382370390000062,128.6053395,Site naturel,"Okino-erabu-jima est une île de l'archipel des îles Amami qui sont rattachées administrativement à la préfecture de Kagoshima, au Japon. L'île comprend deux bourgs : Wadomari au nord et China au sud. On y parle l'oki-no-erabu qui fait partie des langues ryūkyū.",Wikipédia (CC BY-SA),,https://commons.wikimedia.org/wiki/Special:FilePath/Yakomo_beach.jpg?width=1280,Snap55 at Japanese Wikipedia – CC BY 3.0 (Wikimedia Commons),https://fr.wikipedia.org/wiki/Okino-erabu-jima
lieu,011ee8f9-3713-5941-9f3b-a7be5284bd27,Ancien checkpoint de Hakone,Longez le lac Ashi en direction du nord,250 0521,Hakone,JPN,1,2026,35.19199640000005,139.0266812000001,Monument civil et militaire,Reconstitution du poste de contrôle établi en 1619 sur la route du Tokaido pour surveiller les voyageurs.,Reformulation,,https://thumb.wikimedia.org/wikipedia/commons/thumb/8/86/Hakone_Checkpoint_Museum%2C_May_2017.jpg/1280px-Hakone_Checkpoint_Museum%2C_May_2017.jpg?utm_source=commons.wikimedia.org&utm_campaign=imageinfo&utm_content=thumbnail,Celuici – CC BY-SA 3.0 (Wikimedia Commons),
lieu,17276fc6-a941-5767-aaf5-eccf0685feb6,Nikko Futarasan-jinja,,,Nikko,JPN,1,2026,36.75843700000007,139.59640500000012,Monument religieux,"Le sanctuaire Futarasan, ou, plus précisément, le sanctuaire Nikkō Futarasan, est un sanctuaire shintō du Japon, situé à Nikkō, dans la préfecture de Tochigi, sur l'île de Honshū. Fondé en 767 par le moine bouddhiste Shōdō Shōnin, ascète montagnard et propagateur de l'enseignement du Bouddha dans l'ancienne province de Shimotsuke, il a été classé, en 1998, site historique national par le gouvernement japonais.",Wikipédia (CC BY-SA),,https://commons.wikimedia.org/wiki/Special:FilePath/Nikko_Futarasan_Honden_M3325.jpg?width=1280,No machine-readable author provided. Fg2 assumed (based on copyright claims). – Public domain (Wikimedia Commons),https://fr.wikipedia.org/wiki/Futarasan-jinja
lieu,10235d20-6df8-5a34-a22d-053711acd32d,Nagata Inakahama,,,Nagata,JPN,1,2026,30.40820765600006,130.43393675000004,Site naturel,"Plage de sable blanc de Yakushima, l'un des principaux sites de ponte au monde des tortues caouannes (mai à août).",Reformulation,,https://thumb.wikimedia.org/wikipedia/commons/thumb/d/de/Turtle_Track_Nagata_Inakahama_Beach_Yakushima.jpg/1280px-Turtle_Track_Nagata_Inakahama_Beach_Yakushima.jpg?utm_source=commons.wikimedia.org&utm_campaign=imageinfo&utm_content=thumbnail,Wikimedia Commons – CC BY-SA 3.0 (Wikimedia Commons),
lieu,49efe836-dabc-5cf0-8374-09f5bdc5a70c,Parc commémoratif de la villa impériale Tamozawa,8-27 Hon-cho,,Nikko,JPN,1,2026,36.75301580200005,139.59092994700006,Monument civil et militaire,"Ancienne résidence d'été impériale de 106 pièces sur un seul niveau, bâtie autour d'une demeure du clan Tokugawa.",Reformulation,,https://thumb.wikimedia.org/wikipedia/commons/thumb/b/bf/Tamozawa_Imperial_Villa%2C_Nikko_-_Tamozawa7853.jpg/1280px-Tamozawa_Imperial_Villa%2C_Nikko_-_Tamozawa7853.jpg?utm_source=commons.wikimedia.org&utm_campaign=imageinfo&utm_content=thumbnail,lumoplank – CC0 (Wikimedia Commons),
lieu,a063a95c-ba66-5acb-9813-64f157cb9e34,City Fish Market,8-25 Uoichibamae,988-0037,Kesennuma,JPN,1,2026,38.89938341000004,141.58134056000006,Monument civil et militaire,"Marché aux poissons du port de Kesennuma, que l'on observe depuis une passerelle : bonites, espadons, requins.",Reformulation,,https://thumb.wikimedia.org/wikipedia/commons/thumb/f/f3/Fulton_Fish_Market_2008ds.jpg/1280px-Fulton_Fish_Market_2008ds.jpg?utm_source=commons.wikimedia.org&utm_campaign=imageinfo&utm_content=thumbnail,"Doc Searls

derivative work: ArnoldReinhold – CC BY-SA 2.0 (Wikimedia Commons)",
lieu,d5f6bf7e-9aaf-5799-848f-6afd3882d0da,Quartier de Higashi Chayamachi,,,Kanazawa,JPN,1,2026,36.57258237000008,136.66649455300012,Ville et village,"Quartier de geishas fondé en 1820, aux maisons de thé à treillis de bois sombre, dont certaines se visitent.",Reformulation,,https://thumb.wikimedia.org/wikipedia/commons/thumb/e/e2/Higashi_Chaya_District_%2850154603457%29.jpg/1280px-Higashi_Chaya_District_%2850154603457%29.jpg?utm_source=commons.wikimedia.org&utm_campaign=imageinfo&utm_content=thumbnail,"Raita Futo from Tokyo, Japan – CC BY 2.0 (Wikimedia Commons)",
lieu,6ab62f26-c7a0-52fa-8a6e-eac5c5ceb9c6,Kyushu Ceramic Museum,Otsu-3100-1 Toshaku,,Arita,JPN,1,2026,33.17958300000004,129.88008200000002,Musée,"Le musée de la céramique de Kyūshū est un musée situé dans la ville d’Arita, dans la préfecture de Saga, au Japon. Il fait partie des nombreux musées japonais administrés et financés par une préfecture. Le musée a été créé afin de contribuer à la préservation du patrimoine culturel local ainsi qu’au développement de la culture de la céramique et de la poterie dans l’ensemble de l'ile de Kyūshū, au sud du Japon.",Wikipédia (CC BY-SA),,https://commons.wikimedia.org/wiki/Special:FilePath/Kyushu_Ceramic_Museum_front.JPG?width=1280,Pekachu – CC BY-SA 4.0 (Wikimedia Commons),https://fr.wikipedia.org/wiki/Mus%C3%A9e_de_la_c%C3%A9ramique_de_Ky%C5%ABsh%C5%AB
lieu,d4b285f1-96db-58da-8e5b-6ac441a257d7,Roppongi,,,Tokyo,JPN,1,2026,35.663197000000025,139.7323060000001,Ville et village,"Roppongi est un district de l'arrondissement de Minato de la ville de Tokyo, au Japon. Il est connu par sa vie nocturne et la présence de touristes étrangers et expatriés, bien que la majorité des visiteurs soient japonais. Il est situé dans la portion sud du cercle décrit par la ligne circulaire Yamanote, au sud d'Akasaka et au nord de Azabu.",Wikipédia (CC BY-SA),,https://commons.wikimedia.org/wiki/Special:FilePath/Roppongi_Hills_and_Tokyo_Midtown_2011_January.jpg?width=1280,Morio – CC BY-SA 3.0 (Wikimedia Commons),https://fr.wikipedia.org/wiki/Roppongi
lieu,842c56f4-875b-5c06-973c-ab2a7488fefa,National Bunraku Theater,"1-12-10 Nipponbashi, Chuo-ku",,Osaka,JPN,1,2026,34.667064735000054,135.50873095800011,Monument civil et militaire,Le Théâtre National de Bunraku est un ensemble de deux salles de spectacle et une salle d’exposition. Il est situé dans le quartier Chūō-ku d’Osaka. La structure a été inaugurée en 1984 et constitue le quatrième théâtre national du pays.,Wikipédia (CC BY-SA),,https://commons.wikimedia.org/wiki/Special:FilePath/National_Bunraku_Theatre_in_201408.JPG?width=1280,Mc681 – CC BY-SA 4.0 (Wikimedia Commons),https://fr.wikipedia.org/wiki/Th%C3%A9%C3%A2tre_national_de_bunraku
lieu,fb047da1-fdf8-59ad-a777-e4e1018487b5,Parc Moerenuma,,,Sapporo,JPN,1,2026,43.12390972000003,141.4283359000001,Parc ou jardin,"Parc de 189 ha conçu comme une sculpture par Isamu Noguchi, avec collines, fontaines et pyramide de verre.",Reformulation,,https://thumb.wikimedia.org/wikipedia/commons/thumb/e/e2/Playmountain_in_Moerenuma_Park_202607.jpg/1280px-Playmountain_in_Moerenuma_Park_202607.jpg?utm_source=commons.wikimedia.org&utm_campaign=imageinfo&utm_content=thumbnail,掬茶 – CC BY-SA 4.0 (Wikimedia Commons),
lieu,388d1687-d38c-515c-adee-f25d424226c9,Quartier de Kanayamachi,Kanayama-machi Honcho,,Takaoka City,JPN,1,2026,36.75061561700005,137.00619281500008,Ville et village,Rue pavée du XVIIe siècle où s'installèrent les artisans du métal qui ont fait la réputation de Takaoka.,Reformulation,,,,
lieu,7cc36df2-8e1e-501f-baea-38287b4ca86e,Archipel d'Amakusa,,503 0232,Hondo,JPN,1,2026,34.22793521500006,129.22081394000008,Site naturel,Les îles Amakusa sont un archipel appartenant au Japon qui se trouve au large de la préfecture de Kumamoto. Il ne possède pas de hautes montagnes mais a une surface recouverte de petites collines. Les habitants de cet archipel ont d'ailleurs utilisé ces collines pour construire un système de culture en terrasses assez développé.,Wikipédia (CC BY-SA),,https://commons.wikimedia.org/wiki/Special:FilePath/Yushima%2C_Kami-Amakusa%2C_Kumamoto%2C_Japan.jpg?width=1280,CC BY-SA 3.0 (Wikimedia Commons),https://fr.wikipedia.org/wiki/%C3%8Eles_Amakusa
lieu,59d0e919-a93d-5443-aa8f-e2c9d76c6260,Museum of Oriental Ceramics,,,Osaka,JPN,1,2026,34.69342929900006,135.50541409200002,Musée,"Le musée de la Céramique orientale d'Osaka est un musée de l'arrondissement Kita-ku d'Osaka, situé sur l'île Nakano et considéré comme l'une des meilleures collections de céramique au monde. Il a été fondé en 1982. Dans ce musée, on conserve, étudie et montre des céramiques de l'Est de l'Asie, surtout de Chine et de Corée.",Wikipédia (CC BY-SA),,https://commons.wikimedia.org/wiki/Special:FilePath/The_Museum_of_Oriental_Ceramics%2C_Osaka_20250831.jpg?width=1280,掬茶 – CC BY-SA 4.0 (Wikimedia Commons),https://fr.wikipedia.org/wiki/Mus%C3%A9e_de_la_C%C3%A9ramique_orientale
lieu,11c5332f-83b7-54b4-9911-fc3b4bc52718,Benesse House,,761-3110,Naoshima,JPN,1,2026,34.445176753000055,133.9908742350001,Musée,"Musée-hôtel signé Tadao Ando sur une colline de Naoshima, avec des œuvres de Kounellis, LeWitt ou Christo.",Reformulation,,https://thumb.wikimedia.org/wikipedia/commons/thumb/6/62/Strolling_around_the_Benesse_House_%2836304242670%29.jpg/1280px-Strolling_around_the_Benesse_House_%2836304242670%29.jpg?utm_source=commons.wikimedia.org&utm_campaign=imageinfo&utm_content=thumbnail,sergejf – CC BY 2.0 (Wikimedia Commons),
lieu,dea564c6-2755-5568-9ac8-ed91550c944a,Pont Shin-kyo,,,Nikko,JPN,1,2026,36.75333947900003,139.60400895300006,Monument civil et militaire,"Le Shinkyō est un pont du Japon situé dans la ville de Nikkō (préfecture de Tochigi), sur l'île d'Honshū.",Wikipédia (CC BY-SA),,https://commons.wikimedia.org/wiki/Special:FilePath/Shinkyo_Bridge_and_Daiyagawa_River_2.JPG?width=1280,そらみみ – CC BY-SA 3.0 (Wikimedia Commons),https://fr.wikipedia.org/wiki/Shinky%C5%8D
lieu,efd07ecd-1ced-5017-8597-6236cbb2168a,Maki-Odo,,,Bungotakada,JPN,1,2026,33.501113943000064,131.51766545500004,Monument religieux,"Maki Ōdō est un temple historique situé à Bungotakada, préfecture d'Ōita au Japon. Les bâtiments actuels sont le hondō (bâtiment principal) de l'époque d'Edo et un hall d'exposition datant de 1955. À l’intérieur se trouvent neuf statues de l'époque de Heian désignées bien culturel important du Japon.",Wikipédia (CC BY-SA),,https://commons.wikimedia.org/wiki/Special:FilePath/%E7%9C%9F%E6%9C%A8%E5%A4%A7%E5%A0%82.jpg?width=1280,ボス – Public domain (Wikimedia Commons),https://fr.wikipedia.org/wiki/Maki_%C5%8Cd%C5%8D
lieu,98e62e56-9770-5d1e-9f21-5fbf58593869,Homma Museum of Art,"7-7 Onari-cho, Sakata-shi",,Sakata,JPN,1,2026,38.923381203000076,139.84270649500002,Musée,"Musée d'art de la famille Homma (1947) et son jardin, avec le pavillon Seienkaku de 1813.",Reformulation,,https://commons.wikimedia.org/wiki/Special:FilePath/Homma_Museum_of_Art.jpg?width=1280,Broad-Sky in Japan – CC BY-SA 3.0 (Wikimedia Commons),https://en.wikipedia.org/wiki/Homma_Museum_of_Art
lieu,b89b02c9-790a-5092-abf2-6f81799e2106,Porte Kara-mon et Honsha (sanctuaire principal) du Tosho-gu,,,Nikko,JPN,1,2026,36.757926000000055,139.59877900000004,Monument religieux,"Porte chinoise sculptée et sanctuaire principal du Tosho-gu de Nikko, dédié au shogun Tokugawa Ieyasu.",Reformulation,,https://thumb.wikimedia.org/wikipedia/commons/thumb/2/2c/Shinyosha_of_Nikko_Tosho_Shrine.JPG/1280px-Shinyosha_of_Nikko_Tosho_Shrine.JPG?utm_source=commons.wikimedia.org&utm_campaign=imageinfo&utm_content=thumbnail,そらみみ – CC BY-SA 3.0 (Wikimedia Commons),
lieu,e9e55191-b61e-5467-9a33-834a41b3ec55,Lac Kinrin-ko,,,Yufuin,JPN,1,2026,33.26662601000004,131.3691088500001,Site naturel,"Petit lac au pied du Yufu-dake, dont les eaux chaudes se couvrent de brume à l'aube, au centre de Yufuin.",Reformulation,,https://thumb.wikimedia.org/wikipedia/commons/thumb/c/cf/Kinrin_Lake_-_panoramio_-_Nagono.jpg/1280px-Kinrin_Lake_-_panoramio_-_Nagono.jpg?utm_source=commons.wikimedia.org&utm_campaign=imageinfo&utm_content=thumbnail,Nagono – CC BY-SA 3.0 (Wikimedia Commons),
lieu,ea9a9221-85c0-5f8c-854c-ce10d311e037,Sanctuaire de Hakone,Moto-Hakone,250 0521,Hakone,JPN,1,2026,35.20532564800004,139.0240511290001,Monument religieux,"Le sanctuaire de Hakone (ou Hakone gongen) est un sanctuaire shinto situé au bord du lac Ashi à Hakone dans la préfecture de Kanagawa au Japon. Fondé en 757, il se distingue par son torii dont la base est immergée dans le lac et qui offre une des vues les plus connues sur le mont Fuji.",Wikipédia (CC BY-SA),,https://commons.wikimedia.org/wiki/Special:FilePath/Hakonejinja_-02.jpg?width=1280,Aimaimyi – CC BY-SA 3.0 (Wikimedia Commons),https://fr.wikipedia.org/wiki/Hakone-jinja
lieu,bf8421af-86b9-5212-a59e-38a501a16d76,Okuizumo Tatara et musée de l'Épée japonaise,,,Okuizumo,JPN,1,2026,35.173285501000066,133.092090718,Musée,"Musée de la fabrication traditionnelle du fer tatara et de l'épée japonaise, avec démonstrations en forge.",Reformulation,,,,
lieu,3283cfd1-bbea-59c5-8c19-8a6d00e72e76,Quartier d'Akihabara,Chuo-dori,,Tokyo,JPN,1,2026,35.70578500000005,139.77206200000012,Ville et village,Akihabara est un quartier de Tokyo situé à cheval sur les arrondissements de Chiyoda et de Taitō. Il est célèbre pour ses très nombreuses boutiques d'électronique et pour les mangas qui s'y trouvent. Il est connu dans le monde sous le nom de Akihabara Electric Town.,Wikipédia (CC BY-SA),,https://commons.wikimedia.org/wiki/Special:FilePath/Akhibara_Crossing_%2839878694470%29.jpg?width=1280,"Ajay Suresh from New York, NY, USA – CC BY 2.0 (Wikimedia Commons)",https://fr.wikipedia.org/wiki/Akihabara
lieu,53780c64-80c2-5faf-8256-a4f13118840d,Château de Nagoya,,,Nagoya,JPN,1,2026,35.18402617500004,136.900093523,Monument civil et militaire,"Le château de Nagoya est situé à Nagoya, dans la préfecture d'Aichi, au Japon.",Wikipédia (CC BY-SA),,https://commons.wikimedia.org/wiki/Special:FilePath/Nagoya_Castle_7.jpg?width=1280,Bariston – CC BY-SA 4.0 (Wikimedia Commons),https://fr.wikipedia.org/wiki/Ch%C3%A2teau_de_Nagoya_(Aichi)
lieu,899e0396-eb96-5c3b-8c6b-b3a5c68fd728,Kagurazaka,,,Tokyo,JPN,1,2026,35.70173100000005,139.73932000000002,Ville et village,Kagurazaka est un quartier de Tokyo situé à proximité de la gare d'Iidabashi. Ce quartier possède une rue avec des commerces en son centre ainsi que de nombreux cafés et restaurants. Le quartier est desservi par les lignes de métro Tozai et Oedo.,Wikipédia (CC BY-SA),,https://commons.wikimedia.org/wiki/Special:FilePath/KagurazakaStreet.JPG?width=1280,PHGCOM – CC BY-SA 4.0 (Wikimedia Commons),https://fr.wikipedia.org/wiki/Kagurazaka
lieu,dff72abe-ef16-5b31-9855-f62e19ec3fd3,Arches Innojofuta,,,,JPN,1,2026,27.80206592600007,128.88944399700006,Site naturel,"Falaises de calcaire corallien sculptées par les vagues, formant des arches naturelles sur l'île Okinoerabu.",Reformulation,,,,
lieu,10012f55-421f-5936-a84c-aa30f6921ef0,Jardin Isui-en,,,Nara,JPN,1,2026,34.68569478200004,135.83744121300003,Parc ou jardin,"Le jardin Isuien est un jardin japonais situé à Nara, ancienne capitale du Japon proche de Kyōto. Chef-d'œuvre de l'ère Meiji, c'est le seul jardin de promenade (kaiyushiki teien) de Nara. Il est composé de deux parties distinctes, de part et d'autre des bâtiments, reliées par un étroit chemin boisé.",Wikipédia (CC BY-SA),,https://commons.wikimedia.org/wiki/Special:FilePath/Isuien_et_Nandaimon_%C3%A0_Nara%2C_Japon.jpg?width=1280,NEAULT – CC BY-SA 4.0 (Wikimedia Commons),https://fr.wikipedia.org/wiki/Jardin_Isuien
lieu,41113e12-6536-5123-adb1-8fb262b9300a,Four de Gen-Emon,2726 Maruo-hei,,Arita,JPN,1,2026,33.196368000000064,129.87750700000004,Site industriel,"Four de porcelaine d'Arita actif depuis 250 ans, où toutes les étapes sont réalisées à la main.",Reformulation,,,,
lieu,3b075ec2-84c8-5725-bf08-297a4d01dc58,Musée Chido,10-18 Kachushin-machi,,Tsuruoka,JPN,1,2026,38.72802095600008,139.8220925720001,Musée,"Musée réunissant des bâtiments historiques de Tsuruoka, dont deux édifices de style occidental de l'ère Meiji et un jardin japonais.",Reformulation,,,,
lieu,c4211204-63da-5410-9ffc-611c499a7589,Tokyo Midtown,,,Tokyo,JPN,1,2026,35.665859900000044,139.7293684000001,Monument civil et militaire,"La Tokyo Mid-Town Tower (en référence au quartier américain) est un gratte-ciel de Tokyo qui mesure 248,1 m pour 54 étages. Il a été achevé en avril 2007, lui donnant alors le titre de plus haut gratte-ciel du Japon. L'immeuble a été conçu par l'agence japonaise Nikken Sekkei et par l'agence américaine Skidmore, Owings and Merrill (SOM).",Wikipédia (CC BY-SA),,https://commons.wikimedia.org/wiki/Special:FilePath/Tokyo_Midtown_from_Tokyo_Tower.jpg?width=1280,CC BY-SA 3.0 (Wikimedia Commons),https://fr.wikipedia.org/wiki/Tokyo_Mid-Town_Tower
lieu,d9874b14-e9d0-5bc9-9376-49b526cc45ac,China on the Park,Otsu-111 Haraake,,Arita,JPN,1,2026,33.182315000000074,129.85059,Site industriel,"Galerie-musée de la manufacture Fukagawa-Seiji, fournisseur de la maison impériale, consacrée à la porcelaine d'Arita.",Reformulation,,https://thumb.wikimedia.org/wikipedia/commons/thumb/7/76/Dalian_Liaoning_China_Ruan-Player-in-Dalian-Labour-Park-01.jpg/1280px-Dalian_Liaoning_China_Ruan-Player-in-Dalian-Labour-Park-01.jpg?utm_source=commons.wikimedia.org&utm_campaign=imageinfo&utm_content=thumbnail,"CEphoto, Uwe Aranas – CC BY-SA 3.0 (Wikimedia Commons)",
lieu,409e707f-b24a-582f-9b1a-48286f85de3b,Musée du Festival Mikurumayama,47-1 Moriyama Machi,,Takaoka City,JPN,1,2026,36.74655353000003,137.00991333900004,Musée,"Musée du festival de chars de Takaoka, inscrit au patrimoine immatériel de l'Unesco, avec l'un des sept chars historiques.",Reformulation,,https://thumb.wikimedia.org/wikipedia/commons/thumb/a/a4/Float_of_the_Takaoka_Mikurumayama_Festival.jpg/1280px-Float_of_the_Takaoka_Mikurumayama_Festival.jpg?utm_source=commons.wikimedia.org&utm_campaign=imageinfo&utm_content=thumbnail,掬茶 – CC BY-SA 4.0 (Wikimedia Commons),
lieu,0fc9d225-c2d1-597d-abb4-9c9efe0b8177,Toshodai-ji,,,Nara,JPN,1,2026,34.675554145000035,135.7848371890001,Monument religieux,Le Tōshōdai-ji est un temple bouddhiste de la secte Ritsu situé dans la ville de Nara au Japon. Il a été fondé par un moine chinois du nom de Ganjin en l'an 759.,Wikipédia (CC BY-SA),,https://commons.wikimedia.org/wiki/Special:FilePath/Toshodaiji_Nara_Nara_pref02s3s4560.jpg?width=1280,663highland – CC BY 2.5 (Wikimedia Commons),https://fr.wikipedia.org/wiki/T%C5%8Dsh%C5%8Ddai-ji
lieu,fc20d750-5cd4-5ed2-a450-34e38fe54d10,Villa Garyu Sanso,,795-0012,Ozu,JPN,1,2026,33.506335886000045,132.55000620300007,Monument civil et militaire,"Villa de la fin du XIXe siècle d'un grand raffinement, avec un pavillon sur pilotis dominant la rivière Hiji.",Reformulation,,https://thumb.wikimedia.org/wikipedia/commons/thumb/2/2a/%E8%87%A5%E9%BE%8D%E5%B1%B1%E8%8D%98_-_garyuu_sanso_-_panoramio_%283%29.jpg/1280px-%E8%87%A5%E9%BE%8D%E5%B1%B1%E8%8D%98_-_garyuu_sanso_-_panoramio_%283%29.jpg?utm_source=commons.wikimedia.org&utm_campaign=imageinfo&utm_content=thumbnail,yano@mama.akari.ne.j… – CC BY-SA 3.0 (Wikimedia Commons),
lieu,31853a2d-ad7a-5ad6-87dd-f1591fe4a3da,Hikiyama Float Exhibition Hall,6-33 Nishijonai,,Karatsu,JPN,1,2026,33.45162300000004,129.96877800000004,Musée,"Hall présentant les 14 chars laqués géants du festival Karatsu Kunchi, célébré chaque automne.",Reformulation,,https://thumb.wikimedia.org/wikipedia/commons/thumb/6/60/Displayed_Karatsu_Kunchi_Hikiyama_base_truck.jpg/1280px-Displayed_Karatsu_Kunchi_Hikiyama_base_truck.jpg?utm_source=commons.wikimedia.org&utm_campaign=imageinfo&utm_content=thumbnail,Pekachu – CC BY-SA 4.0 (Wikimedia Commons),
lieu,3c79b988-5d4e-5fc1-88ba-f12826fa151e,Rizières de Tashibunosho Osaki,,,Bungotakada,JPN,1,2026,33.51396221400006,131.50592993600003,Site naturel,"Rizières en courbes dont le tracé remonte au VIIIe siècle, classées paysage culturel important du Japon.",Reformulation,,,,
lieu,7436d907-9b79-547f-9e7b-44c2dd50b6e5,Sentier des Goshiki-numa,1093-697 Hibara Kengamine,969-2701,Kitashiobaramura,JPN,1,2026,37.65199189000003,140.07839280400003,Site naturel,"Le lac Goshiki, est un groupement de cinq lacs de cratères situé au pied du mont Bandai dans le nord de la préfecture de Fukushima au Japon.",Wikipédia (CC BY-SA),,https://commons.wikimedia.org/wiki/Special:FilePath/Goshikinuma.jpg?width=1280,Jordy Meow – CC BY 3.0 (Wikimedia Commons),https://fr.wikipedia.org/wiki/Lac_Goshiki
lieu,bff29ff9-fc9a-5cad-9fc3-d483b0ce5247,Toyosu Gururi Park,"6 Chome-1, Toyosu, Koto City",,Tokyo,JPN,1,2026,35.641004000000066,139.77749500000004,Parc ou jardin,"Parc paysager autour du marché de Toyosu, avec une promenade de 2 km au bord de l'eau face au Rainbow Bridge.",Reformulation,,https://thumb.wikimedia.org/wikipedia/commons/thumb/a/a2/Toyosu_Gururi_Park%2C_at_Toyosu%2C_Koto%2C_Tokyo_%282019-01-01%29_01.jpg/1280px-Toyosu_Gururi_Park%2C_at_Toyosu%2C_Koto%2C_Tokyo_%282019-01-01%29_01.jpg?utm_source=commons.wikimedia.org&utm_campaign=imageinfo&utm_content=thumbnail,Lombroso – CC BY-SA 4.0 (Wikimedia Commons),
lieu,cbebe26a-8a53-50e4-93ce-daede5d2f6f5,Parc national de Shikotsu-Toya,,,Noboribetsu-Onsen,JPN,1,2026,42.69815151600005,141.29161806000002,Site naturel,Le parc national de Shikotsu-Tōya est un parc national japonais dans la partie centrale de l'île de Hokkaidō. Le parc tire son nom de deux lacs situés dans les caldeiras d'anciens volcans : le lac Shikotsu et le lac Tōya. Le parc abrite quelques onsen.,Wikipédia (CC BY-SA),,https://commons.wikimedia.org/wiki/Special:FilePath/Laketoya_01.jpg?width=1280,NipponiaNippon – CC BY-SA 3.0 (Wikimedia Commons),https://fr.wikipedia.org/wiki/Parc_national_de_Shikotsu-T%C5%8Dya
lieu,30f368d2-e330-5d8f-9679-6e9c1eb488f6,Choueke House,"3-5-17 Yamamoto-dori, chuo-ku",,Kobe,JPN,1,2026,34.697940076000066,135.18788079700005,Monument civil et militaire,"Demeure de style manoir anglais (1896) dans le quartier des maisons étrangères de Kobe, avec jardin japonais et collections de son ancien propriétaire.",Reformulation,,https://thumb.wikimedia.org/wikipedia/commons/thumb/2/2f/Choueke_House_%28Kobe%29%282020-12-27%29_03.jpg/1280px-Choueke_House_%28Kobe%29%282020-12-27%29_03.jpg?utm_source=commons.wikimedia.org&utm_campaign=imageinfo&utm_content=thumbnail,経済特区 – CC BY-SA 4.0 (Wikimedia Commons),
lieu,b0cd6229-7eae-52ee-b751-4ec388798087,Île de Sado,Kisen Ferry Terminal,,Ryotsu,JPN,1,2026,38.02209058900007,138.36408633300005,Site naturel,"Sado est une ville située sur l'île de Sado, dans la préfecture de Niigata au Japon.",Wikipédia (CC BY-SA),,https://commons.wikimedia.org/wiki/Special:FilePath/%E4%B8%A1%E6%B4%A5%E6%B8%AF_%285742186660%29.jpg?width=1280,houroumono – CC BY 2.0 (Wikimedia Commons),https://fr.wikipedia.org/wiki/Sado_(pr%C3%A9fecture_de_Niigata)
lieu,c7fa894f-c8d8-5f6e-84fa-6181f52bd4c5,Quartier de Yatsuo,,,Toyama City,JPN,1,2026,36.57569900000004,137.1333820000001,Ville et village,"Quartier enrichi par le commerce de la soie à l'époque d'Edo, célèbre pour son défilé de chars en mai et la fête Owara Kaze no Bon en septembre.",Reformulation,,https://thumb.wikimedia.org/wikipedia/commons/thumb/4/4f/First_Bank_of_Toyama_Yatsuo_Branch.jpg/1280px-First_Bank_of_Toyama_Yatsuo_Branch.jpg?utm_source=commons.wikimedia.org&utm_campaign=imageinfo&utm_content=thumbnail,Oq10pass – CC0 (Wikimedia Commons),
lieu,dd68bc8f-221a-5113-812c-f6141048dcd0,Eikan-do,,604 8571,Kyoto,JPN,1,2026,35.01437252000005,135.7954344540001,Monument religieux,"Le Eikan-dō Zenrin-ji est le premier temple de la branche Seizan de la secte japonaise bouddhiste Jōdo-shū (Terre pure), situé dans l'arrondissement de Sakyō-ku à Kyoto. Fondé par Shinshō, élève de Kūkai, il est renommé pour son changement de couleur des feuilles en automne et sa prééminence passée comme centre d'enseignement.",Wikipédia (CC BY-SA),,https://commons.wikimedia.org/wiki/Special:FilePath/Eikando_Zenrinji-temple_Tahoto.JPG?width=1280,Tomomarusan – CC BY 2.5 (Wikimedia Commons),https://fr.wikipedia.org/wiki/Eikan-d%C5%8D_Zenrin-ji
lieu,712e4847-6a6c-5991-b25b-7f83e3078b00,Cascades de Nunobiki,,,Kobe,JPN,1,2026,34.71018261000006,135.19321811600003,Site naturel,"Quatre cascades hautes de 43 m cachées dans la forêt, à quelques minutes à pied de la gare Shin-Kobe.",Reformulation,,https://thumb.wikimedia.org/wikipedia/commons/thumb/9/95/Nunobiki_Falls%2C_Kobe%2C_2024.jpg/1280px-Nunobiki_Falls%2C_Kobe%2C_2024.jpg?utm_source=commons.wikimedia.org&utm_campaign=imageinfo&utm_content=thumbnail,Klaasjeoranje – CC BY-SA 4.0 (Wikimedia Commons),
lieu,db8b8289-af92-5e63-9b39-3cf8cffc0500,Musée du Tateyama,93-1 Ashikuraji,,Tateyama,JPN,1,2026,36.582799124000076,137.39347012500002,Musée,"Musée consacré au mont Tateyama, volcan sacré de 3 015 m, à sa nature et à son histoire de lieu de pèlerinage.",Reformulation,,,,
lieu,6f3f1c58-c2eb-5b8b-8581-48b96e1cd4b3,Musée d'Art Mori Shusui,1-3-6 Sengokumachi,,Toyama City,JPN,1,2026,36.687332000000026,137.2116900000001,Musée,"Musée privé réunissant l'une des plus belles collections de sabres japonais du pays, dont certaines lames ont plus de 800 ans.",Reformulation,,https://thumb.wikimedia.org/wikipedia/commons/thumb/e/e2/Mori_Shuhei_Museum_of_Art.jpg/1280px-Mori_Shuhei_Museum_of_Art.jpg?utm_source=commons.wikimedia.org&utm_campaign=imageinfo&utm_content=thumbnail,さかおり – CC BY-SA 4.0 (Wikimedia Commons),
lieu,54de41da-104e-52d1-9401-64b6abc84569,Île Amami-Oshima,,,,JPN,1,2026,28.26784022000004,129.3621406540001,Site naturel,"Amami ō-shima est l'île principale des îles Amami dans l'archipel Nansei. Elle se situe en mer de Chine orientale. On y parle les langues amami du Nord et amami du Sud, qui font partie des langues ryūkyū.",Wikipédia (CC BY-SA),,https://commons.wikimedia.org/wiki/Special:FilePath/Amami_Islands-en.png?width=1280,Bamse – CC BY-SA 3.0 (Wikimedia Commons),https://fr.wikipedia.org/wiki/Amami_%C5%8D-shima
lieu,32ecc9b2-4742-5a42-b0fb-063afae2d451,Kazura-bashi,R 32,,Nishi Iya,JPN,1,2026,33.87512810800007,133.8354038650001,Monument civil et militaire,"Pont suspendu de lianes tressées, à 15 m au-dessus de la rivière, dont les rondins espacés promettent des sensations fortes.",Reformulation,,https://upload.wikimedia.org/wikipedia/commons/7/7f/Kazura-bashi%2C_Iya_Valley_02.jpg?utm_source=commons.wikimedia.org&utm_campaign=imageinfo&utm_content=thumbnail_unscaled,"Hiroaki Kaneko from Ota, Tokyo, Japan – CC BY-SA 2.0 (Wikimedia Commons)",
lieu,b4c25aea-a219-5e5f-91d5-087b00ad661c,Tezuka Osamu Manga Museum,,,Takarazuka,JPN,1,2026,34.80725600000005,135.3479430000001,Musée,"Le musée Osamu-Tezuka est un musée inauguré en 1994 et consacré à l'œuvre manga et animée d'Osamu Tezuka. Il est situé dans la ville de Takarazuka, dans la préfecture de Hyōgo au Japon.",Wikipédia (CC BY-SA),,https://commons.wikimedia.org/wiki/Special:FilePath/Tezuka_osamu01_2048.jpg?width=1280,663highland – CC BY 2.5 (Wikimedia Commons),https://fr.wikipedia.org/wiki/Mus%C3%A9e_Osamu-Tezuka
lieu,348dd7b6-16b1-5f04-8bba-cfd72aaba201,Musée des Namahage et musée du Folklore Oga Shinzan,Kitaura Shinzan aza Mizukuisawa,,Oga City,JPN,1,2026,39.92938235200006,139.7656576710001,Musée,"Musées consacrés aux Namahage, démons de paille masqués qui visitent les maisons de la péninsule d'Oga chaque 31 décembre.",Reformulation,,https://thumb.wikimedia.org/wikipedia/commons/thumb/a/a9/Traditional_style_Namahage_in_Shinzan_distorict%2C_Oga.jpg/1280px-Traditional_style_Namahage_in_Shinzan_distorict%2C_Oga.jpg?utm_source=commons.wikimedia.org&utm_campaign=imageinfo&utm_content=thumbnail,掬茶 – CC BY-SA 4.0 (Wikimedia Commons),
lieu,980dddfa-c45c-5a9b-aed2-63a787d585c8,Kennin-ji,,604 8571,Kyoto,JPN,1,2026,35.00071262600005,135.77392220100012,Monument religieux,"Le Kennin-ji, ou Zuiryusan Kennin-ji, est un temple bouddhiste zen d'obédience de l'école Rinzai situé dans l'arrondissement de Higashiyama-ku à Kyoto, au Japon, dans le district de Gion. On le connaît aussi sous le nom de Marishiten-dō. Il fut fondé en 1202 par Eisai.",Wikipédia (CC BY-SA),,https://commons.wikimedia.org/wiki/Special:FilePath/Kenninji01s1920.jpg?width=1280,663highland – CC BY 2.5 (Wikimedia Commons),https://fr.wikipedia.org/wiki/Kennin-ji
lieu,5052e964-8313-58f5-b372-cc9e2a816e01,Omotesando,,,Tokyo,JPN,1,2026,35.66579200000007,139.71068100000002,Monument civil et militaire,Omotesandō est une avenue située dans l'arrondissement de Shibuya à Tokyo.,Wikipédia (CC BY-SA),,https://commons.wikimedia.org/wiki/Special:FilePath/Omotesando-November-01.jpg?width=1280,Rs1421 – CC BY-SA 3.0 (Wikimedia Commons),https://fr.wikipedia.org/wiki/Omotesand%C5%8D
lieu,8fc7e7dd-b9e2-5539-a09c-1fdfe1811de8,Parc Maruyama et Yasaka-jinja,,604 8571,Kyoto,JPN,1,2026,35.00390244700003,135.7805626910001,Parc ou jardin,"Le parc Maruyama est un jardin public situé à Kyoto, au Japon. Il est connu pour être le principal lieu d'observation des fleurs de cerisier à Kyoto et est très fréquenté au mois d'avril, époque de la floraison. L'attraction la plus recherchée du parc est un cerisier ( shidarezakura) éclairé la nuit.",Wikipédia (CC BY-SA),,https://commons.wikimedia.org/wiki/Special:FilePath/251213_Maruyama_Park_Kyoto_Japan08s3.jpg?width=1280,663highland – CC BY-SA 4.0 (Wikimedia Commons),https://fr.wikipedia.org/wiki/Parc_Maruyama
lieu,aa315208-ae26-5b53-9cbd-3de16e581f5c,Nijo jinya,Omiya-dori,604 8571,Kyoto,JPN,1,2026,35.010337425000046,135.7485231940001,Monument civil et militaire,"Auberge du XVIIe siècle destinée aux seigneurs, truffée de dispositifs de sécurité : trappes, escaliers cachés et murs coupe-feu (visite guidée sur réservation).",Reformulation,,https://thumb.wikimedia.org/wikipedia/commons/thumb/9/9b/Nijo_Jinya_residence_%28Kyoto%29_Minka_hdsr_S5_01.jpg/1280px-Nijo_Jinya_residence_%28Kyoto%29_Minka_hdsr_S5_01.jpg?utm_source=commons.wikimedia.org&utm_campaign=imageinfo&utm_content=thumbnail,Hyppolyte de Saint-Rambert – CC BY 4.0 (Wikimedia Commons),
lieu,c4296e70-80d1-59dc-bc15-47ea2bf7b9b4,Musée international du manga de Kyoto,Oike-agaru - Karasuma-dori - Nakagyo-ku,604 8571,Kyoto,JPN,1,2026,35.011906329000055,135.7591758950001,Musée,"Le musée international du manga de Kyoto est un musée situé à Kyoto au Japon qui conserve et expose des documents concernant les mangas. Le nombre de mangas archivés au moment de l'ouverture (le 25 novembre 2006) dépassait déjà 300 000, comprenant des magazines de l'époque Meiji, des œuvres modernes populaires du Japon et de différents pays.",Wikipédia (CC BY-SA),,https://commons.wikimedia.org/wiki/Special:FilePath/Entr%C3%A9e_Mus%C3%A9e_manga_Kyoto.jpg?width=1280,Vamich – CC BY-SA 4.0 (Wikimedia Commons),https://fr.wikipedia.org/wiki/Mus%C3%A9e_international_du_manga_de_Kyoto
lieu,f7162a86-edf4-58b1-b555-8d45d47b77fd,Kyu-Hosokawa Gyobu-tei,,860 8601,Kumamoto,JPN,1,2026,32.809339986000055,130.69966028400006,Monument civil et militaire,"Résidence de samouraï de haut rang vieille de trois siècles, ayant appartenu à la famille Hosokawa.",Reformulation,,https://thumb.wikimedia.org/wikipedia/commons/thumb/7/7d/Inside_former_Hosokawa_Gy%C5%8Dbutei_Kumamoto_01.jpg/1280px-Inside_former_Hosokawa_Gy%C5%8Dbutei_Kumamoto_01.jpg?utm_source=commons.wikimedia.org&utm_campaign=imageinfo&utm_content=thumbnail,Fabimaru – CC BY-SA 3.0 (Wikimedia Commons),
lieu,aead740a-516e-5dd5-b9b1-11d19169881b,Sado Kinzan,1305 Shimo-Aikawa,,Aikawa,JPN,1,2026,38.041702773000054,138.2560358620001,Site industriel,"Les mines d'or de Sado sont des anciennes et importantes mines d'or, sur l'île japonaise de Sadoga-shima, en mer du Japon, dans la préfecture de Niigata.",Wikipédia (CC BY-SA),,https://commons.wikimedia.org/wiki/Special:FilePath/Dohyu_no_Warito_ac_%283%29.jpg?width=1280,Asturio Cantabrio – CC BY-SA 4.0 (Wikimedia Commons),https://fr.wikipedia.org/wiki/Mines_d%27or_de_Sado
lieu,7dcc8d76-0f0e-54f0-8f8f-ffd8ce10edf4,26 Christians Martyrs Memorial,,,Nagasaki,JPN,1,2026,32.73432537800005,129.87016983400008,Site historique et archéologique,"Les dits 26 Martyrs du Japon sont un groupe de Catholiques qui, le 5 février 1597, à Nagasaki au Japon, furent crucifiés en répression de la foi chrétienne, sur l'ordre du daimyo Toyotomi Hideyoshi. Ils étaient vingt-six — en grande majorité Japonais — et formaient un groupe très varié de jeunes et de vieux, de prêtres, religieux et laïcs, franciscains et jésuites. Ce premier supplice a été suivi par le « Grand martyre » du 10 septembre 1622, également à Nagasaki, au cours duquel vingt-trois chrétiens furent brûlés au poteau et vingt-deux décapités, puis par les « seize martyrs dominicains » exécutés à Nagasaki entre 1633 et 1637.",Wikipédia (CC BY-SA),,https://commons.wikimedia.org/wiki/Special:FilePath/M%C3%A4rtyrer_von_Nagasaki_1628.jpg?width=1280,Wolfgang Kilian – Public domain (Wikimedia Commons),https://fr.wikipedia.org/wiki/Vingt-six_martyrs_du_Japon
lieu,bce27b88-aa75-5084-9a53-2f210871e8e8,Aoyama,Aoyama-dori,,Tokyo,JPN,1,2026,35.66383700000006,139.7145855000001,Ville et village,"Aoyama, littéralement la montagne bleue, est un quartier au centre de Tōkyō, dans l'arrondissement Minato-ku.",Wikipédia (CC BY-SA),,https://commons.wikimedia.org/wiki/Special:FilePath/Route246-Minami-Aoyama-5chome.jpg?width=1280,Rs1421 – CC BY-SA 3.0 (Wikimedia Commons),https://fr.wikipedia.org/wiki/Aoyama_(quartier)
lieu,11243d7d-cecb-551e-a0f1-cbbb2bdc20f0,Île de Nao-Shima,,761-3110,Naoshima,JPN,1,2026,34.459769573000074,133.9957078980001,Site naturel,"Île de la mer intérieure de Seto devenue un haut lieu de l'art contemporain, avec les musées de Tadao Ando et des installations en plein air.",Reformulation,,,,
lieu,a0ab91c1-6317-5ac5-af99-1646704d7e65,Nojima Fault Preservation Museum & Hokudan Earthquake Memorial Park,,,Awaji,JPN,1,2026,34.54926790900004,134.937963716,Musée,"Musée-mémorial du séisme de 1995 bâti sur l'épicentre, où un tronçon de la faille de Nojima est conservé.",Reformulation,,,,
lieu,4f66383c-82b7-5387-9f69-451dca789ae9,Omaki Onsen,"44 Omaki, Togamura",,Nanto,JPN,1,2026,36.50098396800007,136.99407190500006,Monument civil et militaire,"Onsen du bord de la rivière Sho, accessible uniquement en bateau, dans un bâtiment de 1931 en pleine nature.",Reformulation,,https://upload.wikimedia.org/wikipedia/commons/f/f1/Omaki_hot_spring_and_Sh%C5%8D_River.jpg?utm_source=commons.wikimedia.org&utm_campaign=imageinfo&utm_content=thumbnail_unscaled,港湾協会第九回通常総会富山準備委員会 – Public domain (Wikimedia Commons),
lieu,e48d5a4d-068d-5246-84f5-99b5bcd3dd7b,Great Hanshin-Awaji Earthquake Memorial Museum,,,Kobe,JPN,1,2026,34.698483562000035,135.21448395800007,Musée,"Musée consacré au séisme de Kobe du 17 janvier 1995 : film de simulation, témoignages et prévention des catastrophes.",Reformulation,,https://commons.wikimedia.org/wiki/Special:FilePath/Disaster_Reduction_and_Human_Renovation_Institution.jpg?width=1280,KishujiRapid – CC BY-SA 4.0 (Wikimedia Commons),https://en.wikipedia.org/wiki/The_Great_Hanshin-Awaji_Earthquake_Memorial_Disaster_Reduction_and_Human_Renovation_Institution
lieu,b70cba57-970b-519a-87cd-9caa589bff16,Temple Fudoin Iwayado,,,Wakasa,JPN,1,2026,35.30031536900003,134.43041258300002,Monument religieux,"Petit temple bouddhique sur pilotis, niché dans une grotte à flanc de falaise.",Reformulation,,https://thumb.wikimedia.org/wikipedia/commons/thumb/8/87/Fudoin_Iwayado_01.JPG/1280px-Fudoin_Iwayado_01.JPG?utm_source=commons.wikimedia.org&utm_campaign=imageinfo&utm_content=thumbnail,Reggaeman – CC BY-SA 3.0 (Wikimedia Commons),
lieu,3d15f945-d615-54ed-964d-e4986406280b,Plage Wanjo,,,,JPN,1,2026,27.408968617000028,128.63462009900002,Site naturel,"Plage de sable blanc peu fréquentée sur la côte nord de l'île Okinoerabu, aux eaux cristallines et peu profondes.",Reformulation,,,,
lieu,efd578d0-f0ce-554b-89a0-5abf3781d8ef,Shishi Kaikan,53 Sakuramachi,,Takayama,JPN,1,2026,36.67937850000004,138.36365280000007,Musée,"Musée de plus de 800 masques de lion des danses de festival, avec un amusant spectacle de poupées mécaniques karakuri.",Reformulation,,https://thumb.wikimedia.org/wikipedia/commons/thumb/7/72/Karakuri_Puppet_Museum_%22Shishi_Hall%22_in_Takayama%2C_Gifu.JPG/1280px-Karakuri_Puppet_Museum_%22Shishi_Hall%22_in_Takayama%2C_Gifu.JPG?utm_source=commons.wikimedia.org&utm_campaign=imageinfo&utm_content=thumbnail,そらみみ – CC BY-SA 4.0 (Wikimedia Commons),
lieu,5119a9e8-2b22-5e3e-8c0e-35e8c917a0a9,Harajuku,,,Tokyo,JPN,1,2026,35.67157000000003,139.6951560000001,Ville et village,"Harajuku est un sous-quartier faisant partie du quartier de Jingumae, dans l'arrondissement de Shibuya à Tokyo.",Wikipédia (CC BY-SA),,https://commons.wikimedia.org/wiki/Special:FilePath/HarajukuTakeshitaDori.jpg?width=1280,JameiLei – CC0 (Wikimedia Commons),https://fr.wikipedia.org/wiki/Harajuku
lieu,182dbec4-5212-5ac5-a5d2-776926e1fdc3,Meiji-mura,,484 8501,Inuyama,JPN,1,2026,35.340592929000024,136.98874282000008,Musée,"Le Meiji-mura est un musée/parc à thème architectural en plein air situé à Inuyama, près de Nagoya dans la préfecture d'Aichi au Japon. Ouvert le 18 mars 1965, le musée préserve des bâtiments historiques des ères Meiji (1867-1912), Taisho (1912-1926) et début Shōwa (1926-1989) du Japon. Plus de 60 bâtiments historiques ont été déplacés et reconstruits sur 1 km2 de collines à côté du lac Iruka.",Wikipédia (CC BY-SA),,https://commons.wikimedia.org/wiki/Special:FilePath/Imperial_Hotel_Meijimura_2020-01_ac_%281%29.jpg?width=1280,Asturio Cantabrio – CC BY-SA 4.0 (Wikimedia Commons),https://fr.wikipedia.org/wiki/Meiji-mura
lieu,1ce93760-78f4-5ea5-87b5-c36c70a4d54d,Marais de Tadewara-shitsugen,,,Kokonoe,JPN,1,2026,33.11848036200007,131.23067888800006,Site naturel,"Marais d'altitude de 38 ha au pied des monts Kuju, parcouru de passerelles, dans le parc national d'Aso-Kuju.",Reformulation,,,,
lieu,f746fdd4-30bc-5bc3-a4e5-fd44b5695894,Île Tokunoshima,,,,JPN,1,2026,27.76497100000006,128.95158000000004,Site naturel,"Tokuno-shima ou Tokunoshima est une île du sud-ouest du Japon au nord d'Okinawa. Elle fait partie des îles Amami, ainsi qu'historiquement de l'archipel Ryūkyū (ayant un temps fait partie du royaume de Ryūkyū). Comme les autres îles Amami, elle fait partie de la préfecture de Kagoshima.",Wikipédia (CC BY-SA),,https://commons.wikimedia.org/wiki/Special:FilePath/Tokunoshima_zenkei.jpg?width=1280,Opqr – CC BY-SA 3.0 (Wikimedia Commons),https://fr.wikipedia.org/wiki/Tokuno-shima
lieu,62cb6c8b-15a9-5e3c-87db-de620bc5c60d,Ohi Museum,2-17 Hashiba-cho,,Kanazawa,JPN,1,2026,36.56991235400005,136.66408506800008,Musée,"Musée de la céramique Ohi, proche du raku, perpétuée à Kanazawa depuis 1666 par la famille Chozaemon.",Reformulation,,https://thumb.wikimedia.org/wikipedia/commons/thumb/c/cf/%22Daidai%22%2C_tea_bowl_by_Ohi_Chozaemon_I%2C_amber_glaze_%282439428291%29.jpg/1280px-%22Daidai%22%2C_tea_bowl_by_Ohi_Chozaemon_I%2C_amber_glaze_%282439428291%29.jpg?utm_source=commons.wikimedia.org&utm_campaign=imageinfo&utm_content=thumbnail,KimonBerlin – CC BY-SA 2.0 (Wikimedia Commons),
lieu,7e04d0ef-be5e-5486-8878-8583917ea8d3,Sefa-utaki,R 331,,Chinen,JPN,1,2026,26.17344299000007,127.82603164800003,Monument religieux,"Le Seifa-utaki est un sanctuaire shinto situé dans le district de Nanjō (SE de la préfecture d'Okinawa, Japon, 26°09′40.3″N 127°48′24.1″E) dans la péninsule de Chinen (Gyokusen-do). Il est inscrit depuis 2000 au patrimoine mondial de l'Unesco dans un ensemble intitulé « sites gusuku et biens culturels associés du royaume de Ryūkyū ». Le sanctuaire est l'un des sept sites sacrés d'Okinawa.",Wikipédia (CC BY-SA),,https://commons.wikimedia.org/wiki/Special:FilePath/Sefautaki.jpg?width=1280,CC BY-SA 3.0 (Wikimedia Commons),https://fr.wikipedia.org/wiki/Seifa-utaki
lieu,afdc5a26-5d60-57df-a64a-21a9848a6b3d,Gare de Kyoto,,604 8571,Kyoto,JPN,1,2026,34.98581789200006,135.75879728400002,Monument civil et militaire,"La gare de Kyoto est la plus grande gare ferroviaire de la ville de Kyoto, et l'une des plus importantes du Japon. Elle est desservie à la fois par le Shinkansen, les réseaux des compagnies JR West et Kintetsu, et le métro de Kyoto. La gare fait face à la Tour de Kyoto dans l'arrondissement de Shimogyō.",Wikipédia (CC BY-SA),,https://commons.wikimedia.org/wiki/Special:FilePath/Ky%C5%8Dto_Station.jpg?width=1280,EXECUTOR – CC0 (Wikimedia Commons),https://fr.wikipedia.org/wiki/Gare_de_Kyoto
lieu,7c5770eb-a88e-5993-be92-ba229f952838,Ruines du château de Takeda,,,Takeda,JPN,1,2026,35.300315296000065,134.830100452,Monument civil et militaire,"Le château de Takeda était un château japonais, désormais en ruine, situé dans la ville d'Asago au Japon. Il est situé à environ 353 mètres d'altitude dans la partie nord de la préfecture de Hyōgo, au nord de Himeji et au nord-ouest de Kyoto. En 2006, il a été listé comme étant l'un des cent châteaux japonais remarquables et est parfois surnommé le « Machu Picchu du Japon »[réf.",Wikipédia (CC BY-SA),,https://commons.wikimedia.org/wiki/Special:FilePath/20130507_takeda_castle_10.jpg?width=1280,Baku13 – CC BY-SA 3.0 (Wikimedia Commons),https://fr.wikipedia.org/wiki/Ch%C3%A2teau_de_Takeda
lieu,cacdd5a5-c4d8-536d-8380-b01e4c4490d3,Zenrin-gai,,036 8551,Hirosaki,JPN,1,2026,40.59867900000006,140.45175400000005,Monument religieux,"Rue bordée de 33 temples zen à Hirosaki, avec la pagode octogonale Sazaedo (1839).",Reformulation,,,,
lieu,0ce7c193-8e8d-5568-87a7-ea167f0105a6,Shimanami Kaido,,794-8511,Imabari,JPN,1,2026,34.26128502500006,133.0933592980001,Site naturel,Itinéraire cyclable de 70 km reliant Shikoku à Honshu à travers six îles et sept ponts de la mer intérieure.,Reformulation,,https://thumb.wikimedia.org/wikipedia/commons/thumb/c/cc/Shimanami_Kaido_Bikeway_%2814089291941%29.jpg/1280px-Shimanami_Kaido_Bikeway_%2814089291941%29.jpg?utm_source=commons.wikimedia.org&utm_campaign=imageinfo&utm_content=thumbnail,redlegsfan21 – CC BY-SA 2.0 (Wikimedia Commons),
lieu,51a3c3f4-58ce-5f0f-9ddf-0294f3436c4b,Fuki-ji,,,Bungotakada,JPN,1,2026,33.53774474900007,131.52880389000006,Monument religieux,"Fuki-ji est un temple bouddhiste de la secte Tendai situé à Bungotakada, dans le sud-ouest de la péninsule de Kunisaki sur l'île de Kyūshū. Le temple a été établi en 718. Son Amida-dō est généralement appelé Fuki-ji Ō-dō.",Wikipédia (CC BY-SA),,https://commons.wikimedia.org/wiki/Special:FilePath/%E5%AF%8C%E8%B2%B4%E5%AF%BA_%E5%A4%A7%E5%A0%82.JPG?width=1280,JNN360 – CC BY-SA 4.0 (Wikimedia Commons),https://fr.wikipedia.org/wiki/Fuki-ji
lieu,ecf22efb-71e1-506d-a0e8-631d56951fa4,Marché Omicho,,,Kanazawa,JPN,1,2026,36.571660595000026,136.6561439080001,Monument civil et militaire,"Marché couvert près de trois fois centenaire : poissons, fruits de mer, légumes et petites échoppes de sushi.",Reformulation,,https://thumb.wikimedia.org/wikipedia/commons/thumb/b/b8/Omicho_Fish_Market_%2850154368656%29.jpg/1280px-Omicho_Fish_Market_%2850154368656%29.jpg?utm_source=commons.wikimedia.org&utm_campaign=imageinfo&utm_content=thumbnail,"Raita Futo from Tokyo, Japan – CC BY 2.0 (Wikimedia Commons)",
lieu,250ee4a2-18cd-5149-a4f7-064264e7d823,Château d'Okayama,,,Okayama,JPN,1,2026,34.665183160000026,133.93606908000004,Monument civil et militaire,"Le château d'Okayama est un château japonais situé dans la ville d'Okayama, préfecture d'Okayama, au Japon. La tour principale a été terminée en 1597, détruite en 1945 et reconstituée en béton en 1966. Deux des tours de guet ont survécu au bombardement de 1945 et sont à présent classées bien culturel important par l'agence pour les Affaires culturelles.",Wikipédia (CC BY-SA),,https://commons.wikimedia.org/wiki/Special:FilePath/Okayama_castle02s3872.jpg?width=1280,663highland – CC BY 2.5 (Wikimedia Commons),https://fr.wikipedia.org/wiki/Ch%C3%A2teau_d%27Okayama
lieu,263b83ea-d88c-56b3-93de-b1c2aa5a129b,Mine d'argent d'Ikuno,,,Asago,JPN,1,2026,35.17138842500003,134.82365346300003,Site industriel,"Mine d'argent exploitée de 807 à 1973, dont une partie des 350 km de galeries se visite.",Reformulation,,https://upload.wikimedia.org/wikipedia/commons/2/2b/Mine_d%27argent_d%27Ikuno_1.jpg?utm_source=commons.wikimedia.org&utm_campaign=imageinfo&utm_content=thumbnail_unscaled,Unknown authorUnknown author – Public domain (Wikimedia Commons),
lieu,82cfaf56-5d43-5afd-b4d6-5d591378bf1e,Musée d'Art et de Design de la préfecture de Toyama,3-20 Kibamachi,,Toyama City,JPN,1,2026,36.710871514000075,137.21089358900008,Musée,"Le musée préfectoral d'art et de design de Toyama, aussi appelé TAD, est un musée d'art situé à Toyama, dans la préfecture de Toyama au Japon.",Wikipédia (CC BY-SA),,https://commons.wikimedia.org/wiki/Special:FilePath/Toyama_Prefectural_Museum_of_Art_and_Design.svg?width=1280,Kazumasa Nagai – Public domain (Wikimedia Commons),https://fr.wikipedia.org/wiki/Mus%C3%A9e_pr%C3%A9fectoral_d%27art_et_de_design_de_Toyama
lieu,ae05b9bd-1092-5352-b7ea-cf5d781b81a4,Musée d'Art de la préfecture de Shimane,,,Matsue,JPN,1,2026,35.46010841300006,133.0537010600001,Musée,"Le musée d'art de Shimane se trouve à Matsue dans la préfecture de Shimane. Inauguré en 1999, il a été construit de 1996 à 1998 sous la conduite de l'architecte Kiyonori Kikutake.",Wikipédia (CC BY-SA),,https://commons.wikimedia.org/wiki/Special:FilePath/Shimane_Art_Museum01st3200.jpg?width=1280,663highland – CC BY 2.5 (Wikimedia Commons),https://fr.wikipedia.org/wiki/Mus%C3%A9e_d%27Art_de_Shimane
lieu,8acedd0f-9d32-57ca-920e-68bef3843620,Futago-ji,,,Kunisaki,JPN,1,2026,33.573967012000026,131.60331957000005,Monument religieux,"Le Futago-ji est un temple bouddhiste de la secte Tendai dans la ville de Kunisaki, préfecture d'Ōita au Japon. Il est situé sur les pentes du mont Futago, plus haute montagne de la péninsule de Kunisaki. Le temple, créé en 718 par Ninmon, est devenu le temple central du Rokugō-Manzan.",Wikipédia (CC BY-SA),,https://commons.wikimedia.org/wiki/Special:FilePath/Futagoji_Stone_Ni%C5%8D.jpg?width=1280,Maculosae tegmine lyncis – CC0 (Wikimedia Commons),https://fr.wikipedia.org/wiki/Futago-ji
lieu,071889cf-6084-559d-8d78-6b095a57df63,Kouko-en,,,Himeji,JPN,1,2026,34.837900500000046,134.68981640000004,Parc ou jardin,"Ensemble de neuf jardins d'inspiration Edo au pied du château de Himeji : étangs, cascades, carpes et érables flamboyants à l'automne.",Reformulation,,https://commons.wikimedia.org/wiki/Special:FilePath/Himeji_Koukoen32n4592.jpg?width=1280,663highland – CC BY 2.5 (Wikimedia Commons),https://en.wikipedia.org/wiki/K%C5%8Dko-en
lieu,557195b0-686b-5256-9268-66048fff4296,Vue du château de Tsuwano,,,Tsuwano,JPN,1,2026,34.460104356000045,131.76385332200005,Monument civil et militaire,"Le château de Tsuwano était un château japonais situé au sommet du mont Shiroyama à Tsuwano, dans la préfecture de Shimane. Il a d'abord été appelé château de Sanbonmatsu ou château d'Ipponmatsu. Il n'en reste à présent que quelques vestiges.",Wikipédia (CC BY-SA),,https://commons.wikimedia.org/wiki/Special:FilePath/TsuwanoJo.JPG?width=1280,Mocchy – Public domain (Wikimedia Commons),https://fr.wikipedia.org/wiki/Ch%C3%A2teau_de_Tsuwano
lieu,acd6b586-9989-56a3-82e8-5ca8984dff17,Marché du dimanche de Kochi (Nichi-o-ichi),Otesuji,,Kochi,JPN,1,2026,33.56091884700004,133.53555619500003,Monument civil et militaire,"Marché de rue tricentenaire qui s'étire sur 1,2 km chaque dimanche : produits de la ferme, poissons et artisanat local.",Reformulation,,https://thumb.wikimedia.org/wikipedia/commons/thumb/7/7f/%E5%81%87%E8%8D%8A%E8%8A%A5%E6%96%B0%E9%A2%A8%E8%BC%AA%E8%8F%9C_Calamintha_nepeta_-%E6%97%A5%E6%9C%AC%E9%AB%98%E7%9F%A5_K%C5%8Dchi-ken%2C_Japan-_%2835792660106%29.jpg/1280px-%E5%81%87%E8%8D%8A%E8%8A%A5%E6%96%B0%E9%A2%A8%E8%BC%AA%E8%8F%9C_Calamintha_nepeta_-%E6%97%A5%E6%9C%AC%E9%AB%98%E7%9F%A5_K%C5%8Dchi-ken%2C_Japan-_%2835792660106%29.jpg?utm_source=commons.wikimedia.org&utm_campaign=imageinfo&utm_content=thumbnail,阿橋 HQ – CC BY-SA 2.0 (Wikimedia Commons),
lieu,e45f22a6-d725-535a-8903-e8410608204a,Atsuta-jingu,,456-8585,Nagoya,JPN,1,2026,35.12549972900007,136.90894597500005,Monument religieux,"L'Atsuta-jingū est un sanctuaire shintoïste de Nagoya, dans l'arrondissement Atsuta établi en l'an 43 sous l'empereur Keikō. Il est considéré comme le second sanctuaire le plus sacré du Japon et un des chokusaisha. Il renferme notamment l'épée légendaire Kusanagi, l'un des trois trésors impériaux du Japon, ainsi que plus de 4 000 autres trésors nationaux, témoignant de ses deux millénaires d'histoire.",Wikipédia (CC BY-SA),,https://commons.wikimedia.org/wiki/Special:FilePath/Atsuta_Shrine_11.jpg?width=1280,Gnsin – CC BY-SA 3.0 (Wikimedia Commons),https://fr.wikipedia.org/wiki/Atsuta-jing%C5%AB
lieu,332f6427-5180-57d4-8265-7ba1ae8ed5a5,Chutes d'eau Kegon,,,Nikko,JPN,1,2026,36.737998290000064,139.50208197200004,Site naturel,"Les chutes de Kegon sont des chutes d'eau situées au Japon dans le parc national de Nikkō, préfecture de Tochigi, plus précisément sur le territoire de la ville de Nikkō.",Wikipédia (CC BY-SA),,https://commons.wikimedia.org/wiki/Special:FilePath/Lake_chuzenji_and_kegon_waterfall.jpg?width=1280,Uraomote yamaneko – CC BY-SA 3.0 (Wikimedia Commons),https://fr.wikipedia.org/wiki/Chutes_de_Kegon
lieu,b9cd2f1e-33b3-578d-9438-05508e115766,Château de Hikone,,250 0521,Hikone,JPN,1,2026,35.27643383700007,136.2518569120001,Monument civil et militaire,"Le château de Hikone est le plus fameux site historique de Hikone, préfecture de Shiga au Japon. Ce château de l'époque d'Edo trouve son origine en 1603 quand Ii Naokatsu, fils de l'ancien daimyo Ii Naomasa, en ordonne la construction. C'est un des trésors nationaux du Japon, et un site Japan Heritage depuis 2015.",Wikipédia (CC BY-SA),,https://commons.wikimedia.org/wiki/Special:FilePath/Hikone_castle5537.JPG?width=1280,日:Jnn – CC BY 2.1 jp (Wikimedia Commons),https://fr.wikipedia.org/wiki/Ch%C3%A2teau_de_Hikone
lieu,56d37954-55ef-536c-9b9e-8e628b3fb7c6,Phare de Mihonoseki,,,Mihonoseki,JPN,1,2026,35.56724052800007,133.32544148600005,Monument civil et militaire,"Phare en pierre de 1898 à la pointe de la péninsule de Shimane, avec une vue superbe sur la mer du Japon et le mont Daisen.",Reformulation,,https://thumb.wikimedia.org/wikipedia/commons/thumb/d/de/Mihonoseki_Lighthouse.jpg/1280px-Mihonoseki_Lighthouse.jpg?utm_source=commons.wikimedia.org&utm_campaign=imageinfo&utm_content=thumbnail,Flow in edgewise – CC BY 3.0 (Wikimedia Commons),
lieu,438246bd-4a01-5a7d-9c5c-9260916169a5,Shiratani Unsuikyo,,,Miyanoura,JPN,1,2026,30.37928800000003,130.57314900000006,Site naturel,"Vallée forestière de Yakushima aux mousses épaisses et arbres centenaires, qui aurait inspiré Princesse Mononoké.",Reformulation,,https://thumb.wikimedia.org/wikipedia/commons/thumb/4/4f/Shiratani_Unsuikyo_%284196021035%29.jpg/1280px-Shiratani_Unsuikyo_%284196021035%29.jpg?utm_source=commons.wikimedia.org&utm_campaign=imageinfo&utm_content=thumbnail,KimonBerlin – CC BY-SA 2.0 (Wikimedia Commons),
lieu,17664e6a-906d-575c-8d7d-32930c1bd92e,Toyosu Fish Market,5-2-1 Tsukiji - Chuo-ku,,Tokyo,JPN,1,2026,35.665423100000055,139.7705737000001,Monument civil et militaire,"Le marché aux poissons de Toyosu est le principal marché aux poissons de Tokyo au Japon. Ouvert en 2018, il a remplacé le marché aux poissons de Tsukiji. À son ouverture, il est devenu le plus grand marché de gros au poisson au monde.",Wikipédia (CC BY-SA),,https://commons.wikimedia.org/wiki/Special:FilePath/Toyosu_Market_Tokyo_2.jpg?width=1280,Arne Müseler – CC BY-SA 3.0 de (Wikimedia Commons),https://fr.wikipedia.org/wiki/March%C3%A9_aux_poissons_de_Toyosu
lieu,9f42d6c6-8340-5410-b984-c8b2b9087761,Hita Gion Yamaboko Kaikan,,,Hita,JPN,1,2026,33.31546345800007,130.9312279080001,Monument civil et militaire,"Hall présentant les six grands chars du festival Hita Gion, portés à l'épaule depuis 300 ans.",Reformulation,,https://thumb.wikimedia.org/wikipedia/commons/thumb/2/27/Gion_fesutebaru_Hita_Oita_Japan_7.jpg/1280px-Gion_fesutebaru_Hita_Oita_Japan_7.jpg?utm_source=commons.wikimedia.org&utm_campaign=imageinfo&utm_content=thumbnail,Mukai – CC BY-SA 4.0 (Wikimedia Commons),
lieu,b38b1215-4e4d-5e67-824a-4723cd1ba800,Mont Daisen,,,Daisen,JPN,1,2026,35.370783000000074,133.5391370000001,Site naturel,"Le Daisen est un volcan du Japon situé dans la préfecture de Tottori, dans la région du Chūgoku. Il fait partie des 100 montagnes célèbres du Japon.",Wikipédia (CC BY-SA),,https://commons.wikimedia.org/wiki/Special:FilePath/Mt_Daisen_Full_View.jpg?width=1280,Vickerman625 at English Wikipedia – Public domain (Wikimedia Commons),https://fr.wikipedia.org/wiki/Daisen
lieu,2772007d-9255-5139-b7bb-8da89527e730,Mangrove Kuroshio no mori,,,,JPN,1,2026,28.254686208000066,129.40812881500005,Site naturel,"Mangrove de l'île Amami-Ōshima, à découvrir en kayak au fil de la rivière Sumiyo.",Reformulation,,https://thumb.wikimedia.org/wikipedia/commons/thumb/4/42/Mangrove_park1.JPG/1280px-Mangrove_park1.JPG?utm_source=commons.wikimedia.org&utm_campaign=imageinfo&utm_content=thumbnail,Vanquish0 – CC BY-SA 3.0 (Wikimedia Commons),
lieu,2e44bf26-0ce7-5f1f-a122-6a6129c04dc4,Péninsule de Noto,,,Wagima,JPN,1,2026,37.256536339000036,136.88282722200006,Site naturel,"Péninsule sauvage de la mer du Japon, célèbre pour Wajima, ses laques et son marché matinal.",Reformulation,,https://upload.wikimedia.org/wikipedia/commons/3/3b/Noto_Peninsula_Ishikawa_Japan_SRTM.jpg?utm_source=commons.wikimedia.org&utm_campaign=imageinfo&utm_content=thumbnail_unscaled,っ – Public domain (Wikimedia Commons),
lieu,bbdf6374-c5f0-58d5-9b7d-aca8c53e09e4,Parc national de Towada-Hachimantai,,,Nenokochi,JPN,1,2026,40.44673700000004,140.9262970000001,Site naturel,"Le parc national de Towada-Hachimantai est un parc national japonais situé sur l'île d'Honshū. Créé le 1er février 1936, le parc couvre une superficie de 854,09 km2. Le mont Akita-Komagatake, plus haut sommet de la préfecture d'Akita est le deuxième plus élevé du parc.",Wikipédia (CC BY-SA),,https://commons.wikimedia.org/wiki/Special:FilePath/Oirase_Stream_%E5%B7%9D%28%E3%81%8B%E3%82%8F%29.jpg?width=1280,TANAKA Juuyoh (田中十洋) – CC BY 2.0 (Wikimedia Commons),https://fr.wikipedia.org/wiki/Parc_national_de_Towada-Hachimantai
lieu,49de5822-8c91-528f-9d49-3d052937e753,Choraku-ji,Perry Road,,Shimoda,JPN,1,2026,34.66709050500003,138.94241676800004,Monument religieux,"Le Chōraku-ji est un temple du bouddhisme Shingon où est vénéré Kannon Bosatsu et situé à Shimoda, préfecture de Shizuoka au Japon. Il est connu pour être le lieu de la signature du traité de Shimoda en 1855 qui établit officiellement des relations diplomatiques entre le Japon Bakumatsu et l'empire russe.",Wikipédia (CC BY-SA),,https://commons.wikimedia.org/wiki/Special:FilePath/Chorakuji_shimoda_2007-02-24.jpg?width=1280,No machine-readable author provided. Geomr~commonswiki assumed (based on copyright claims). – CC BY-SA 3.0 (Wikimedia Commons),https://fr.wikipedia.org/wiki/Ch%C5%8Draku-ji
lieu,c8061801-ee13-52c8-a487-898950d29de9,Plage Sugira et monument de la base aérienne,,,,JPN,1,2026,28.320647846000043,129.92202386600002,Site naturel,"Plage en croissant de sable blanc sur l'île Kikai, près d'une stèle à la mémoire des pilotes de la base aérienne.",Reformulation,,,,
lieu,9f9c4a3a-5b68-5dee-acf2-2c5ae2ae63ba,Rinno-ji,Mont Kitayama,,Sendai,JPN,1,2026,38.28279749200004,140.8585053930001,Monument religieux,"Temple bouddhiste du XVIIe siècle à Sendai, réputé pour son jardin japonais.",Reformulation,,https://thumb.wikimedia.org/wikipedia/commons/thumb/8/8b/Nikko_Rinno-ji_Innen_Glockenturm.jpg/1280px-Nikko_Rinno-ji_Innen_Glockenturm.jpg?utm_source=commons.wikimedia.org&utm_campaign=imageinfo&utm_content=thumbnail,Zairon – CC BY-SA 4.0 (Wikimedia Commons),
lieu,33fe47eb-6128-5b39-ad71-d0139ec00a0f,Fukagawa-Edo Museum,1-3-28 Shirakawa - Koto-ku,,Tokyo,JPN,1,2026,35.68095720000008,139.8008747,Musée,Le Fukagawa Edo Museum est un musée d'histoire situé dans le quartier de Fukagawa à Tōkyō au Japon.,Wikipédia (CC BY-SA),,https://commons.wikimedia.org/wiki/Special:FilePath/Fukagawa_Edo_Museum.JPG?width=1280,Abasaa – Public domain (Wikimedia Commons),https://fr.wikipedia.org/wiki/Fukagawa_Edo_Museum
lieu,3ca70a60-790f-5c02-a3c9-172ad7fd9299,Sanctuaire de Takuhi,,,Nishino-shima,JPN,1,2026,36.07334233300003,133.02863615400008,Monument religieux,"Sanctuaire des marins niché sous la roche au sommet du mont Takuhi (452 m), qui domine l'île de Nishino-shima.",Reformulation,,https://thumb.wikimedia.org/wikipedia/commons/thumb/a/a0/Precincts_of_Takuhi_jinja.JPG/1280px-Precincts_of_Takuhi_jinja.JPG?utm_source=commons.wikimedia.org&utm_campaign=imageinfo&utm_content=thumbnail,ChiefHira – CC BY-SA 3.0 (Wikimedia Commons),
lieu,5ede276c-e5a4-5d43-b90b-052646504355,Croisière dans les gorges de la Shogawa,Shogawamachi Komaki,,Tonami,JPN,1,2026,36.553643900000054,137.00875003900012,Site naturel,"Croisière sur la rivière Sho à travers des gorges préservées, jusqu'au ryokan Omaki Onsen accessible uniquement en bateau.",Reformulation,,,,
lieu,126a4afa-8f35-5416-862b-15f8c2df3f40,Taiho-an,,,Uji,JPN,1,2026,34.88907606300006,135.80883395400008,Monument civil et militaire,"Pavillon de thé authentique près du Byodo-in d'Uji, où l'on s'initie à la cérémonie du thé.",Reformulation,,,,
lieu,f92d57b2-a8d3-5a1e-9e20-899945b71a7c,Téléphérique Akechi-daira,,,Nikko,JPN,1,2026,36.737178054000026,139.5177280250001,Site naturel,"Téléphérique offrant une vue splendide sur le lac Chuzenji, la chute de Kegon et le mont Nantai.",Reformulation,,,,
lieu,d9eaa34f-bdb1-5b11-bd24-fcd0698892dc,Tadanori Yokoo Museum of Contemporary Art,"3-8-30 Harada-dori, Nada-ku",,Kobe,JPN,1,2026,34.70879600000006,135.21328500000004,Musée,"Musée consacré à Tadanori Yokoo, « l'Andy Warhol japonais », entre œuvres sur la guerre et culture pop.",Reformulation,,https://thumb.wikimedia.org/wikipedia/commons/thumb/e/ea/140621_Yokoo_Tadanori_Museum_of_Contemporary_Art_Kobe_Japan01s5.jpg/1280px-140621_Yokoo_Tadanori_Museum_of_Contemporary_Art_Kobe_Japan01s5.jpg?utm_source=commons.wikimedia.org&utm_campaign=imageinfo&utm_content=thumbnail,663highland – CC BY 2.5 (Wikimedia Commons),
lieu,a13d6b9d-2f31-5c02-a33d-95cff129c705,Quartier Shirakabe-dozogun,,,Kurayoshi,JPN,1,2026,35.43133852300008,133.82471187500005,Ville et village,"Quartier d'entrepôts aux murs blancs et toits rouges le long du ruisseau Tama : brasseries de saké, cafés et artisanat.",Reformulation,,,,
lieu,9df35a0a-34ff-571a-8681-23b72857c41f,Quartier de Kitano,Kitano-cho Plaza,,Kobe,JPN,1,2026,34.70104769200003,135.19159956700003,Ville et village,"Colline des anciennes maisons de négociants étrangers (ijinkan) de style victorien, héritage cosmopolite de Kobe.",Reformulation,,https://thumb.wikimedia.org/wikipedia/commons/thumb/0/02/Ben%27s_House_in_Kitano-cho%2C_Kobe.JPG/1280px-Ben%27s_House_in_Kitano-cho%2C_Kobe.JPG?utm_source=commons.wikimedia.org&utm_campaign=imageinfo&utm_content=thumbnail,そらみみ (Soramimi) – CC BY-SA 4.0 (Wikimedia Commons),
lieu,361722f8-3602-5fb6-a725-9408a59e7ed8,Jigoku Meguri,,,Beppu,JPN,1,2026,33.31584381500005,131.46974519000003,Site naturel,"Circuit des « enfers » de Beppu : bassins bouillonnants d'eau bleu cobalt, laiteuse ou rouge, geysers et boues chaudes.",Reformulation,,https://thumb.wikimedia.org/wikipedia/commons/thumb/3/38/Beppu_Jigoku-Meguri_Street_20171003.jpg/1280px-Beppu_Jigoku-Meguri_Street_20171003.jpg?utm_source=commons.wikimedia.org&utm_campaign=imageinfo&utm_content=thumbnail,そらみみ – CC BY-SA 4.0 (Wikimedia Commons),
lieu,40c349ec-f23b-5388-89d3-a625e5363c8a,Minami,,,Osaka,JPN,1,2026,34.665093726000066,135.50171576000002,Ville et village,"Quartier animé d'Osaka autour de Dotonbori : néons, restaurants, bars et takoyaki, le cœur festif de la ville.",Reformulation,,https://upload.wikimedia.org/wikipedia/commons/0/0d/Minami_montage.JPG?utm_source=commons.wikimedia.org&utm_campaign=imageinfo&utm_content=thumbnail_unscaled,mti – CC BY-SA 3.0 (Wikimedia Commons),
lieu,b69a0a95-ced6-5a5f-b870-ef967a7b8e2a,Saigo-misaki,,,Okino-shima,JPN,1,2026,36.17159356700006,133.339027288,Site naturel,"Cap à la pointe sud de l'île de Dogo, avec un belvédère au pied du phare et une vue spectaculaire sur les falaises.",Reformulation,,,,
lieu,4bd35d03-8f98-5f49-8952-85a304c6009d,Te-shima,,,Leura,JPN,1,2026,34.481701276000024,134.0786749570001,Site naturel,Teshima est une île de la mer intérieure de Seto au Japon.,Wikipédia (CC BY-SA),,https://commons.wikimedia.org/wiki/Special:FilePath/Teshima_Museum_Ryue_Nishizawa_Rei_Naito_2.JPG?width=1280,Epiq – CC BY-SA 3.0 (Wikimedia Commons),https://fr.wikipedia.org/wiki/Teshima
lieu,30e71187-24ce-5783-abcf-5cf233fc6ac4,Jardin alpin du mont Rokko (Rokko Alpine Botanical Garden),,,Kobe,JPN,1,2026,34.76310687200004,135.24133107300008,Parc ou jardin,"Jardin botanique créé en 1933 à 865 m d'altitude, réunissant plus de 1 500 plantes alpines du Japon et du monde.",Reformulation,,https://thumb.wikimedia.org/wikipedia/commons/thumb/1/14/170811_Rokko_Alpine_Botanical_Garden_Kobe_Japan01s3.jpg/1280px-170811_Rokko_Alpine_Botanical_Garden_Kobe_Japan01s3.jpg?utm_source=commons.wikimedia.org&utm_campaign=imageinfo&utm_content=thumbnail,663highland – CC BY-SA 4.0 (Wikimedia Commons),
lieu,7a1723bc-5f83-5a6b-a7be-39bbb7d0964e,Sanctuaire Tamawakasu-no-mikoto,,,Okino-shima,JPN,1,2026,36.20709629500004,133.31257862300004,Monument religieux,"Sanctuaire de l'île de Dogo, célèbre pour sa fête de juin où huit chevaux sacrés sont lancés au galop.",Reformulation,,https://thumb.wikimedia.org/wikipedia/commons/thumb/6/6a/Tamawakasu-mikoto-jinja%2C_shaden.jpg/1280px-Tamawakasu-mikoto-jinja%2C_shaden.jpg?utm_source=commons.wikimedia.org&utm_campaign=imageinfo&utm_content=thumbnail,Saigen Jiro – CC0 (Wikimedia Commons),
lieu,04706f26-b52f-5435-8d58-e1a085c86ad0,Ancienne résidence Takatori,5-40 Kitajonai,,Karatsu,JPN,1,2026,33.45406900000006,129.97219300000006,Monument civil et militaire,"Luxueuse résidence de bord de mer d'un magnat du charbon de l'ère Meiji, superbement restaurée.",Reformulation,,https://thumb.wikimedia.org/wikipedia/commons/thumb/f/f8/A_stone_wall_at_side_of_Takatori_Residence_in_Karatsu.jpg/1280px-A_stone_wall_at_side_of_Takatori_Residence_in_Karatsu.jpg?utm_source=commons.wikimedia.org&utm_campaign=imageinfo&utm_content=thumbnail,Pekachu – CC BY-SA 4.0 (Wikimedia Commons),
lieu,2b6c7cca-f83c-51b7-b6e5-527263b05da3,Musée national d'Art moderne de Kyoto,,604 8571,Kyoto,JPN,1,2026,35.01236427200007,135.78199927600008,Musée,"Le musée d’art moderne de Kyoto ou Momak est un musée national d’art moderne à Kyoto, au Japon.",Wikipédia (CC BY-SA),,https://commons.wikimedia.org/wiki/Special:FilePath/National_Museum_of_Modern_Art_Kyoto_2010.jpg?width=1280,Wiiii – CC BY-SA 3.0 (Wikimedia Commons),https://fr.wikipedia.org/wiki/Mus%C3%A9e_d%27art_moderne_de_Kyoto
lieu,cfce44a6-eeff-5eb8-9220-32cc8df2ae89,Promenade Mushiroze,,,,JPN,1,2026,27.893347719000076,128.90078090800012,Site naturel,Promenade de 200 m en bord de mer au milieu de rochers sculptés par les marées.,Reformulation,,https://thumb.wikimedia.org/wikipedia/commons/thumb/2/2d/Mushiroze.JPG/1280px-Mushiroze.JPG?utm_source=commons.wikimedia.org&utm_campaign=imageinfo&utm_content=thumbnail,アラツク – CC BY-SA 4.0 (Wikimedia Commons),
lieu,199b27ac-b813-5bae-ae91-14a24f4c28ca,Higashi Iya (est de la vallée de l'Iya),,,Miyoshi,JPN,1,2026,33.874954657000046,133.83503811800006,Site naturel,"Partie est de la vallée de l'Iya, plus isolée : hameau d'Ochiai aux maisons d'Edo et ponts de lianes.",Reformulation,,https://thumb.wikimedia.org/wikipedia/commons/thumb/6/63/Iya_vine_bridge-1.jpg/1280px-Iya_vine_bridge-1.jpg?utm_source=commons.wikimedia.org&utm_campaign=imageinfo&utm_content=thumbnail,Kimon Berlin – CC BY-SA 2.0 (Wikimedia Commons),
lieu,28006c1f-a26f-537a-b834-a8bff9f6f077,Observatoire Shidare du mont Rokko,,,Kobe,JPN,1,2026,34.76411189300006,135.2468497110001,Site naturel,"Observatoire à la structure ajourée, illuminé la nuit, près du sommet du mont Rokko, avec vue sur Kobe et la baie d'Osaka.",Reformulation,,https://thumb.wikimedia.org/wikipedia/commons/thumb/8/8c/Rokko-Shidare_Observatory_from_Miharashi_Tower_in_Rokko_Garden_Terrace.JPG/1280px-Rokko-Shidare_Observatory_from_Miharashi_Tower_in_Rokko_Garden_Terrace.JPG?utm_source=commons.wikimedia.org&utm_campaign=imageinfo&utm_content=thumbnail,そらみみ – CC BY-SA 4.0 (Wikimedia Commons),
lieu,8ac20db7-4069-515a-8867-39d10b9bf831,Fujita Kinen teien,8-1 Kamishirogane-cho,036 8551,Hirosaki,JPN,1,2026,40.60393152800003,140.46140646100002,Parc ou jardin,"Jardin japonais de 22 000 m² créé en 1919 à Hirosaki, avec maison traditionnelle et vue sur le mont Iwaki.",Reformulation,,https://thumb.wikimedia.org/wikipedia/commons/thumb/a/a7/Western_style_house_of_the_Fujita_Memorial_Garden_20220618a.jpg/1280px-Western_style_house_of_the_Fujita_Memorial_Garden_20220618a.jpg?utm_source=commons.wikimedia.org&utm_campaign=imageinfo&utm_content=thumbnail,掬茶 – CC BY-SA 4.0 (Wikimedia Commons),
lieu,b8c024a3-22a4-5ad8-9c92-3f3ebb2cdc44,Hyogo Prefectural Museum of Art,,,Kobe,JPN,1,2026,34.69988842400005,135.21820928400007,Musée,"Le musée préfectoral d'Art de Hyōgo se trouve dans un bâtiment construit à cet effet dans l'arrondissement Nada à Kōbe, préfecture de Hyōgo au Japon. Il est ouvert en 2002. Les collections du musée sont constituées principalement de sculptures japonaises et étrangères, d'impressions japonaises et étrangères, de peintures de style occidental et japonais (nihonga) en relation avec la préfecture de Hyōgo ainsi que d’œuvres japonaises de l'ère moderne et d'art contemporain.",Wikipédia (CC BY-SA),,https://commons.wikimedia.org/wiki/Special:FilePath/Hyogo_prefectural_museum_of_art08s3200.jpg?width=1280,663highland – CC BY 2.5 (Wikimedia Commons),https://fr.wikipedia.org/wiki/Mus%C3%A9e_pr%C3%A9fectoral_d%27Art_de_Hy%C5%8Dgo
lieu,78e5bf1b-491f-5932-ad19-6571f5396d87,Zuisen-ji,3050 Inami,,Nanto,JPN,1,2026,36.55965084300004,136.97169146900012,Monument religieux,"Plus grand temple bouddhiste de la région, fondé au XIVe siècle, réputé pour ses sculptures sur bois d'Inami.",Reformulation,,,,
lieu,15b20dbb-024b-5e2a-8360-d5e8a56c6bd8,Higashi Hongan-ji,"Karasuma Shichi-jo Agaru, Shimogyo-ku 16-15",604 8571,Kyoto,JPN,1,2026,34.991002826000056,135.7584867920001,Monument religieux,"L'Higashi Hongan-ji, ou « temple oriental du vœu originel », est l'un des deux temples dominants de la secte Jōdo shinshū au Japon (dans l'arrondissement de Shimogyō-ku, à Kyoto) et à l'étranger, l'autre étant le Nishi-Hongan-ji (ou « temple occidental du vœu originel »). C'est aussi le nom du temple premier à Kyoto, ensemble de bâtiments construits en 1895 après qu'un incendie a brûlé le temple précédent. Ce serait la plus grande construction en bois au monde.",Wikipédia (CC BY-SA),,https://commons.wikimedia.org/wiki/Special:FilePath/170216_Higashi_Honganji_Kyoto_Japan03bs5.jpg?width=1280,663highland – CC BY-SA 4.0 (Wikimedia Commons),https://fr.wikipedia.org/wiki/Higashi_Hongan-ji
lieu,02145245-1e1b-5ff2-bce0-1540805ed787,Pagode Sazaedo,"1404 Benten-shita, Yahata, Ikkimachi",965-0003,Aizuwakamatsu,JPN,1,2026,37.50458907400008,139.9539605330001,Monument religieux,Pagode de 1796 à la structure rarissime : une double rampe en spirale permet de monter et descendre sans se croiser.,Reformulation,,,,
lieu,3809518b-c711-52a1-bb6f-473298265541,Zao Okama,,,Zao Machi,JPN,1,2026,38.13624900000008,140.44940000000008,Site naturel,"Le mont Zaō est un volcan du parc quasi national de Zaō, situé à cheval sur les deux préfectures de Yamagata et de Miyagi, sur l'île de Honshū, au Japon. Cette montagne de l'arc volcanique Nord-Est du Japon supporte plusieurs pics dont le mont Kumano, son point culminant à 1 841 m, et sa caldeira sommitale contient un lac dont la couleur de l'eau varie selon les conditions climatiques. La ville d'eaux, Zaō Onsen, à son pied, exploite une source chaude découverte au IIe siècle.",Wikipédia (CC BY-SA),,https://commons.wikimedia.org/wiki/Special:FilePath/Zao.jpg?width=1280,"Jacob Ehnmark from Sendai, Japan – CC BY 2.0 (Wikimedia Commons)",https://fr.wikipedia.org/wiki/Mont_Za%C5%8D
lieu,8a894518-584c-5c4f-b89a-b3f716de407c,Côte d'Amaharashi,Ota,933-0134,Takaoka City,JPN,1,2026,36.81650626900006,137.03865550900002,Site naturel,"Côte de la baie de Toyama où plage, rochers et pins se détachent sur les sommets enneigés du Tateyama.",Reformulation,,https://thumb.wikimedia.org/wikipedia/commons/thumb/f/f8/Onnaiwa_Island_from_Amaharashi_Beach_20150122.JPG/1280px-Onnaiwa_Island_from_Amaharashi_Beach_20150122.JPG?utm_source=commons.wikimedia.org&utm_campaign=imageinfo&utm_content=thumbnail,そらみみ – CC BY-SA 4.0 (Wikimedia Commons),
lieu,c8fc5463-b66f-5f8b-9ef5-665963c283be,Naramachi,,,Nara,JPN,1,2026,34.67720700000007,135.83043400000008,Ville et village,"Quartier historique de Nara aux maisons de marchands en bois (machiya) des XVIIIe et XIXe siècles, reconverties en cafés et boutiques.",Reformulation,,https://thumb.wikimedia.org/wikipedia/commons/thumb/f/f5/Naramachi_-_panoramio.jpg/1280px-Naramachi_-_panoramio.jpg?utm_source=commons.wikimedia.org&utm_campaign=imageinfo&utm_content=thumbnail,Nagono – CC BY-SA 3.0 (Wikimedia Commons),
lieu,585ff818-10c7-5351-8d3b-77483b5230d4,Minna-jima,Port de Motobu,905 0501,Higashieue,JPN,1,2026,24.755083417000037,124.69472940100002,Site naturel,"Minna-jima est une des îles Miyako dans la juridiction de Tarama, district de Miyako, préfecture d'Okinawa au Japon.",Wikipédia (CC BY-SA),,https://commons.wikimedia.org/wiki/Special:FilePath/Minna_island.jpg?width=1280,Paipateroma – CC BY 2.5 (Wikimedia Commons),https://fr.wikipedia.org/wiki/Minna-jima
lieu,8cce9b71-9346-5270-858a-955cec608c9d,Grottes Shoryudo,,,,JPN,1,2026,27.362563000000023,128.55256900000006,Site naturel,"Grottes calcaires de l'île Okinoerabu, dont 1 km éclairé se visite parmi stalactites et stalagmites.",Reformulation,,,,
lieu,5f88e6ba-45bb-5cb9-a7c4-f4c721a515bc,Ishite-ji,,790-0852,Matsuyama,JPN,1,2026,33.84778159600006,132.79651173900004,Monument religieux,"Ishite-ji est un temple Shingon situé à Matsuyama, préfecture d'Ehime au Japon. C'est le cinquante et unième des quatre-vingt huit temples sur la route du pèlerinage de Shikoku. Sept de ses éléments ont été désignés trésor national ou bien culturel important.",Wikipédia (CC BY-SA),,https://commons.wikimedia.org/wiki/Special:FilePath/Ishiteji_05.JPG?width=1280,Reggaeman – CC BY-SA 3.0 (Wikimedia Commons),https://fr.wikipedia.org/wiki/Ishite-ji
lieu,440e31ed-ab39-5f98-b2ab-251dd69c71c2,Mine d'argent d'Iwami Ginzan - Gisement de Ryugenji Mabu,,,Omori,JPN,1,2026,35.10512788800003,132.43877858000008,Site industriel,"Galerie visitable de la mine d'argent d'Iwami Ginzan, l'une des plus productives au monde aux XVIe-XVIIe siècles, classée à l'Unesco.",Reformulation,,https://thumb.wikimedia.org/wikipedia/commons/thumb/3/33/180504_Shimogawara_Smelting_Ruins_of_Iwami_Ginzan_Silver_Mine_Oda_Shimane_pref_Japan01s5.jpg/1280px-180504_Shimogawara_Smelting_Ruins_of_Iwami_Ginzan_Silver_Mine_Oda_Shimane_pref_Japan01s5.jpg?utm_source=commons.wikimedia.org&utm_campaign=imageinfo&utm_content=thumbnail,663highland – CC BY-SA 4.0 (Wikimedia Commons),
lieu,cc65a9c0-4351-5ed6-901d-a0826b2ae440,Musée des Laques Wajima Nuri Kaikan,,,Wajima,JPN,1,2026,37.39384481400003,136.90019869000002,Musée,"Centre de production et d'exposition de plus de 5 000 laques de Wajima, dont les bols nécessitent jusqu'à 120 étapes.",Reformulation,,,,
lieu,8e69e0db-8114-5829-bd9b-a069f70c9922,Osaka-jo,,,Osaka,JPN,1,2026,34.68731140500006,135.52621834700005,Monument civil et militaire,"Le château d'Osaka est un des châteaux les plus célèbres du Japon. Il a joué un rôle majeur durant l'unification du Japon au XVIe siècle au cours de l'une des dernières grandes révoltes contre les Tokugawa, réprimée lors des sièges d'Osaka en 1614 et 1615. Le château est situé au cœur d'un parc de six hectares dans l'arrondissement de Chūō-ku.",Wikipédia (CC BY-SA),,https://commons.wikimedia.org/wiki/Special:FilePath/Nishinomaru_Garden_Osaka_Castle06s4s4272.jpg?width=1280,663highland – CC BY 2.5 (Wikimedia Commons),https://fr.wikipedia.org/wiki/Ch%C3%A2teau_d%27Osaka
lieu,64a27dfc-734f-53bc-aa36-2ad7de018c32,Peace Memorial Park,R 331,901 0361,Itoman,JPN,1,2026,26.098117915000046,127.72403693000001,Site historique et archéologique,"Le parc de la Paix de Nagasaki est un parc situé à Nagasaki, au Japon, conçu afin de commémorer le bombardement atomique de la ville le 9 août 1945 pendant la Seconde Guerre mondiale. Il se trouve à côté du musée de la bombe atomique et à proximité du Mémorial national de la paix pour les victimes de la bombe atomique[réf. nécessaire].",Wikipédia (CC BY-SA),,https://commons.wikimedia.org/wiki/Special:FilePath/Nagasaki_%284696131594%29.jpg?width=1280,jimmyweee – CC BY 2.0 (Wikimedia Commons),https://fr.wikipedia.org/wiki/Parc_de_la_Paix_de_Nagasaki
lieu,fc99cd93-2c70-5e2d-b4d2-c2a1f1643f84,Shin-Yakushi-ji,,,Nara,JPN,1,2026,34.66864192000003,135.7845710900001,Monument religieux,"Le Shin-Yakushi-ji est un temple bouddhiste de la secte Kegon situé à Nara au Japon. Il a été fondé en 747 par l'impératrice Kōmyō. À l'origine, c'est un temple grand et complet comme le sont les Shichidō garan.",Wikipédia (CC BY-SA),,https://commons.wikimedia.org/wiki/Special:FilePath/Shin-Yakushiji_2002.JPG?width=1280,Dddeco at Japanese Wikipedia – CC BY-SA 3.0 (Wikimedia Commons),https://fr.wikipedia.org/wiki/Shin-Yakushi-ji
lieu,d528abf7-a4fa-503c-9c74-cfdce7ff0d1a,Médiathèque de Sendai,"2-1 Kasuga-machi, Aoba-ku",,Sendai,JPN,1,2026,38.265520845000026,140.86596747900012,Monument civil et militaire,"La Médiathèque de Sendai est un centre multimédia à Sendai, préfecture de Miyagi au Japon. Elle a été dessinée par l’architecte japonais Toyo Ito en 1995 et achevée en 2001.",Wikipédia (CC BY-SA),,https://commons.wikimedia.org/wiki/Special:FilePath/Sendai_Mediatheque_2009.jpg?width=1280,scarletgreen from Japan – CC BY 2.0 (Wikimedia Commons),https://fr.wikipedia.org/wiki/M%C3%A9diath%C3%A8que_de_Sendai
lieu,5740bba6-9fc5-5756-96a3-97f413787dfd,Monument des enfants pour la paix,,730 8586,Hiroshima,JPN,1,2026,34.394128902000034,132.45278314300003,Site historique et archéologique,"Le monument de la paix des enfants est un monument pour la paix commémorant Sadako Sasaki et les milliers d'enfants victimes du bombardement atomique d'Hiroshima. Il est situé dans le parc du Mémorial de la Paix, lui-même dans la ville d'Hiroshima. Réalisé par les artistes Kazuo Kikuchi et Kiyoshi Ikebe, le monument a été construit en utilisant l'argent provenant d'une campagne de collecte de fonds menée par les écoliers japonais dont les camarades de classe de Sadako, avec la principale statue intitulée l’« enfant Bombe A » qui a été dévoilée le 5 mai 1958 (le jour des enfants au Japon).",Wikipédia (CC BY-SA),,https://thumb.wikimedia.org/wikipedia/commons/thumb/9/9e/The_Children%27s_Peace_Monument_%286155593055%29.jpg/1280px-The_Children%27s_Peace_Monument_%286155593055%29.jpg?utm_source=commons.wikimedia.org&utm_campaign=imageinfo&utm_content=thumbnail,"Maarten Heerlien from Voorschoten, The Netherlands – CC BY 2.0 (Wikimedia Commons)",https://fr.wikipedia.org/wiki/Monument_de_la_paix_des_enfants
lieu,34eb6d51-d873-5973-9eae-f44d56bdfa6d,Chion-in,,604 8571,Kyoto,JPN,1,2026,35.00541065900006,135.78238763500008,Monument religieux,"Le Chion-in dans l'arrondissement de Higashiyama-ku à Kyoto, au Japon, est le siège du Jōdo-shū (secte de la Terre pure) fondé par Hōnen (1133-1212), qui a proclamé que les êtres renaissent dans le Paradis de l'Ouest du bouddha Amida (Terre pure) par la récitation du nianfo (nembutsu), le nom d'Amida Bouddha. Le vaste ensemble du Chion-in comprend le site où Hōnen s'est installé pour diffuser son enseignement et le site où il est mort.",Wikipédia (CC BY-SA),,https://commons.wikimedia.org/wiki/Special:FilePath/Chion-in_%287151259687%29.jpg?width=1280,"BriYYZ from Toronto, Canada – CC BY-SA 2.0 (Wikimedia Commons)",https://fr.wikipedia.org/wiki/Chion-in
lieu,06bdbbbe-19af-59e4-b703-442f4630ef41,Chiiori,,778-0206,Miyoshi,JPN,1,2026,33.88185141200006,133.86376567900004,Monument civil et militaire,"Ferme au toit de chaume de 1720 restaurée par l'écrivain Alex Kerr, perdue dans les montagnes de la vallée de l'Iya.",Reformulation,,https://thumb.wikimedia.org/wikipedia/commons/thumb/9/9a/Chiiori_irori_floor_hearths.jpg/1280px-Chiiori_irori_floor_hearths.jpg?utm_source=commons.wikimedia.org&utm_campaign=imageinfo&utm_content=thumbnail,Alex Kerr – CC BY-SA 4.0 (Wikimedia Commons),
lieu,e5490d49-0d16-5000-b8f5-77e255843a65,Yamate Hachiban-Kan,2-20-7 Kitano-cho,,Kobe,JPN,1,2026,34.703180184000075,135.19102293700007,Monument civil et militaire,"Demeure hybride Tudor-pagode abritant bronzes de Rodin et de Bourdelle, œuvres de Renoir et bouddhas du Gandhara.",Reformulation,,,,
lieu,ca1da264-d275-5460-97ad-20130b1dfa27,Musée du Sable,"2083-17 Yuyama, Fukube-cho",,Tottori,JPN,1,2026,35.539730647000056,134.23850808100008,Musée,"Musée de sculptures de sable monumentales, renouvelées chaque année autour d'un pays, près des dunes de Tottori.",Reformulation,,https://thumb.wikimedia.org/wikipedia/commons/thumb/4/43/Sabl%C3%A9-sur-Sarthe_-_Mus%C3%A9e_%C3%80_l%27Homme_Volant.jpg/1280px-Sabl%C3%A9-sur-Sarthe_-_Mus%C3%A9e_%C3%80_l%27Homme_Volant.jpg?utm_source=commons.wikimedia.org&utm_campaign=imageinfo&utm_content=thumbnail,Own work – CC BY-SA 3.0 (Wikimedia Commons),
lieu,bc06ec61-5e08-52b7-bb63-2ed5e0e79639,Promenade Araki-Nakazato,,,,JPN,1,2026,28.300838853000073,129.91585388600004,Site naturel,"Promenade de 2 km sur la côte ouest de l'île Kikai, au milieu de blocs de corail, surnommée « l'allée du coucher du soleil ».",Reformulation,,,,
lieu,33c30bfc-764d-5df7-9bf5-a3111d67076e,Ie-jima,Port de Motobu,905 0501,Higashieue,JPN,1,2026,26.713234576000048,127.80561043900002,Site naturel,"L'île d'Ie ou Ie-jima (okinawaïen : Ie shima) est une île de l'archipel Okinawa, et donc de l'archipel Ryūkyū, dans la mer de Chine orientale , dans la préfecture d'Okinawa au Japon. L'île mesure 20 kilomètres de circonférence et couvre une superficie de 22,77 kilomètres carrés. En décembre 2012, l'île comptait 4 610 habitants.",Wikipédia (CC BY-SA),,https://commons.wikimedia.org/wiki/Special:FilePath/View_from_gusukuyama.jpg?width=1280,Snap55 at Japanese Wikipedia – CC BY 3.0 (Wikimedia Commons),https://fr.wikipedia.org/wiki/Ie-jima
lieu,27850939-da8a-5f44-b025-380d634c2c1e,Pagode à cinq étages du temple Tosho-gu,,,Nikko,JPN,1,2026,36.75650600000006,139.59919200000002,Monument religieux,"Pagode à cinq étages du Tosho-gu (1818), dont le pilier central suspendu protège des séismes.",Reformulation,,https://thumb.wikimedia.org/wikipedia/commons/thumb/8/8f/Nikko_Tosho-gu_Pagoda.jpg/1280px-Nikko_Tosho-gu_Pagoda.jpg?utm_source=commons.wikimedia.org&utm_campaign=imageinfo&utm_content=thumbnail,Intforce – CC BY-SA 4.0 (Wikimedia Commons),
lieu,03cbfc9b-ad9a-5593-85a6-5630b5f5b67c,Quartier historique Nakacho,Wakado-cho,036 8551,Hirosaki,JPN,1,2026,40.61360700000006,140.46787400000005,Ville et village,"Ancien quartier des serviteurs du seigneur de Hirosaki, dont plusieurs maisons de samouraïs se visitent.",Reformulation,,,,
lieu,7b9b2f4a-6ff8-5e13-a78b-dd7949da7808,Dogo,,,,JPN,1,2026,36.246140000000025,133.2789190000001,Site naturel,"Île principale de l'archipel d'Oki : falaises volcaniques, forêts et traditions comme les combats de taureaux.",Reformulation,,https://upload.wikimedia.org/wikipedia/commons/9/9a/Dogo_argentino_jumping.jpg?utm_source=commons.wikimedia.org&utm_campaign=imageinfo&utm_content=thumbnail_unscaled,Christian Pinatel – CC BY-SA 3.0 (Wikimedia Commons),
lieu,4404488e-e800-59f1-b5ac-6d6b0e8e461a,Porte Omote-mon et première cour du Tosho-gu,,,Nikko,JPN,1,2026,36.75705100000005,139.59937700000012,Monument religieux,Porte d'entrée du Tosho-gu de Nikko gardée par des gardiens bouddhiques et des lions chinois ; entrepôts sacrés sculptés dans la première cour.,Reformulation,,https://thumb.wikimedia.org/wikipedia/commons/thumb/e/e4/D%C3%A9cor_de_la_porte_Yomei-mon_du_sanctuaire_shinto_Toshogu_de_Nikko_%28Japon%29_%2829372020418%29.jpg/1280px-D%C3%A9cor_de_la_porte_Yomei-mon_du_sanctuaire_shinto_Toshogu_de_Nikko_%28Japon%29_%2829372020418%29.jpg?utm_source=commons.wikimedia.org&utm_campaign=imageinfo&utm_content=thumbnail,"Jean-Pierre Dalbéra from Paris, France – CC BY 2.0 (Wikimedia Commons)",
lieu,6758e81b-8cb5-5fa1-817a-b9c5582dccdc,Lac Yunoko,,,Nikko,JPN,1,2026,36.80020740300006,139.42436304600005,Site naturel,"Le lac Yu est un lac du Japon situé à Nikkō sur l'île d'Honshū, dans la préfecture de Tochigi.",Wikipédia (CC BY-SA),,https://commons.wikimedia.org/wiki/Special:FilePath/Lake_Yunoko_and_Mount_Nantai.jpg?width=1280,Nerotaso – CC BY-SA 3.0 (Wikimedia Commons),https://fr.wikipedia.org/wiki/Lac_Yu
lieu,e61b3d85-5553-59b1-ab78-783b6646a9dd,Gorges de Geibikei,,,Hiraizumi,JPN,1,2026,38.94338300000004,141.05058300000007,Site naturel,"Geibikei est un site remarquable du patrimoine culturel du Japon, situé à Ichinoseki dans la préfecture d'Iwate. En 1927, Geibikei a été choisi pour figurer sur la liste des cent paysages du Japon.",Wikipédia (CC BY-SA),,https://commons.wikimedia.org/wiki/Special:FilePath/230729_Geibikei_Ichinoseki_Iwate_pref_Japan23s3.jpg?width=1280,663highland – CC BY-SA 4.0 (Wikimedia Commons),https://fr.wikipedia.org/wiki/Geibikei
lieu,614853c1-1520-5cb7-bb78-0398555ab81c,National Museum of Western Art,Ueno-koen,,Tokyo,JPN,1,2026,35.67943660000003,139.80677070000002,Musée,"Musée signé Le Corbusier, classé à l'Unesco, abritant la collection Matsukata : Rodin, Monet, Renoir et maîtres anciens.",Reformulation,,https://thumb.wikimedia.org/wikipedia/commons/thumb/0/05/2018_National_Museum_of_Western_Art%2C_Tokyo.jpg/1280px-2018_National_Museum_of_Western_Art%2C_Tokyo.jpg?utm_source=commons.wikimedia.org&utm_campaign=imageinfo&utm_content=thumbnail,Kakidai – CC BY-SA 4.0 (Wikimedia Commons),
lieu,e8d496c7-6c0c-57c5-b0be-a5f0a5527c2a,Monjusen-ji,,,Kunisaki,JPN,1,2026,33.602462735000074,131.61397048800006,Monument religieux,"Temple fondé en 648 et accroché aux falaises de la péninsule de Kunisaki, atteint par 300 marches.",Reformulation,,,,
lieu,5397e070-0ef6-5dc8-b092-2a57a252f513,Rue historique Nioza,,,Usuki,JPN,1,2026,33.118303000000026,131.7979650000001,Monument civil et militaire,"Ruelle piétonne d'Usuki qui semble sortie de l'époque d'Edo, avec ses pavés anciens et ses murs de pierre.",Reformulation,,https://thumb.wikimedia.org/wikipedia/commons/thumb/9/94/Nioza%2C_facing_zenbouji_temple_-_panoramio.jpg/1280px-Nioza%2C_facing_zenbouji_temple_-_panoramio.jpg?utm_source=commons.wikimedia.org&utm_campaign=imageinfo&utm_content=thumbnail,panacheart – CC BY 3.0 (Wikimedia Commons),
lieu,f2bb05a3-fb61-58ff-83a9-42cb258578af,Gorges d'Oboke,,,Oboke,JPN,1,2026,33.901716312000076,133.75511516400002,Site naturel,"Gorges spectaculaires de la rivière Yoshino entre falaises de calcaire et de schiste, à découvrir en bateau.",Reformulation,,https://thumb.wikimedia.org/wikipedia/commons/thumb/3/31/Oboke-Koboke_gorges_%286894561526%29.jpg/1280px-Oboke-Koboke_gorges_%286894561526%29.jpg?utm_source=commons.wikimedia.org&utm_campaign=imageinfo&utm_content=thumbnail,KimonBerlin – CC BY-SA 2.0 (Wikimedia Commons),
lieu,a1c498f6-a132-5783-997d-8b91140c8f19,Lac Towada,,,Kosaka,JPN,1,2026,40.46993865400003,140.8851513720001,Site naturel,"Le lac Towada est un lac du Nord du Japon, situé sur l'île de Honshū, à la frontière entre les préfectures d'Aomori et d'Akita. Cette étendue d'eau, d'une superficie d'environ 61,53 km2, constitue la source du fleuve Oirase. Elle est apparue il y a 55 000 ans, au cours d'une période d'activité volcanique du volcan Towada.",Wikipédia (CC BY-SA),,https://commons.wikimedia.org/wiki/Special:FilePath/Lake_Towada_from_Ohanabe_2008.jpg?width=1280,Soica2001 (talk) – Public domain (Wikimedia Commons),https://fr.wikipedia.org/wiki/Lac_Towada
lieu,1bafa80f-2ba9-5568-91f5-b406bdacdf56,Château de Matsue,,,Matsue,JPN,1,2026,35.47489978700003,133.05079035400001,Monument civil et militaire,"Le château de Matsue est un château japonais qui se trouve dans la ville de Matsue, préfecture de Shimane. Symbole de la cité lacustre, il est aussi l’unique château du San'in, la partie nord de la région du Chûgoku. Il fut construit par Horio Yoshiharu en l’espace de cinq ans et achevé en 1611.",Wikipédia (CC BY-SA),,https://commons.wikimedia.org/wiki/Special:FilePath/080720_Matsue_Castle_Matsue_Shimane_pref_Japan01s.jpg?width=1280,663highland – CC BY 2.5 (Wikimedia Commons),https://fr.wikipedia.org/wiki/Ch%C3%A2teau_de_Matsue
lieu,a2815ab8-c256-5219-94d5-2808506ad091,Jardin-musée Isamu Noguchi,3519 Mure - Mure-cho,760-8571,Takamatsu,JPN,1,2026,34.355366152000045,134.1263396180001,Musée,"Atelier et jardin du sculpteur Isamu Noguchi (1904-1988), où ses œuvres sont présentées dans leur cadre de création (sur réservation).",Reformulation,,https://thumb.wikimedia.org/wikipedia/commons/thumb/c/ca/%E3%82%A4%E3%82%B5%E3%83%A0%E3%83%8E%E3%82%B0%E3%83%81%E5%BA%AD%E5%9C%92%E5%A4%96%E8%A6%B3.jpg/1280px-%E3%82%A4%E3%82%B5%E3%83%A0%E3%83%8E%E3%82%B0%E3%83%81%E5%BA%AD%E5%9C%92%E5%A4%96%E8%A6%B3.jpg?utm_source=commons.wikimedia.org&utm_campaign=imageinfo&utm_content=thumbnail,osami – Public domain (Wikimedia Commons),
lieu,a3601d66-0f42-5d89-a36c-43a1f3674dc8,Rizières en terrasses d'Hamanoura,Hamanoura,,Genkai,JPN,1,2026,33.49206600000008,129.84770400000002,Site naturel,"Rizières en terrasses dévalant vers la mer, célèbres pour leurs couchers de soleil au printemps.",Reformulation,,,,
lieu,ee468e6b-5364-5700-808e-cf47e9c172e5,Villa de l'ambassade de l'Italie,,,Nikko,JPN,1,2026,36.72506120000003,139.48541259,Monument civil et militaire,"Ancienne résidence d'été de l'ambassade d'Italie (1928) au bord du lac Chuzenji, entièrement revêtue d'écorce de cèdre.",Reformulation,,https://thumb.wikimedia.org/wikipedia/commons/thumb/8/8f/170825_Italian_Embassy_Villa_Memorial_Park01s5.jpg/1280px-170825_Italian_Embassy_Villa_Memorial_Park01s5.jpg?utm_source=commons.wikimedia.org&utm_campaign=imageinfo&utm_content=thumbnail,663highland – CC BY-SA 4.0 (Wikimedia Commons),
lieu,4e1ee316-d371-5eab-b0bd-66d9157196ab,Shikoku-mura,,760-8571,Takamatsu,JPN,1,2026,34.344247077000034,134.10891588200002,Musée,"Le Shikoku mura est un parc architectural de plein air situé à Takamatsu, préfecture de Kagawa au Japon. Il abrite plus de vingt bâtiments de la région de Shikoku datant de l'époque d'Edo jusqu'à l'ère Taishō, dont quatre sont désignés biens culturels importants. Le parc, ouvert en 1976, couvre une superficie d'environ 50 000 m2.",Wikipédia (CC BY-SA),,https://commons.wikimedia.org/wiki/Special:FilePath/Shikokumura06s3200.jpg?width=1280,663highland – CC BY 2.5 (Wikimedia Commons),https://fr.wikipedia.org/wiki/Shikoku_mura
lieu,b35a4287-1d05-565b-b56b-7c40f21394a6,Hokkaido Museum of Modern Art,,,Sapporo,JPN,1,2026,43.060251470000026,141.33038194000005,Musée,"Musée d'art moderne de Hokkaidō : artistes locaux depuis l'ère Meiji, art japonais moderne et verrerie.",Reformulation,,https://commons.wikimedia.org/wiki/Special:FilePath/%E5%8C%97%E6%B5%B7%E9%81%93%E7%AB%8B%E8%BF%91%E4%BB%A3%E7%BE%8E%E8%A1%93%E9%A4%A8.JPG?width=1280,K. Takeda at Japanese Wikipedia – CC BY-SA 3.0 (Wikimedia Commons),https://en.wikipedia.org/wiki/Hokkaido_Museum_of_Modern_Art
lieu,165d529e-262f-5981-b972-99b41a7f4357,Gorges de Dakigaeri,Sotsuda,,Tazawako,JPN,1,2026,39.62391719100003,140.68277103700007,Site naturel,"Sentier le long de gorges étroites et d'une forêt primitive jusqu'à la cascade Mikaeri, haute de 30 m.",Reformulation,,,,
lieu,46f318c0-2a2f-5dc1-a66b-aca7351c07cb,Marché d'Ameya Yokocho,,,Tokyo,JPN,1,2026,35.71140490000005,139.77461760000006,Monument civil et militaire,"Ameya-Yokochō est une shōtengai situé à Taito-ku, à Tokyo. Aussi appelé Ameyoko. C'est également l’une des destinations touristiques de Tokyo.",Wikipédia (CC BY-SA),,https://commons.wikimedia.org/wiki/Special:FilePath/Ameya-yokocho01s5s3200.jpg?width=1280,663highland – CC BY 2.5 (Wikimedia Commons),https://fr.wikipedia.org/wiki/Ameya-Yokoch%C5%8D
lieu,99401d44-b9c0-5a1a-aee2-40f4c81c023b,Théâtre Kanamaru-za,,940-0038,Kotohira,JPN,1,2026,34.184755076000044,133.81812122300005,Monument civil et militaire,"Plus ancien théâtre de kabuki du Japon (1835), dont on visite la salle, les coulisses et la machinerie en bois.",Reformulation,,https://thumb.wikimedia.org/wikipedia/commons/thumb/7/7a/Kotohira_Kabuki_Theatre_%2831256101307%29.jpg/1280px-Kotohira_Kabuki_Theatre_%2831256101307%29.jpg?utm_source=commons.wikimedia.org&utm_campaign=imageinfo&utm_content=thumbnail,Dunphasizer from United Kingdom – CC BY-SA 2.0 (Wikimedia Commons),
lieu,76026cac-6f62-5897-affe-d0a90a5c4618,Tosho-gu Museum of Art,,,Nikko,JPN,1,2026,36.75715555100004,139.6000111500001,Musée,Ancien bâtiment administratif du Tosho-gu (1928) décoré par de grands artistes comme Yokoyama Taikan.,Reformulation,,https://thumb.wikimedia.org/wikipedia/commons/thumb/d/d3/Kyozo_Library%2C_T%C5%8Dsh%C5%8D-g%C5%AB_%2833798798595%29.jpg/1280px-Kyozo_Library%2C_T%C5%8Dsh%C5%8D-g%C5%AB_%2833798798595%29.jpg?utm_source=commons.wikimedia.org&utm_campaign=imageinfo&utm_content=thumbnail,DavideGorla – CC BY 2.0 (Wikimedia Commons),
lieu,b91e7a49-d96c-5192-933f-ff0cb584c446,Croisière sur le lac Chuzenji,,,Nikko,JPN,1,2026,36.73956712000006,139.4930481120001,Site naturel,"Croisière sur le lac Chuzenji, ancienne villégiature des diplomates occidentaux, face au mont Nantai.",Reformulation,,https://thumb.wikimedia.org/wikipedia/commons/thumb/e/e6/A_view_of_Lake_Chuzenji_in_Nikko_National_Park%2C_Japan.jpg/1280px-A_view_of_Lake_Chuzenji_in_Nikko_National_Park%2C_Japan.jpg?utm_source=commons.wikimedia.org&utm_campaign=imageinfo&utm_content=thumbnail,Joli Rumi – CC BY-SA 4.0 (Wikimedia Commons),
lieu,0e35b9ea-f50a-5717-8438-f05791acdabc,Hofuku-ji,Mai Mai-dori,,Shimoda,JPN,1,2026,34.67630442600006,138.9428004890001,Monument religieux,"Temple de Shimoda dédié au souvenir d'Okichi, geisha au destin tragique liée au consul américain Townsend Harris.",Reformulation,,,,
lieu,a5dffe35-03b4-5e26-b750-83153a970ae3,Palais impérial de Tokyo,,,Tokyo,JPN,1,2026,35.68117140000004,139.7584839000001,Monument civil et militaire,"Le Kōkyo ou palais impérial de Tokyo est un complexe palatial abritant notamment la résidence principale de l'empereur du Japon, un palais de fonction et de ses services (dont l'Agence impériale). Il est situé dans l'arrondissement spécial de Chiyoda, à l'adresse officielle du « 1-1, Chiyoda, Chiyoda-ku, Tōkyō-to » et couvre une superficie de 3,41 km2.",Wikipédia (CC BY-SA),,https://commons.wikimedia.org/wiki/Special:FilePath/Kokyo0057.jpg?width=1280,Fg2 – Public domain (Wikimedia Commons),https://fr.wikipedia.org/wiki/Palais_imp%C3%A9rial_de_Tokyo
lieu,2104e788-3f78-5d88-894f-ba8860510af8,Baie de Tokyo,,,Tokyo,JPN,1,2026,35.554954000000066,139.93882200000007,Site naturel,"Îles artificielles de la baie de Tokyo, entre loisirs à Odaiba et nouveau marché aux poissons de Toyosu.",Reformulation,,https://thumb.wikimedia.org/wikipedia/commons/thumb/7/78/Baie_de_Tokyo_vue_par_Sentinel_2.jpg/1280px-Baie_de_Tokyo_vue_par_Sentinel_2.jpg?utm_source=commons.wikimedia.org&utm_campaign=imageinfo&utm_content=thumbnail,European Space Agency / CNES – Attribution (Wikimedia Commons),
lieu,1d8acbcc-0504-52d5-8e0d-abb17fc1260d,Sakata Museum of Art,"3-17-95, Iimoriyama",,Sakata,JPN,1,2026,38.893298197000036,139.81526326300002,Musée,Musée d'art sur une colline avec vue sur le mont Chōkai et la rivière Mogami.,Reformulation,,https://commons.wikimedia.org/wiki/Special:FilePath/Sakata-city_Art.JPG?width=1280,ToshiJapon – CC BY-SA 4.0 (Wikimedia Commons),https://en.wikipedia.org/wiki/Sakata_City_Museum_of_Art
lieu,54af4e2a-aeec-5f3e-a688-fdf50bb90b76,Shukkei-en,Kaminobori-cho,730 8586,Hiroshima,JPN,1,2026,34.39973203400007,132.46747187900007,Parc ou jardin,Shukkei-en est un jardin japonais historique situé dans la ville de Hiroshima au Japon. Le musée préfectoral d'art de Hiroshima se trouve près du jardin.,Wikipédia (CC BY-SA),,https://commons.wikimedia.org/wiki/Special:FilePath/Hiroshima_Shukkei-en_Pond.jpg?width=1280,No machine-readable author provided. Fg2 assumed (based on copyright claims). – Public domain (Wikimedia Commons),https://fr.wikipedia.org/wiki/Shukkei-en
lieu,eee5e133-f500-59ab-bd09-7f8cecfd8663,Plage de Katsurahama,,,Kochi,JPN,1,2026,33.49715504100004,133.57491151500005,Site naturel,"Longue plage bordée de pins près de Kochi, avec la statue de Sakamoto Ryoma, héros local de la restauration Meiji.",Reformulation,,https://thumb.wikimedia.org/wikipedia/commons/thumb/b/b9/Katsurahama_Aquarium_01.jpg/1280px-Katsurahama_Aquarium_01.jpg?utm_source=commons.wikimedia.org&utm_campaign=imageinfo&utm_content=thumbnail,Mugu-shisai – CC BY-SA 3.0 (Wikimedia Commons),
lieu,dfdf04a2-00ab-53d8-9c1e-6b91d2859218,Himeji City Museum of Art,,670 8501,Himeji,JPN,1,2026,34.840036000000055,134.69782600000008,Musée,"Musée installé dans une caserne en brique de 1905, avec des toiles de Corot, Courbet, Monet, Matisse et Picasso.",Reformulation,,https://thumb.wikimedia.org/wikipedia/commons/thumb/8/81/Himeji_City_Museum_of_Art10bs4592.jpg/1280px-Himeji_City_Museum_of_Art10bs4592.jpg?utm_source=commons.wikimedia.org&utm_campaign=imageinfo&utm_content=thumbnail,663highland – CC BY 2.5 (Wikimedia Commons),
lieu,3405f064-e3d1-593f-8cf1-5e2e1c496db2,Chichu Art Museum,,761-3110,Naoshima,JPN,1,2026,34.448296568000046,133.98471996600006,Musée,"Le musée d'art de Chichū (littéralement « musée d'art dans la Terre ») est un musée construit au sud de l'île de Naoshima dans la préfecture de Kagawa au Japon. Conçu par l'architecte japonais Tadao Andō, il ouvre ses portes au public le 18 juillet 2004.",Wikipédia (CC BY-SA),,https://commons.wikimedia.org/wiki/Special:FilePath/150505_Chichu_Art_Museum_Naoshima_Island_Kagawa_pref_Japan01s3.jpg?width=1280,663highland – CC BY 2.5 (Wikimedia Commons),https://fr.wikipedia.org/wiki/Mus%C3%A9e_d%27Art_de_Chich%C5%AB
lieu,7727b77c-43ca-5881-8b6c-bde562668b0b,Rivière Shimanto,,787-8501,Shimanto,JPN,1,2026,32.989562497000065,132.92695354600005,Site naturel,"Dernière grande rivière sauvage du Japon (196 km), célèbre pour ses ponts submersibles sans parapet.",Reformulation,,https://upload.wikimedia.org/wikipedia/commons/1/18/Shimanto_River_-_panoramio.jpg?utm_source=commons.wikimedia.org&utm_campaign=imageinfo&utm_content=thumbnail_unscaled,abu_9495 – CC BY 3.0 (Wikimedia Commons),
lieu,3b81e57c-8741-5702-82cd-e86532a5e620,Ueno-Koen,,,Tokyo,JPN,1,2026,35.71542000000005,139.77398800000003,Parc ou jardin,"Le parc d'Ueno est un grand parc public situé dans le quartier d'Ueno (arrondissement Taitō), au nord-est du centre de Tokyo, au Japon.",Wikipédia (CC BY-SA),,https://commons.wikimedia.org/wiki/Special:FilePath/Ueno_park.jpg?width=1280,Bernard Gagnon – CC BY-SA 3.0 (Wikimedia Commons),https://fr.wikipedia.org/wiki/Parc_d%27Ueno
lieu,c8c39ee3-1294-55c4-a0f7-3110f3b07b50,Konpon-ji,,,Mano,JPN,1,2026,38.01133867600004,138.4139158370001,Monument religieux,"Temple de l'école de Nichiren sur l'île de Sado, aux bâtiments coiffés de toits de chaume autour d'un jardin.",Reformulation,,https://thumb.wikimedia.org/wikipedia/commons/thumb/7/71/Yamagata_Risshaku-ji_Konpon_Chudo_Main_Hall_1.jpg/1280px-Yamagata_Risshaku-ji_Konpon_Chudo_Main_Hall_1.jpg?utm_source=commons.wikimedia.org&utm_campaign=imageinfo&utm_content=thumbnail,Zairon – CC BY-SA 4.0 (Wikimedia Commons),
lieu,2f69d2af-dcb5-5f80-b899-27841d4d4e4b,Tsurugaoka Hachiman-gu,,248 0034,Kamakura,JPN,1,2026,35.32610367700005,139.55641641900002,Monument religieux,Tsurugaoka Hachiman-gū est le sanctuaire shinto le plus important de Kamakura au Japon.,Wikipédia (CC BY-SA),,https://commons.wikimedia.org/wiki/Special:FilePath/Tsurugaoka_Hachimangu_001.jpg?width=1280,Ocdp – CC0 (Wikimedia Commons),https://fr.wikipedia.org/wiki/Tsurugaoka_Hachiman-g%C5%AB
lieu,8338c3c8-dad5-5339-b510-d1cb67b3f449,Château d'Uwajima,,798-0060,Uwajima,JPN,1,2026,33.21949977500003,132.56512862500006,Monument civil et militaire,"Le château d'Uwajima est un hirayamashiro (château en hauteur) situé à Uwajima, préfecture d'Ehime au Japon, aussi connu sous le nom de « Tsurushima-jo ». Ce château est bien connu comme étant l'un des douze châteaux japonais à toujours posséder son donjon original construit à la période Edo.",Wikipédia (CC BY-SA),,https://commons.wikimedia.org/wiki/Special:FilePath/Uwajima-jo.JPG?width=1280,Original uploader was Vickerman625 at en.wikipedia – Public domain (Wikimedia Commons),https://fr.wikipedia.org/wiki/Ch%C3%A2teau_d%27Uwajima
lieu,45d9a18b-8387-5656-bf26-359c17bdb8fb,Le « Pin du miracle » (The Miracle Pine Tree),,029-2204,Rikuzentakata,JPN,1,2026,39.005156096000064,141.63060260700001,Site naturel,"Le Pin des miracles, Pin de l'espoir ou Pin miraculé, est un arbre remarquable de la ville de Rikuzentakata, dans la préfecture d'Iwate, au Japon.",Wikipédia (CC BY-SA),,https://commons.wikimedia.org/wiki/Special:FilePath/Collapsed_Rikuzentakata_Youth_Hostel_and_a_Pine_Tree_of_Hope.jpg?width=1280,Jacob Ehnmark – CC BY 2.0 (Wikimedia Commons),https://fr.wikipedia.org/wiki/Pin_des_miracles
lieu,0736bbba-501e-5a68-b012-b462b99ac6f2,Vallée de l'Iya,,,Oboke,JPN,1,2026,33.87542919500004,133.7668969030001,Site naturel,"Vallée encaissée au cœur de Shikoku, entre gorges, torrents et ponts de lianes, idéale pour les activités de plein air.",Reformulation,,https://thumb.wikimedia.org/wikipedia/commons/thumb/f/ff/Iya_Kazurabashi_in_snow_%281%29_Dec_17%2C_2009.jpg/1280px-Iya_Kazurabashi_in_snow_%281%29_Dec_17%2C_2009.jpg?utm_source=commons.wikimedia.org&utm_campaign=imageinfo&utm_content=thumbnail,Travis Rigel Lukas Hornung – CC BY 2.0 (Wikimedia Commons),
lieu,d9a3085a-76f7-50a0-a2d9-9c01ff889079,Myoshin-ji,,604 8571,Kyoto,JPN,1,2026,35.023146309000026,135.72020042200006,Monument religieux,Le Myōshin-ji est un temple situé à Kyōto au Japon. L'école Myōshin-ji du bouddhisme zen Rinzai est la plus grande école de Rinzai. Cette école dispose de plus de 3 000 temples à travers tout le Japon ainsi que de dix-neuf monastères.,Wikipédia (CC BY-SA),,https://commons.wikimedia.org/wiki/Special:FilePath/Myoshinji-temple.jpg?width=1280,Tomomarusan – CC BY 2.5 (Wikimedia Commons),https://fr.wikipedia.org/wiki/My%C5%8Dshin-ji
lieu,dc2656b8-4370-512c-b5b6-492417fab72f,Four de Nakazato Taroemon,3 Chome-6-29 Choda,,Karatsu,JPN,1,2026,33.44400200000007,129.9700120000001,Site industriel,"Four à trois chambres de la famille de potiers Nakazato, active depuis 14 générations, symbole de la céramique de Karatsu.",Reformulation,,,,
lieu,0af4c65b-7373-5493-a730-0663065d78fa,Château de Hizen Nagoya,Chinzeimachi Nagoya,,Karatsu,JPN,1,2026,33.53036800000007,129.86930300000006,Monument civil et militaire,"Le château de Nagoya était un château japonais de la province de Hizen à Kyūshū, aujourd'hui situé dans la ville de Karatsu dans la préfecture de Saga. Il est parfois appelé château de Hizen-Nagoya pour le distinguer du château de la ville de Nagoya. Il n'en reste que quelques vestiges.",Wikipédia (CC BY-SA),,https://commons.wikimedia.org/wiki/Special:FilePath/%E5%90%8D%E8%AD%B7%E5%B1%8B%E5%9F%8E%E9%A6%AC%E5%A0%B4%E8%B7%A1_-_panoramio.jpg?width=1280,sk01 – CC BY-SA 3.0 (Wikimedia Commons),https://fr.wikipedia.org/wiki/Ch%C3%A2teau_de_Nagoya_(Saga)
lieu,781e28d6-57af-5750-ba2d-24df76722891,Rue Mizuki Shigeru,,,Sakaiminato,JPN,1,2026,35.54505014000006,133.2238060400001,Monument civil et militaire,"Rue bordée de plus de 150 statues des yokai du mangaka Shigeru Mizuki, natif de Sakaiminato.",Reformulation,,https://upload.wikimedia.org/wikipedia/commons/a/a1/The_Statue_in_Mizuki_Shigeru_Road_-_panoramio.jpg?utm_source=commons.wikimedia.org&utm_campaign=imageinfo&utm_content=thumbnail_unscaled,MAKIKO OMOKAWA – CC BY-SA 3.0 (Wikimedia Commons),
lieu,7a77ef54-3fa7-5a71-914d-e2b0ab8632b8,Plages Tomai et Terasaki,,,,JPN,1,2026,27.06500546500007,128.44053392800004,Site naturel,"Deux petites criques de sable blanc sur l'île Yoron, lieu sacré et préservé.",Reformulation,,,,
lieu,955ea46f-9a0b-5392-880e-3f86aac50b93,Temple Tenjo-ji,,,Kobe,JPN,1,2026,34.73912850900007,135.2047787240001,Monument religieux,"Le Tenjō-ji est un temple bouddhiste situé à Kōbe au Japon. Le Tenjō-ji aurait été fondé en 646 par un grand prêtre Hodo, à la demande de l'empereur Kōtoku. Au VIIIe siècle, un autre grand prêtre Hodo rapporte de Chine une statue de Māyā, la mère de Bouddha et consacre le temple à son culte.",Wikipédia (CC BY-SA),,https://commons.wikimedia.org/wiki/Special:FilePath/Tori-Tenjyoji01s1920.jpg?width=1280,663highland – CC BY 2.5 (Wikimedia Commons),https://fr.wikipedia.org/wiki/Tenj%C5%8D-ji
lieu,99b2edd8-9b24-5f56-b600-41d343b87ac1,Baie d'Ago,,,Kashikojima,JPN,1,2026,34.29160408900003,136.80472892000012,Site naturel,"La baie d'Ago est une baie du Japon se situant près de la ville de Shima, préfecture de Mie. C'est dans cette baie que la culture des perles fut mise au point par Mikimoto Kōkichi.",Wikipédia (CC BY-SA),,https://commons.wikimedia.org/wiki/Special:FilePath/Ago_Bay_Sunset.jpg?width=1280,Miketukunibito – CC BY-SA 3.0 (Wikimedia Commons),https://fr.wikipedia.org/wiki/Baie_d%27Ago
lieu,05306d17-ba52-503e-9aef-91b891bee74b,Grotte marine Fucha,,,,JPN,1,2026,27.437608864000026,128.687145148,Site naturel,Grotte marine de l'île Okinoerabu d'où la houle fait jaillir un geyser d'embruns.,Reformulation,,,,
lieu,33a2fd23-be2c-55c9-8b47-88ad0b7cd383,Château de Kumamoto,,860 8601,Kumamoto,JPN,1,2026,32.80617126800007,130.70584984900006,Monument civil et militaire,Le château de Kumamoto est un château en hauteur situé à Kumamoto dans la préfecture du même nom au Japon. C'était un grand château extrêmement bien fortifié. Le tenshu (donjon) a été partiellement rénové en 1960 mais les plus anciennes poutres de bois ont été laissées sur place.,Wikipédia (CC BY-SA),,https://commons.wikimedia.org/wiki/Special:FilePath/Kumamoto_Castle_05n3200.jpg?width=1280,663highland – CC BY 2.5 (Wikimedia Commons),https://fr.wikipedia.org/wiki/Ch%C3%A2teau_de_Kumamoto
lieu,6ecd3db1-c290-56a3-b3f7-85d7d6aaeaf4,Observatoire du mont Kagami,,,Karatsu,JPN,1,2026,33.42960000000005,130.02402800000004,Site naturel,"Mont de 284 m couvert d'azalées et de cerisiers, avec un panorama sur la baie de Karatsu.",Reformulation,,,,
lieu,497f5ef2-db57-58fa-8fd5-93beafd4a3cc,Hall d'exposition Yatsuo Hikiyama,"2898-1 Kamishin-machi, Yatsuo-machi",,Toyama City,JPN,1,2026,36.577353025000036,137.1297184340001,Musée,"Hall présentant trois des chars richement sculptés et laqués du festival de Yatsuo, vieux de 300 ans.",Reformulation,,,,
lieu,37854703-09a0-584d-a1be-9cc67c6ac7df,Honpukuji et Water Temple,,,Murotsu,JPN,1,2026,34.44817010400004,134.83642354300002,Monument religieux,Temple de Tadao Ando dont le toit est un bassin de lotus : on descend au cœur de l'étang vers une salle rouge vermillon.,Reformulation,,,,
lieu,359a9459-7717-505f-9d35-e120ddcb1ad3,Onta-yaki no Sato,,,Onta-yaki,JPN,1,2026,33.42794745500004,130.91121102400007,Site industriel,"Village de potiers où l'on perpétue depuis 300 ans une céramique entièrement faite à la main, l'argile étant broyée par des pilons hydrauliques.",Reformulation,,,,
lieu,2113553c-92ba-5336-a721-6cc87f9177b8,Chikurin-ji,,781-8125,Kochi,JPN,1,2026,33.546484175000046,133.57702565800003,Monument religieux,"Le Chikurin-ji est un temple bouddhiste de la secte Shingon situé à Kōchi, préfecture de Kōchi au Japon. C'est le 31e des 88 temples sur la route du pèlerinage de Shikoku. On y accède, depuis le temple 30 Zenraku-ji, après une marche d'environ 6 km en ville.",Wikipédia (CC BY-SA),,https://commons.wikimedia.org/wiki/Special:FilePath/Chikurinji_Kochi14s3872.jpg?width=1280,663highland – CC BY 2.5 (Wikimedia Commons),https://fr.wikipedia.org/wiki/Chikurin-ji_(K%C5%8Dchi)
lieu,68832156-4bf1-5924-917d-93a402a64e57,Historical Village of Hokkaido,Nopporo Forest Park,,Sapporo,JPN,1,2026,43.04825601700003,141.4970863960001,Musée,"Le village historique de Hokkaidō est un musée architectural en plein air situé dans l'arrondissement d'Atsubetsu à Sapporo, sur l'île de Hokkaidō au Japon. Il comprend une cinquantaine de bâtiments historiques datant de la période de développement de Hokkaidō, déplacés ou reconstitués.",Wikipédia (CC BY-SA),,https://commons.wikimedia.org/wiki/Special:FilePath/KaitakushiSapporoHonchosha1873-restoration.jpg?width=1280,No machine-readable author provided. Kinori assumed (based on copyright claims). – Public domain (Wikimedia Commons),https://fr.wikipedia.org/wiki/Village_historique_de_Hokkaid%C5%8D
lieu,e8089ba7-32f9-5a41-b76b-78c200902d74,Beppu Onsen Hoyo Land,,,Beppu,JPN,1,2026,33.31547733300005,131.45822137800008,Monument civil et militaire,Complexe thermal aux allures décrépites mais réputé pour ses bains de boue en plein air.,Reformulation,,,,
lieu,bc52e7e1-77ee-5081-b290-7b53045aa6cd,Cap Inutabu,,,,JPN,1,2026,27.723821969000028,128.88193336200004,Site naturel,Cap sauvage de l'île Tokunoshima dont les falaises de 50 m dominent la mer de Chine orientale.,Reformulation,,,,
lieu,83fa77f2-18ba-52e1-9d41-ac8e68371cc4,Mont Mitoku,,,Misasa,JPN,1,2026,35.38684733200006,133.96343091200004,Site naturel,"Le mont Mitoku est une montagne située à Misasa dans la préfecture de Tottori au Japon. Culminant à une altitude de 900 m, le mont Mitoku est connu depuis l'Antiquité comme un lieu de signification à la fois religieuse et de beauté pittoresque. La montagne abrite le Sanbutsu-ji, un temple historiquement significatif désigné important trésor du Japon en 1952.",Wikipédia (CC BY-SA),,https://commons.wikimedia.org/wiki/Special:FilePath/Japan_Tottori_MitokuSan_Nageiredo_DSC01248.jpg?width=1280,Copyright © 2003 David Monniaux – CC BY-SA 3.0 (Wikimedia Commons),https://fr.wikipedia.org/wiki/Mont_Mitoku
lieu,37f8c0d0-f9c3-584d-b462-b05dcadeb109,Engyo-ji,,,Himeji,JPN,1,2026,34.89088600000008,134.65793900000006,Monument religieux,"Le Shoshazan Engyō-ji est un temple bouddhiste de la secte Tendai situé à Himeji, dans la préfecture de Hyōgo au Japon. Il a été fondé en 966 par Shoku Shonin. L'ensemble des bâtiments se trouve au sommet du mont Shosha (ja), accessible par le téléporté du mont Shosha (en).",Wikipédia (CC BY-SA),,https://commons.wikimedia.org/wiki/Special:FilePath/Engyoji05s4592.jpg?width=1280,663highland – CC BY 2.5 (Wikimedia Commons),https://fr.wikipedia.org/wiki/Engy%C5%8D-ji
lieu,20d14d16-504b-57e8-b7c5-444d9296c34d,Johana Hikiyama Kaikan,579-3 Johana,,Nanto,JPN,1,2026,36.51452551400007,136.90235408600006,Musée,"Hall des chars dorés et sculptés du festival de Johana (5 mai), inscrit au patrimoine immatériel de l'Unesco.",Reformulation,,https://thumb.wikimedia.org/wikipedia/commons/thumb/6/69/Johana_hikiyama_kaikan.jpg/1280px-Johana_hikiyama_kaikan.jpg?utm_source=commons.wikimedia.org&utm_campaign=imageinfo&utm_content=thumbnail,tsuda – CC BY-SA 2.0 (Wikimedia Commons),
lieu,85f06380-cd94-557a-9868-d5cf8b330ee2,Four de Kakiemon,352 Nanzan,,Arita,JPN,1,2026,33.18099840000008,129.8673589000001,Site industriel,"Le site du four Kakiemon est un ancien four, situé à Minamiyama dans la ville d'Arita au Japon, qui se trouve derrière le four Kakiemon actuel, sur le versant occidental des collines de Toshikiyama, à une altitude d'environ 85 mètres.",Wikipédia (CC BY-SA),,https://commons.wikimedia.org/wiki/Special:FilePath/Kakiemon_01.jpg?width=1280,STA3816 – CC BY-SA 3.0 (Wikimedia Commons),https://fr.wikipedia.org/wiki/Site_du_four_Kakiemon
lieu,5d62ab94-5d0b-5cdb-94cf-ad1531a82892,Jardin botanique Makino,,719-1174,Kochi,JPN,1,2026,33.54751676200004,133.5792467970001,Parc ou jardin,"Le jardin botanique Makino, aussi connu sous le nom jardin botanique préfectoral Makino de Kōchi, est un jardin botanique situé à Godaisan 4200-6, Kōchi, préfecture de Kōchi au Japon. Ouvert au public tous les jours sauf le lundi, l'entrée est payante.",Wikipédia (CC BY-SA),,https://commons.wikimedia.org/wiki/Special:FilePath/200104_Kochi_Prefectural_Makino_Botanical_Garden01s5.jpg?width=1280,663highland – CC BY-SA 4.0 (Wikimedia Commons),https://fr.wikipedia.org/wiki/Jardin_botanique_Makino
lieu,2b070b31-91ab-5764-abb4-d1a7579b0d22,Kamigamo-jinja,,604 8571,Kyoto,JPN,1,2026,35.05936347200003,135.75257881400012,Monument religieux,"Le Kamigamo-jinja est un important sanctuaire shinto fondé en 678 et situé sur les rives de la Kamo-gawa au nord de Kyoto. Son nom formel est « sanctuaire Kamo-wakeikazuchi ». C'est l'un des plus anciens sanctuaires shinto du Japon et un des dix-sept monuments historiques de l'ancienne Kyoto qui ont été inclus dans les listes du patrimoine mondial par l'UNESCO. En japonais, le terme « Kamo-jinja » est une référence générale à Kamo-jinja et Kamigamo-jinja, les sanctuaires Kamo traditionnellement liés de Kyoto.",Wikipédia (CC BY-SA),,https://commons.wikimedia.org/wiki/Special:FilePath/Kamo-wakeikazuchi-jinja24n3200.jpg?width=1280,663highland – CC BY 2.5 (Wikimedia Commons),https://fr.wikipedia.org/wiki/Kamigamo-jinja
lieu,26fa8615-6c32-539b-9932-f0329e728c5d,Lac Tazawa,,,Tazawa-kohan,JPN,1,2026,39.725366834000056,140.66281645100003,Site naturel,"Le lac Tazawa est un lac de caldeira situé à Semboku, dans la préfecture d'Akita dans le nord du Japon. Avec une profondeur de 423 mètres il est le lac le plus profond du Japon. Cette profondeur implique que le lac ne gèle jamais.",Wikipédia (CC BY-SA),,https://commons.wikimedia.org/wiki/Special:FilePath/Lake_Tazawa_and_Kansa-g%C5%AB_20210213.jpg?width=1280,(Tea-making tea) 掬茶 – CC BY-SA 4.0 (Wikimedia Commons),https://fr.wikipedia.org/wiki/Lac_Tazawa
lieu,2e268a61-60d4-51e9-8f37-f210c667aa58,Ponto-cho,Pontocho-dori,604 8571,Kyoto,JPN,1,2026,35.005070094000075,135.7711065410001,Ville et village,Ponto-chō est un quartier de la ville de Kyōto au Japon qui est connu pour abriter des geishas (hanamachi). L'architecture japonaise traditionnelle est particulièrement bien représentée et préservée dans ce quartier. Le nom Ponto-chō viendrait probablement du mélange entre le mot anglais point (qui signifie point) ou du mot portugais ponto (qui signifie point aussi) et du japonais chō qui signifie quartier.,Wikipédia (CC BY-SA),,https://commons.wikimedia.org/wiki/Special:FilePath/20111023_Gion1.jpg?width=1280,Rainer Haeßner – CC BY-SA 3.0 (Wikimedia Commons),https://fr.wikipedia.org/wiki/Ponto-ch%C5%8D
lieu,f9e928f8-1ea7-5e7c-aa5f-a623967ee748,Yutoku Inari-jinja,1855 Furueda,,Kashima,JPN,1,2026,33.07426600000008,130.10881400000005,Monument religieux,"Le Yūtoku Inari-jinja est un sanctuaire shinto situé dans la ville de Kashima, préfecture de Saga. C'est un des plus fameux sanctuaires Inari au Japon.",Wikipédia (CC BY-SA),,https://commons.wikimedia.org/wiki/Special:FilePath/%E7%A5%90%E5%BE%B3%E7%A8%B2%E8%8D%B7%E7%A5%9E%E7%A4%BE_%E6%A5%BC%E9%96%80.JPG?width=1280,JNN360 – CC BY-SA 4.0 (Wikimedia Commons),https://fr.wikipedia.org/wiki/Y%C5%ABtoku_Inari-jinja
lieu,60597756-1d66-5051-893a-935b61b9a3de,Château d’Odawara,Kanagawa 250-0014,,Odawara,JPN,1,2026,35.25105300000007,139.15343700000005,Monument religieux,"Le château d'Odawara est un château japonais situé dans la ville d'Odawara, préfecture de Kanagawa au Japon.",Wikipédia (CC BY-SA),,https://commons.wikimedia.org/wiki/Special:FilePath/161223_Odawara_Castle_Odawara_Japan01s3.jpg?width=1280,663highland – CC BY 2.5 (Wikimedia Commons),https://fr.wikipedia.org/wiki/Ch%C3%A2teau_d%27Odawara
lieu,a9df6c12-35dc-5eff-b0de-262d111ae05b,Mitsui Memorial Museum,2-1-1 Nihonbashi Muromachi - Chuo-ku,,Tokyo,JPN,1,2026,35.68615550000004,139.7724799,Musée,"Musée des collections de la famille Mitsui accumulées en 400 ans : kimonos, ustensiles de thé et trésors nationaux.",Reformulation,,https://thumb.wikimedia.org/wikipedia/commons/thumb/c/cd/Mitsui_Memorial_Museum_entrance_2026-07-19.jpg/1280px-Mitsui_Memorial_Museum_entrance_2026-07-19.jpg?utm_source=commons.wikimedia.org&utm_campaign=imageinfo&utm_content=thumbnail,Asanagi – CC0 (Wikimedia Commons),
lieu,2ea6c371-6052-573d-8f46-99876f11dd1b,Shimogamo-jinja,,604 8571,Kyoto,JPN,1,2026,35.039158497000074,135.77302136100002,Monument religieux,"Shimogamo-jinja, est le nom commun d'un important sanctuaire shinto dans le district Shimogamo de Kyoto, arrondissement de Sakyō. son nom formel est Kamo-mioya-jinja. C'est un des plus anciens sanctuaires shinto du Japon et un des dix-sept monuments historiques de l'ancienne Kyoto, désigné patrimoine mondial de l'UNESCO. Le terme « Kamo-jinja » en japonais est une référence générale au Shimogamo-jinja et au Kamigamo-jinja, les sanctuaires Kamo traditionnellement liés à Kyoto.",Wikipédia (CC BY-SA),,https://commons.wikimedia.org/wiki/Special:FilePath/Shimogamo_01.jpg?width=1280,Mochi at Japanese Wikipedia – CC BY-SA 3.0 (Wikimedia Commons),https://fr.wikipedia.org/wiki/Shimogamo-jinja_(Kyoto)
lieu,9426f663-badb-5226-b2b2-eb79ca6e760a,Hamarikyu-teien,1-1 Hamarikyu-teien - Chuo-ku,,Tokyo,JPN,1,2026,35.66003100000006,139.7632890000001,Parc ou jardin,"Le jardin Hama-rikyū est un jardin japonais de Tokyo, au Japon. Ce jardin de promenade (kaiyū-shiki) se trouve à proximité du quartier de Shiodome, dans l'arrondissement de Chūō, à l'embouchure de la Sumida dans la baie de Tokyo. Sa superficie est de 25 hectares, et il est bordé sur trois côtés par une douve remplie d'eau de mer.",Wikipédia (CC BY-SA),,https://commons.wikimedia.org/wiki/Special:FilePath/Hamarikyu_Garden_as_seen_from_Shiodome.jpg?width=1280,CC BY-SA 3.0 (Wikimedia Commons),https://fr.wikipedia.org/wiki/Jardin_Hama-riky%C5%AB
lieu,56f1b97c-175d-57c3-9607-39e79d3e895c,Shitamachi Museum,2-1 2-1 Ueno-koen - Taito-ku,,Tokyo,JPN,1,2026,35.67943660000003,139.80677070000002,Musée,"Reconstitution des intérieurs du Shitamachi, le Tokyo populaire d'avant 1923 : échoppes et maisons d'artisans.",Reformulation,,https://thumb.wikimedia.org/wikipedia/commons/thumb/4/4a/Tokyo_Ueno_Shitamachi_Museum.jpg/1280px-Tokyo_Ueno_Shitamachi_Museum.jpg?utm_source=commons.wikimedia.org&utm_campaign=imageinfo&utm_content=thumbnail,Tarourashima – Public domain (Wikimedia Commons),
lieu,1396e2f4-1c97-517f-bb40-914b7186dff0,Théâtre Uchiko-za,,795-0392,Uchiko,JPN,1,2026,33.55139271300004,132.65041417600003,Monument civil et militaire,"Théâtre de kabuki de 1916 parfaitement restauré, dont on visite la salle, les coulisses et la machinerie en bois.",Reformulation,,,,
lieu,341383aa-3f40-5c25-a5d3-dcf0f08b74d2,Musée de Hokkaido,Nopporo Forest Park,,Sapporo,JPN,1,2026,43.05312829200005,141.49665460500012,Musée,"Le musée de Hokkaidō est un musée situé dans l'arrondissement d'Atsubetsu à Sapporo, sur l'île de Hokkaidō au Japon. Il est consacré à l'histoire naturelle, humaine et culturelle de Hokkaidō.",Wikipédia (CC BY-SA),,https://commons.wikimedia.org/wiki/Special:FilePath/Hokkaido_Museum.JPG?width=1280,禁樹なずな – CC BY-SA 4.0 (Wikimedia Commons),https://fr.wikipedia.org/wiki/Mus%C3%A9e_de_Hokkaid%C5%8D
lieu,901c92e5-5f72-5bc5-85d9-af1bbdd4768a,Super Dry Hall,,,Tokyo,JPN,1,2026,35.70867843000008,139.80387842400012,Monument civil et militaire,"Bâtiment de la brasserie Asahi signé Philippe Starck, reconnaissable à sa flamme dorée sur fond noir.",Reformulation,,https://thumb.wikimedia.org/wikipedia/commons/thumb/d/d3/Super_Dry_Hall_as_seen_Azuma_Bridge_in_Tokyo_20090418_%283459551708%29.jpg/1280px-Super_Dry_Hall_as_seen_Azuma_Bridge_in_Tokyo_20090418_%283459551708%29.jpg?utm_source=commons.wikimedia.org&utm_campaign=imageinfo&utm_content=thumbnail,"Marufish from Alor Setar, Malaysia This photo was taken with Nikon D90 – CC BY-SA 2.0 (Wikimedia Commons)",
lieu,c28fdb53-d01b-55b8-a181-0bb40b1822f7,Cap Tamina (Tamina Point),,,,JPN,1,2026,27.40402851400006,128.53770047400008,Site naturel,"Cap de l'île Okinoerabu aux falaises calcaires vertigineuses, signalé par un phare blanc.",Reformulation,,,,
lieu,a9b567d5-d7ac-56da-a632-06015ffa89f7,Péninsule d'Oga,,,Monzen,JPN,1,2026,39.90902997100005,139.790101251,Site naturel,La péninsule d'Oga est un cap situé dans la partie ouest de la préfecture d'Akita. Elle donne sur la mer du Japon et dépend politiquement de la ville d'Oga.,Wikipédia (CC BY-SA),,https://commons.wikimedia.org/wiki/Special:FilePath/Oga_Peninsula_and_Hachirogata_Akita_Japan_SRTM.jpg?width=1280,user:っ – Public domain (Wikimedia Commons),https://fr.wikipedia.org/wiki/P%C3%A9ninsule_d%27Oga
lieu,3eb02227-27ed-5c91-a016-6c31ec66693c,Gorges de Kankakei,168 Kankakei-dormi Takase Otsu,761-4388,Shodoshima,JPN,1,2026,34.50833165900008,134.29637984500005,Site naturel,"La gorge de Kankakei est un lieu de beauté pittoresque de niveau national situé sur l'île de Shōdoshima dans la préfecture de Kagawa au Japon. La hauteur de la gorge, qui fait partie du parc national de Setonaikai, s'élève à 812 m. La zone est bien connue pour ses érables palmés.",Wikipédia (CC BY-SA),,https://commons.wikimedia.org/wiki/Special:FilePath/201211Kankakei_Shodoshima_Kagawa_pref_Japan08s3.jpg?width=1280,663highland – CC BY 2.5 (Wikimedia Commons),https://fr.wikipedia.org/wiki/Kankakei
lieu,516ce64a-21ba-58e7-ae13-b845af2d3ec1,Baie de Matsushima,,,Matsushima,JPN,1,2026,38.362554955000064,141.06259527600002,Site naturel,Matsu-shima est un des plus célèbres archipels du Japon.,Wikipédia (CC BY-SA),,https://commons.wikimedia.org/wiki/Special:FilePath/MatsushimaModified.jpg?width=1280,Public domain (Wikimedia Commons),https://fr.wikipedia.org/wiki/Matsu-shima
lieu,7e29076d-8d4d-5d7b-a586-317902625903,Palais impérial de Kyoto,,604 8571,Kyoto,JPN,1,2026,35.02543529800005,135.76213463400006,Monument civil et militaire,"Le Kyōto-gosho est le palais impérial de Kyoto au Japon, qui servit de résidence officielle à l'empereur de 794 jusqu'en 1868. Cette année-là, Tokyo (ancienne Edo) devint la nouvelle capitale japonaise et la cour impériale migra alors vers le château d'Edo (ancien siège des shoguns) qui fut rebaptisé Kōkyo, afin d'en faire la nouvelle résidence de l'empereur. Depuis le Kyōto-gosho n'est plus qu'une résidence secondaire de la famille impériale.",Wikipédia (CC BY-SA),,https://commons.wikimedia.org/wiki/Special:FilePath/Kyotopalace.jpg?width=1280,moja – CC BY-SA 3.0 (Wikimedia Commons),https://fr.wikipedia.org/wiki/Ky%C5%8Dto-gosho
lieu,8e1eae79-7294-56e2-b0e6-9666c6a67ba8,Nesugata-yama,Face à la gare Izukyu Shimoda,,Shimoda,JPN,1,2026,34.67888204700006,138.94560051300004,Site naturel,"Mont de 200 m au profil de femme allongée, accessible en téléphérique, avec un panorama sur Shimoda et sa baie.",Reformulation,,,,
lieu,e58ee183-1421-5ff4-af9b-a9e574936269,Ponts Oku Iya Kazura-bashi,,5203045,Takano,JPN,1,2026,33.853474093000045,134.04574417900005,Monument civil et militaire,"Deux ponts de lianes au pied du mont Tsurugi, surnommés « le mari » et « la femme ».",Reformulation,,,,
lieu,0ff15eed-6af3-5219-bd25-a3ee20e08136,Plage Minata,,,,JPN,1,2026,27.05340078200004,128.4506997850001,Site naturel,"Plage abritée de l'île Yoron, adossée à un petit port de pêche aux bateaux colorés.",Reformulation,,,,
lieu,6442543a-bb2e-593b-a2f8-ca805c4ef0eb,Plage d'Aze,,,,JPN,1,2026,27.847797978000074,128.9709308130001,Site naturel,"Plage de 1,5 km de sable blanc au bord d'une côte boisée, protégée par une barrière de corail.",Reformulation,,,,
lieu,bff14b48-055d-5159-b407-bdf949bb7554,Quartier de Nagamachi,,,Kanazawa,JPN,1,2026,36.564972831000034,136.64934776000007,Ville et village,"Ancien quartier des samouraïs de Kanazawa, aux ruelles pavées bordées de murs en torchis et de canaux.",Reformulation,,,,
lieu,dd3a34c0-9949-5dc4-89c4-c70dc9e8798c,Musée du Jouet (Gangukan),"1-4-16 Chuo, Kurashiki-shi",,Okayama,JPN,1,2026,34.59503428000005,133.7716190100001,Musée,"Musée coloré de 5 000 jouets traditionnels de toutes les régions du Japon : poupées, automates, cerfs-volants.",Reformulation,,,,
lieu,19edcacf-d8fa-5441-9b5b-c5a825812865,Sanctuaire Shingu Kumano,2258 Keitokumachi Shingu Kumano,966-0923,Kitakata,JPN,1,2026,37.61917361900004,139.83069767900008,Monument religieux,"Sanctuaire shinto fondé au XIe siècle, célèbre pour son Nagatoko, vaste hall de prière à 44 colonnes sous un toit de chaume.",Reformulation,,,,
lieu,61d9d5cc-26c6-5ecf-8666-bba18709ea54,Petit train des gorges de la Kurobe,,,Kurobe-Unazuki Onsen,JPN,1,2026,36.81490519600004,137.58591130800005,Monument civil et militaire,"Petit train qui remonte sur 20 km les gorges de la Kurobe, entre ponts et falaises, d'Unazuki Onsen à Keyakidaira.",Reformulation,,,,
lieu,782db9ff-b2c3-5ac1-b78b-25ba4d887329,Rue Yokaichi,Yokaichi,,Uchiko,JPN,1,2026,33.557233488000065,132.65362366400007,Monument civil et militaire,"Grand-rue d'un kilomètre bordée de maisons d'Edo, d'anciens fabricants de bougies végétales et d'une brasserie de saké.",Reformulation,,,,
